trip_distance,demand_level,supply_level,traffic_density,is_peak_hour,is_raining,final_price
9.99,107.0,1,2.4,1,0,684.08
23.82,76.0,16,1.19,0,0,592.8
18.57,61.0,36,1.25,0,0,371.04
15.37,79.0,55,1.36,0,0,297.83
4.74,88.0,42,1.41,0,0,153.39
4.74,42.0,5,2.28,1,0,274.61
2.39,56.0,26,2.31,1,1,187.57
21.79,95.0,49,1.91,0,0,468.12
15.43,105.0,9,2.82,1,0,714.52
17.99,66.0,58,1.62,0,0,373.56
1.49,89.0,10,2.81,0,0,141.71
24.28,31.0,30,2.11,0,1,641.14
20.98,20.0,12,2.57,0,0,446.65
6.1,45.0,12,2.85,0,0,252.81
5.36,62.0,42,1.33,0,0,140.43
5.4,115.0,2,2.66,1,0,429.21
8.3,79.0,11,2.67,1,0,345.69
13.59,74.0,33,2.51,1,0,419.11
11.37,52.0,23,1.02,0,0,282.32
7.99,54.0,7,2.63,0,0,332.6
15.68,50.0,45,1.22,0,0,315.49
4.35,73.0,53,2.99,0,1,213.65
8.01,24.0,13,2.55,0,0,222.97
9.79,53.0,57,2.16,0,0,262.29
11.95,51.0,50,1.31,0,0,250.47
19.84,68.0,37,2.03,0,0,437.22
5.79,94.0,36,1.52,0,0,178.12
13.34,13.0,36,1.5,0,0,241.95
15.22,80.0,10,2.66,0,0,516.93
2.11,38.0,53,1.76,0,0,120.8
15.58,80.0,43,2.7,1,0,456.66
5.09,15.0,57,2.69,0,1,221.92
2.56,78.0,23,1.98,1,0,143.24
23.77,90.0,41,2.19,0,1,663.67
24.18,75.0,21,2.16,0,1,746.54
20.4,120.0,44,2.65,1,0,576.62
8.31,36.0,23,2.66,0,0,232.68
3.34,16.0,35,2.89,0,0,124.51
17.42,50.0,13,2.73,1,0,550.12
11.56,99.0,27,1.91,0,0,331.83
3.93,41.0,54,2.0,0,0,99.26
12.88,126.0,41,3.25,1,0,436.13
1.83,90.0,29,3.14,1,0,165.69
22.82,49.0,18,1.45,0,0,471.59
7.21,16.0,5,1.13,0,0,182.92
16.9,40.0,43,,1,0,477.37
8.48,34.0,37,1.52,0,0,238.97
13.48,15.0,53,2.28,0,0,278.31
14.12,25.0,40,2.66,0,0,305.02
5.44,54.0,1,2.4,1,0,447.92
24.27,31.0,24,2.27,0,0,483.81
19.6,57.0,16,2.02,1,0,579.03
23.55,59.0,39,2.94,0,1,685.17
22.48,81.0,7,,0,0,794.88
15.35,49.0,6,2.68,1,0,610.67
23.12,88.0,37,2.87,1,0,674.71
3.12,79.0,41,2.58,0,0,156.99
5.7,19.0,17,1.24,0,0,166.45
2.09,78.0,6,2.68,1,1,307.28
8.81,67.0,6,1.6,0,0,384.37
10.33,80.0,24,1.62,0,0,286.67
7.51,51.0,5,2.56,0,1,408.0
20.89,84.0,35,1.81,1,0,593.9
9.56,67.0,29,3.3,1,0,323.49
7.74,128.0,18,3.42,1,0,384.65
14.02,82.0,56,2.8,0,0,312.67
4.38,14.0,42,2.25,0,1,157.58
20.25,66.0,30,1.67,0,0,416.84
2.79,89.0,15,1.85,0,0,147.92
24.69,38.0,56,2.94,0,0,488.2
19.53,64.0,56,2.76,0,0,401.33
5.77,32.0,47,1.93,0,0,180.97
1.13,66.0,19,2.89,0,0,106.66
20.57,27.0,10,2.65,0,0,455.16
17.96,65.0,34,3.6,1,0,557.87
18.5,14.0,13,2.37,0,0,365.3
19.51,17.0,54,2.72,0,0,389.14
2.78,28.0,10,2.78,0,0,142.79
9.6,67.0,11,1.98,1,0,368.88
3.78,77.0,27,2.93,0,0,152.9
21.71,93.0,35,1.67,0,0,470.67
15.96,59.0,20,1.88,0,0,367.11
8.94,95.0,55,2.58,0,0,223.47
2.53,115.0,16,3.13,1,1,248.74
8.46,74.0,20,2.79,0,0,258.84
8.8,17.0,49,1.8,0,0,194.19
18.51,69.0,16,1.75,0,0,439.03
16.3,67.0,13,1.06,0,0,436.36
22.29,36.0,10,1.93,0,0,513.3
12.33,94.0,8,2.45,0,1,633.92
3.87,72.0,32,2.4,1,0,173.79
18.12,85.0,11,2.73,1,0,711.9
19.26,76.0,4,2.24,1,0,976.18
14.47,78.0,44,2.55,0,0,355.31
19.5,24.0,39,1.12,0,1,504.91
12.85,76.0,51,2.41,0,0,295.74
13.55,37.0,25,1.76,0,0,280.24
11.26,72.0,57,1.08,0,0,237.35
1.61,42.0,13,3.51,1,0,136.04
3.59,61.0,31,,0,0,121.32
1.75,83.0,5,3.0,1,0,260.91
16.27,69.0,10,2.46,0,0,527.69
8.54,67.0,45,,0,0,190.02
13.21,23.0,47,2.46,0,0,280.45
22.78,15.0,32,2.52,0,0,452.47
6.98,28.0,7,2.18,0,0,206.08
10.85,101.0,35,2.53,1,0,354.76
19.13,44.0,39,2.29,1,1,647.14
6.49,58.0,28,2.81,0,0,243.34
2.85,60.0,41,2.94,0,0,126.9
7.95,65.0,7,2.52,1,0,394.54
4.87,95.0,9,2.02,1,0,338.87
23.31,27.0,13,,0,0,469.22
20.39,84.0,33,3.14,1,0,618.66
16.2,91.0,39,1.35,0,0,368.05
21.92,18.0,49,2.56,0,1,590.24
20.29,99.0,22,2.85,0,0,552.44
5.48,11.0,47,2.93,0,0,168.56
22.42,51.0,57,1.02,0,0,363.88
13.94,79.0,7,2.92,0,0,547.54
20.38,93.0,32,2.48,0,1,661.05
22.51,111.0,10,1.97,1,0,920.78
8.63,107.0,36,2.63,1,0,312.14
3.64,98.0,45,2.4,0,0,143.83
6.47,40.0,51,2.91,0,0,164.3
11.25,28.0,47,1.33,0,0,262.42
20.63,80.0,27,1.26,0,0,476.74
21.66,56.0,36,,0,0,429.29
1.17,46.0,14,2.94,0,0,95.41
13.26,90.0,42,2.94,0,1,456.35
11.02,28.0,42,,0,0,214.22
6.33,98.0,17,1.64,0,0,259.81
3.88,64.0,9,3.62,1,0,263.48
9.1,62.0,32,2.47,0,0,233.57
23.63,84.0,17,2.94,0,0,654.52
8.76,13.0,39,2.79,0,0,209.01
13.45,55.0,6,1.43,0,0,469.8
17.87,40.0,5,2.52,0,0,517.21
9.73,75.0,35,1.9,1,0,323.81
24.32,13.0,36,2.64,0,0,447.18
24.1,41.0,24,3.0,1,1,831.66
7.04,48.0,26,2.91,0,0,210.35
12.93,53.0,8,2.92,0,0,432.56
8.22,99.0,57,1.1,0,0,211.8
7.84,28.0,50,1.32,0,0,170.3
1.89,50.0,28,1.97,0,0,82.0
15.63,77.0,8,3.56,1,0,686.12
13.06,83.0,21,2.63,0,0,403.18
2.24,,18,2.93,0,0,111.1
7.69,74.0,34,3.04,1,1,334.26
22.8,20.0,43,1.51,0,0,387.89
6.75,68.0,45,1.05,0,0,155.7
4.48,87.0,56,1.45,0,0,165.45
12.75,79.0,31,2.35,0,0,324.59
24.66,,25,2.85,0,0,536.05
6.81,98.0,44,1.64,0,0,173.55
17.13,96.0,39,2.75,0,0,395.01
19.28,14.0,30,1.79,0,0,360.29
6.7,35.0,35,1.62,0,0,162.67
18.48,91.0,37,2.02,0,0,386.34
9.83,,53,1.88,0,0,225.61
16.18,86.0,5,3.63,1,1,989.3
16.2,65.0,20,1.94,0,1,484.49
13.86,124.0,1,2.35,1,0,852.33
3.17,99.0,38,2.69,0,1,202.12
21.05,59.0,45,3.0,0,0,452.34
8.7,,36,2.3,0,0,241.64
5.48,97.0,15,2.3,1,0,306.38
1.98,37.0,33,1.48,0,1,140.14
15.18,118.0,5,1.92,1,0,943.95
17.26,94.0,1,1.95,1,0,1023.56
1.4,67.0,31,2.83,0,1,158.56
13.29,49.0,32,1.19,0,1,390.02
6.44,67.0,35,1.97,0,0,186.8
16.48,81.0,54,2.4,0,0,365.26
5.18,55.0,15,2.7,0,0,183.32
17.58,113.0,7,2.14,1,0,913.18
10.28,54.0,47,1.88,0,0,205.75
23.48,19.0,10,1.5,0,0,460.12
4.3,91.0,31,1.51,0,0,173.82
9.19,87.0,24,2.41,1,0,345.64
3.72,71.0,57,2.17,0,1,167.77
23.19,67.0,42,1.83,1,0,592.88
22.06,59.0,13,2.62,1,0,710.28
7.19,97.0,18,1.37,0,0,257.44
16.84,79.0,13,2.93,0,0,533.75
20.61,50.0,59,2.17,0,0,391.77
14.32,15.0,49,2.74,0,0,282.41
13.71,50.0,22,2.19,1,1,522.03
6.8,39.0,32,2.62,0,0,189.92
3.23,12.0,50,1.83,0,0,117.4
22.53,81.0,29,1.36,0,0,489.03
22.61,42.0,30,2.52,0,0,464.32
16.19,63.0,8,2.52,0,0,531.62
9.14,56.0,7,2.99,0,1,445.08
9.38,122.0,28,3.36,1,0,399.75
18.42,19.0,25,1.29,0,0,336.27
22.53,28.0,21,1.65,0,1,575.61
22.29,48.0,32,2.7,1,1,774.67
19.72,46.0,28,2.05,1,0,530.2
16.41,70.0,48,2.58,0,0,376.16
3.02,23.0,16,2.05,0,0,127.22
4.88,11.0,29,2.89,0,0,129.85
22.57,31.0,25,2.18,0,0,449.42
15.55,99.0,12,2.85,1,0,660.49
1.22,54.0,40,1.14,0,0,104.3
3.44,59.0,1,2.1,1,0,380.83
16.92,35.0,24,2.7,0,0,364.93
1.12,68.0,57,2.98,0,0,98.48
4.86,77.0,24,1.83,0,0,184.66
14.17,48.0,36,2.62,0,1,400.1
17.61,32.0,35,2.26,0,0,351.62
16.65,89.0,24,2.92,0,0,460.05
6.38,34.0,55,1.48,0,0,149.08
18.09,112.0,24,2.89,1,0,642.99
6.69,,7,1.82,0,1,374.49
8.81,50.0,14,2.88,1,0,339.75
18.92,34.0,12,1.54,0,0,399.73
16.59,70.0,15,2.8,1,0,571.76
21.38,85.0,42,3.05,1,0,615.69
16.78,36.0,27,1.16,0,0,343.03
14.64,102.0,48,3.29,1,0,461.3
3.25,56.0,5,2.41,0,0,221.37
9.83,53.0,1,3.56,1,0,682.3
7.36,32.0,14,1.85,0,0,223.38
6.86,25.0,41,1.12,0,0,148.11
24.35,29.0,34,1.92,0,0,493.71
10.43,12.0,55,1.28,0,0,192.32
22.41,15.0,48,2.29,0,0,423.7
16.15,68.0,18,1.89,1,0,519.53
20.08,43.0,26,2.55,1,0,523.03
13.06,74.0,54,1.17,0,0,268.86
14.85,47.0,24,1.81,1,1,541.7
12.82,87.0,32,3.72,1,0,440.7
5.69,93.0,59,2.99,0,0,193.79
18.34,25.0,18,2.11,0,0,344.38
7.74,56.0,59,1.48,0,1,225.24
1.58,70.0,1,3.62,1,0,277.78
16.49,68.0,19,3.65,1,0,553.28
5.25,85.0,49,2.71,0,0,165.63
23.57,77.0,11,2.09,0,1,882.04
23.89,82.0,11,1.95,1,0,850.45
22.96,73.0,35,1.98,1,1,772.95
9.88,45.0,21,3.59,1,0,379.37
1.37,58.0,42,2.75,0,0,77.19
23.28,69.0,42,1.87,0,0,472.34
11.28,60.0,27,1.66,0,1,375.84
24.2,18.0,36,2.29,0,0,441.24
24.13,44.0,1,3.41,1,0,1344.32
21.47,73.0,15,2.46,0,0,570.76
8.07,55.0,28,3.03,1,0,280.25
10.24,68.0,56,1.46,0,0,217.34
21.43,95.0,41,2.33,1,0,589.48
8.61,74.0,38,2.45,0,1,315.11
5.07,93.0,11,2.61,0,0,235.5
14.36,44.0,14,1.23,0,0,319.83
23.47,19.0,29,1.37,0,0,378.79
17.7,128.0,1,3.16,1,0,1042.71
14.68,56.0,53,1.78,0,0,314.24
3.33,44.0,34,2.13,0,0,114.93
15.76,101.0,11,3.03,1,0,689.31
24.76,72.0,23,3.35,1,0,750.19
4.36,24.0,22,2.61,0,0,172.89
13.44,124.0,40,2.36,1,0,431.54
22.06,44.0,39,2.08,0,0,452.87
18.78,19.0,21,1.25,0,1,486.27
17.73,89.0,51,2.68,0,0,404.41
17.86,29.0,26,2.69,0,0,379.98
9.63,,55,1.6,0,0,228.81
8.05,17.0,29,1.32,0,1,278.77
20.42,22.0,24,1.14,0,0,367.18
20.44,127.0,10,2.95,1,0,967.8
21.81,85.0,29,1.18,0,0,454.84
22.92,98.0,9,3.16,1,1,1153.14
13.27,120.0,31,3.16,1,0,501.53
13.04,56.0,19,2.23,0,0,353.34
20.16,69.0,19,2.75,0,1,666.67
16.6,50.0,22,1.76,0,0,347.3
17.85,91.0,31,3.6,1,0,570.18
20.1,85.0,5,1.07,0,0,835.44
22.36,63.0,37,1.23,0,0,424.44
9.11,75.0,1,2.62,1,0,629.74
10.01,86.0,53,2.19,0,0,256.15
3.26,78.0,26,1.06,0,1,196.67
14.88,22.0,58,2.13,0,0,297.17
1.86,111.0,15,2.41,1,1,232.28
12.17,50.0,40,3.57,1,0,400.69
14.02,17.0,45,2.07,0,0,266.17
7.88,40.0,31,2.18,0,0,188.81
15.18,101.0,1,3.69,1,0,941.05
1.73,51.0,45,3.33,1,1,176.62
1.9,50.0,29,2.68,1,0,142.05
20.74,26.0,5,1.95,0,0,507.02
9.64,66.0,1,3.1,1,1,681.04
4.05,86.0,59,1.4,0,0,143.46
13.53,22.0,28,1.18,0,0,286.16
19.48,125.0,40,2.42,1,0,583.35
6.18,53.0,33,2.56,0,0,196.6
15.95,97.0,16,2.31,1,0,585.36
3.05,97.0,27,1.26,0,1,166.27
2.24,69.0,15,2.24,1,0,159.91
13.75,22.0,18,2.36,0,0,304.89
13.98,17.0,12,2.23,0,0,294.87
16.3,78.0,20,2.38,0,0,426.74
18.43,73.0,39,1.64,0,0,399.38
24.42,91.0,18,3.6,1,0,852.87
13.39,15.0,30,1.9,0,1,361.15
8.75,80.0,11,2.03,0,0,362.86
20.08,63.0,29,2.9,0,0,478.04
7.5,61.0,32,3.76,1,0,244.04
11.54,72.0,49,2.32,0,0,277.63
2.88,88.0,30,2.89,0,0,162.26
1.61,46.0,30,2.08,0,0,85.87
24.1,95.0,24,2.41,1,0,756.0
21.06,50.0,6,1.63,0,0,670.06
17.7,69.0,47,2.12,0,0,367.64
10.81,59.0,47,3.01,1,1,431.29
5.16,78.0,13,1.88,0,0,190.55
4.75,54.0,43,2.77,0,0,162.17
7.01,97.0,38,2.65,1,0,290.67
14.18,85.0,15,1.55,0,0,440.48
18.15,46.0,19,1.02,0,0,352.42
16.84,48.0,16,2.94,0,0,447.21
7.72,42.0,29,3.45,1,0,285.41
23.92,86.0,54,2.23,0,0,499.32
18.71,84.0,44,2.66,0,0,434.72
14.3,83.0,51,2.62,0,0,332.4
15.68,112.0,10,3.66,1,1,868.27
11.07,47.0,53,1.77,0,0,266.76
6.95,55.0,36,2.11,0,1,231.86
9.54,58.0,22,1.2,0,0,267.77
19.19,43.0,57,2.93,0,0,414.75
1.35,65.0,39,3.77,1,0,122.57
3.79,11.0,25,2.58,0,0,95.6
2.1,95.0,10,2.71,1,0,214.7
1.98,16.0,11,1.99,0,0,103.93
21.53,75.0,1,2.67,1,0,1215.82
17.89,49.0,48,1.59,0,0,310.46
12.38,87.0,45,2.06,0,0,286.33
3.35,65.0,27,1.91,1,1,192.64
12.8,123.0,25,3.78,1,0,495.83
12.36,84.0,25,1.85,0,1,423.28
5.16,99.0,7,2.85,0,0,333.98
11.41,,14,2.45,0,0,367.06
10.56,55.0,5,2.38,1,0,513.95
15.78,84.0,26,1.44,0,0,361.99
16.24,18.0,21,2.99,0,0,352.71
2.09,31.0,54,2.54,0,1,135.52
9.99,44.0,19,2.3,1,0,348.58
16.02,93.0,45,1.13,0,1,457.87
13.08,52.0,32,2.39,0,0,317.72
21.56,39.0,54,1.61,0,0,393.04
16.81,83.0,24,1.44,0,1,529.74
4.91,41.0,34,2.47,0,0,135.43
2.69,127.0,25,3.16,1,0,184.19
16.42,56.0,7,2.76,1,0,641.7
1.64,76.0,14,2.89,0,0,136.99
15.06,65.0,45,3.16,1,0,451.36
23.57,21.0,37,2.79,0,0,470.87
14.81,46.0,45,1.38,0,1,431.18
10.32,81.0,14,2.39,1,1,509.96
16.44,66.0,52,1.21,0,0,299.98
12.0,21.0,18,1.61,0,1,339.7
14.09,85.0,2,3.74,1,1,861.73
23.6,36.0,12,2.93,0,1,697.98
10.27,117.0,32,3.32,1,0,421.79
24.07,46.0,22,2.84,1,1,809.32
22.73,47.0,14,2.56,0,0,527.37
5.7,57.0,44,2.11,0,0,153.0
2.66,51.0,18,1.01,0,0,135.93
3.42,36.0,55,2.0,0,0,128.97
1.44,19.0,18,2.2,0,0,65.41
3.27,81.0,1,2.33,1,0,341.54
17.39,67.0,38,1.41,0,0,356.65
2.71,50.0,21,1.55,0,0,102.65
8.66,18.0,25,2.25,0,0,214.88
21.28,55.0,43,1.29,0,0,362.66
1.56,121.0,22,3.24,1,0,182.8
20.55,63.0,42,1.85,0,1,572.08
7.76,98.0,9,2.51,1,0,434.96
3.84,22.0,40,2.61,0,0,123.46
17.72,95.0,40,2.01,0,0,429.6
16.09,25.0,13,1.76,0,0,321.07
22.06,54.0,48,2.76,0,0,427.64
18.64,41.0,39,1.74,0,0,398.23
20.28,49.0,49,2.72,0,0,415.93
7.77,129.0,12,,1,0,456.28
5.26,53.0,58,1.42,0,0,130.78
19.01,122.0,11,3.03,1,0,856.21
20.36,56.0,22,1.57,0,0,475.14
24.77,79.0,8,1.29,0,0,811.7
10.9,69.0,52,1.17,0,0,247.2
9.93,44.0,24,1.48,0,0,234.81
19.63,114.0,7,3.27,1,0,1024.25
9.18,69.0,15,2.68,0,1,396.09
23.34,46.0,55,2.72,0,1,618.29
21.6,31.0,47,1.54,0,0,380.15
11.3,22.0,37,2.32,0,0,240.23
19.02,55.0,22,2.26,1,0,549.84
19.11,99.0,12,2.25,0,0,626.46
3.47,125.0,37,3.57,1,0,191.05
22.66,69.0,24,1.08,0,0,476.05
13.13,81.0,12,3.77,1,1,642.23
20.83,52.0,1,3.45,1,0,1157.74
8.68,96.0,48,2.52,0,0,261.21
22.49,72.0,37,2.38,0,0,488.28
10.34,71.0,45,3.34,1,0,331.53
1.26,32.0,15,2.99,0,1,152.69
22.73,82.0,47,,1,1,777.12
3.19,41.0,59,1.7,0,0,120.92
8.66,37.0,34,2.23,0,1,286.24
23.8,72.0,29,2.47,1,0,665.23
23.81,35.0,49,2.94,0,0,461.52
14.76,90.0,24,2.8,0,0,424.04
16.16,51.0,41,,0,0,335.09
11.76,38.0,14,2.56,0,0,308.67
8.04,41.0,24,3.62,1,0,319.3
8.89,73.0,12,2.29,1,0,380.29
17.14,77.0,19,2.96,1,1,696.8
19.06,21.0,36,1.96,0,0,357.41
20.0,61.0,43,2.54,0,0,432.77
19.95,60.0,28,2.56,1,0,550.29
3.19,49.0,48,2.42,0,0,135.74
12.87,76.0,58,1.81,0,1,375.8
2.38,88.0,33,2.02,1,0,162.67
14.19,35.0,35,1.21,0,0,284.81
11.6,,32,1.24,0,1,355.66
22.3,71.0,30,1.07,0,0,465.54
9.42,78.0,48,2.07,0,0,245.57
3.81,70.0,8,2.34,0,0,205.96
4.43,123.0,37,2.05,1,0,201.52
19.28,55.0,24,2.22,0,0,447.89
15.84,81.0,12,2.2,0,0,507.57
3.43,68.0,1,2.09,1,0,350.43
3.02,59.0,54,1.81,0,0,118.63
17.82,11.0,54,2.51,0,1,453.18
2.75,73.0,31,1.03,0,1,161.19
20.72,105.0,28,2.09,1,0,617.34
17.95,52.0,59,2.99,0,0,350.13
2.95,96.0,40,2.47,0,0,135.6
3.04,19.0,25,,0,0,142.22
24.68,62.0,12,2.26,0,0,650.17
9.98,92.0,27,2.69,0,0,290.75
9.9,37.0,47,2.68,0,0,241.63
20.51,11.0,12,1.65,0,0,398.65
23.73,38.0,9,1.98,0,0,579.31
24.66,61.0,44,2.28,0,0,506.72
19.08,23.0,5,1.14,0,0,453.28
10.03,37.0,25,2.89,0,0,268.71
3.0,40.0,38,2.67,1,0,153.81
19.65,98.0,37,2.54,1,1,741.18
14.4,83.0,4,3.61,1,0,862.97
11.18,89.0,6,1.24,0,0,488.65
22.75,94.0,25,1.08,0,0,536.5
3.67,87.0,17,2.37,0,0,205.89
12.82,52.0,48,1.77,0,0,278.93
1.27,26.0,54,2.53,0,1,112.79
12.25,63.0,58,1.14,0,1,379.27
2.35,24.0,32,1.77,0,0,101.17
3.85,57.0,34,1.47,0,0,128.1
3.82,55.0,22,2.48,0,0,157.5
16.58,58.0,46,1.45,0,0,345.25
18.91,45.0,6,1.92,0,0,557.01
15.0,23.0,23,2.64,0,0,322.55
24.09,42.0,15,3.63,1,0,737.73
10.0,15.0,30,2.45,0,0,217.47
7.86,31.0,50,1.86,0,0,189.85
21.85,61.0,19,2.94,1,0,658.43
6.37,45.0,23,2.38,0,0,195.89
24.12,80.0,29,2.75,0,0,538.49
1.29,59.0,45,2.78,0,0,80.6
24.28,85.0,24,2.86,0,0,592.23
2.04,89.0,10,2.62,0,0,182.52
22.39,78.0,22,1.29,0,0,526.46
13.66,44.0,53,2.5,0,0,291.3
24.83,48.0,12,3.43,1,0,763.06
2.77,38.0,24,2.76,0,0,150.85
14.29,36.0,43,2.85,0,0,312.66
24.26,66.0,38,2.02,0,0,511.78
13.55,83.0,14,2.31,0,0,445.21
16.11,128.0,27,1.82,1,0,525.91
17.7,68.0,55,2.15,0,0,356.75
11.91,81.0,49,2.75,1,0,393.62
16.06,62.0,23,2.92,0,0,404.28
15.02,77.0,1,3.6,1,0,925.43
22.63,98.0,51,2.6,0,0,501.49
2.09,13.0,53,1.11,0,1,131.05
7.74,91.0,1,2.6,1,0,569.98
23.81,83.0,24,3.19,1,0,726.75
22.37,32.0,43,1.06,0,0,378.44
11.94,113.0,13,2.27,1,1,638.46
15.88,79.0,25,2.78,0,0,395.43
7.66,86.0,58,1.26,0,0,173.32
5.51,78.0,48,1.1,0,0,151.22
12.13,,8,2.96,1,0,612.99
9.48,43.0,25,3.69,1,0,335.1
15.01,12.0,25,2.67,0,1,453.92
2.87,32.0,21,2.95,0,1,178.77
24.39,46.0,57,2.51,0,0,465.54
24.67,27.0,55,1.87,0,0,395.69
17.76,14.0,28,2.89,0,0,357.32
13.87,50.0,41,1.85,0,0,283.55
8.43,47.0,44,,0,0,214.27
20.53,56.0,45,1.9,0,0,393.35
17.43,91.0,38,2.63,0,0,401.96
4.9,111.0,41,3.64,1,0,243.98
22.86,21.0,24,1.72,0,0,413.69
20.74,39.0,20,1.92,0,0,432.91
23.8,95.0,53,2.8,0,0,505.66
18.42,15.0,46,1.09,0,0,325.08
15.72,70.0,16,2.57,0,0,426.39
11.04,81.0,45,1.91,0,0,269.31
23.39,103.0,18,2.55,1,0,776.53
21.79,78.0,17,1.89,0,0,551.44
2.09,20.0,38,1.84,0,0,104.35
1.63,71.0,31,2.51,0,0,119.03
10.04,26.0,42,2.86,0,0,227.53
20.45,116.0,15,2.78,1,0,807.25
24.69,59.0,47,3.47,1,1,845.45
4.61,35.0,7,2.46,0,0,197.52
15.26,68.0,53,1.66,0,0,304.23
10.14,64.0,8,2.97,1,0,444.46
24.28,27.0,47,2.33,0,0,443.75
21.21,68.0,32,1.85,1,1,720.47
21.12,106.0,48,2.59,1,0,598.1
12.25,44.0,41,2.99,0,0,293.35
10.96,54.0,35,3.07,1,0,348.15
7.56,90.0,36,2.47,1,0,277.95
2.35,,38,2.3,1,0,142.2
21.75,30.0,34,1.42,0,0,425.51
20.51,70.0,49,1.8,0,0,405.58
24.99,12.0,14,1.39,0,1,604.64
24.92,62.0,5,1.27,0,0,861.48
14.33,44.0,43,1.73,0,0,295.84
19.46,59.0,32,2.21,0,0,427.95
23.67,17.0,58,1.29,0,0,406.56
21.39,57.0,49,1.09,0,0,363.19
6.94,12.0,23,1.07,0,1,258.0
11.81,,34,1.53,0,0,279.97
4.1,114.0,14,2.18,1,0,275.5
23.9,11.0,56,2.08,0,0,416.58
15.55,42.0,24,1.91,0,0,333.48
6.49,111.0,17,2.45,1,0,328.93
17.12,21.0,35,2.67,0,0,336.73
15.84,28.0,36,2.01,0,0,315.6
9.6,57.0,41,1.98,1,0,276.54
3.73,89.0,46,2.39,1,1,213.78
17.12,94.0,30,2.95,0,1,594.87
13.49,61.0,8,3.75,1,0,579.13
19.54,69.0,1,2.31,1,0,1141.51
13.48,91.0,37,1.33,0,0,299.97
21.45,15.0,12,1.99,0,0,435.71
14.25,10.0,8,,0,0,277.3
14.46,18.0,17,1.82,0,0,277.99
22.04,61.0,39,2.06,0,0,436.07
10.68,119.0,23,2.26,1,0,416.43
4.22,38.0,29,1.23,0,0,135.27
1.69,71.0,38,2.14,0,0,107.33
19.12,38.0,15,2.87,0,0,442.21
15.89,14.0,42,1.28,0,1,411.84
17.9,92.0,33,2.41,0,0,478.66
6.11,31.0,49,1.88,0,0,119.6
4.27,58.0,26,1.59,0,0,141.31
1.35,47.0,48,3.51,1,0,107.84
9.41,91.0,38,1.91,0,0,234.43
15.16,87.0,50,2.17,0,0,327.57
10.41,77.0,15,1.89,0,0,301.64
11.5,49.0,32,1.16,0,0,237.49
22.7,33.0,59,2.19,0,0,422.05
9.36,85.0,12,1.84,0,0,349.47
13.34,52.0,18,1.97,1,0,391.55
19.81,59.0,14,2.19,0,0,535.39
10.52,54.0,19,1.02,0,0,230.77
15.93,,49,1.42,0,1,376.4
21.7,129.0,33,3.36,1,0,716.23
23.79,72.0,43,1.08,0,0,478.53
4.53,104.0,15,3.09,1,0,287.73
23.24,36.0,40,2.9,0,0,455.82
12.81,96.0,40,1.34,0,1,420.07
7.2,102.0,44,2.63,1,0,268.81
12.02,50.0,42,2.95,1,0,340.28
24.52,51.0,24,1.9,0,1,653.94
12.82,94.0,59,2.24,0,0,319.92
8.89,95.0,17,1.81,0,0,283.69
16.2,47.0,6,1.3,0,0,474.76
6.76,109.0,41,1.98,1,0,256.42
2.82,98.0,31,2.49,0,0,120.82
4.09,71.0,11,1.48,0,1,263.67
4.07,43.0,35,3.49,1,0,183.35
4.65,43.0,30,2.49,0,0,155.34
4.33,35.0,34,1.1,0,1,174.33
16.38,93.0,13,2.2,1,1,767.33
5.37,36.0,44,1.58,0,0,131.98
9.3,48.0,25,2.19,0,0,248.88
22.52,94.0,30,2.62,0,0,559.01
12.38,30.0,14,1.12,0,1,373.09
17.02,63.0,40,1.5,0,1,488.07
5.14,65.0,48,1.75,0,0,151.84
5.61,102.0,21,2.17,1,0,285.01
1.98,81.0,2,2.89,1,0,269.23
5.05,65.0,20,2.76,1,0,218.56
7.69,78.0,5,1.63,0,0,400.7
5.25,59.0,17,2.83,1,0,209.46
3.13,81.0,13,1.71,0,0,168.54
3.9,91.0,35,1.69,0,0,143.74
12.06,92.0,1,2.33,1,0,758.9
5.95,78.0,13,2.08,0,0,226.73
9.74,77.0,11,1.89,0,0,333.61
13.08,44.0,22,2.19,1,0,398.06
17.57,25.0,38,1.03,0,0,320.09
1.94,18.0,57,1.3,0,0,69.83
20.19,34.0,56,1.09,0,0,371.08
16.07,96.0,10,2.66,1,0,705.48
2.96,47.0,14,1.45,0,0,116.33
21.97,17.0,28,1.84,0,0,412.26
23.1,74.0,14,1.66,0,0,595.85
2.47,40.0,50,2.08,0,1,158.38
7.65,72.0,23,3.25,1,0,305.12
20.35,64.0,29,1.96,0,0,440.92
18.96,78.0,45,1.12,0,0,391.7
5.43,91.0,34,1.04,0,0,172.64
6.02,75.0,45,2.23,1,1,294.3
9.89,93.0,23,1.85,0,0,281.91
12.63,33.0,57,1.09,0,0,243.55
15.84,70.0,35,1.66,0,1,456.49
9.85,92.0,34,2.77,0,0,271.4
12.1,67.0,28,1.98,1,0,373.12
18.94,99.0,22,3.7,1,0,660.57
1.88,118.0,46,3.51,1,0,148.76
7.06,112.0,13,3.46,1,0,378.87
18.12,78.0,5,3.53,1,0,921.95
22.48,40.0,32,1.16,0,0,412.65
13.28,40.0,1,2.1,1,0,762.06
13.77,22.0,21,1.27,0,0,303.07
3.57,75.0,41,1.22,0,0,146.81
11.74,51.0,31,1.66,0,0,258.58
13.78,76.0,37,3.46,1,0,430.41
6.82,66.0,40,1.5,0,0,182.39
7.46,74.0,1,2.29,1,0,578.61
10.05,46.0,20,2.35,0,1,361.71
1.48,84.0,8,1.19,0,0,178.87
8.73,91.0,51,1.72,0,0,207.17
6.07,29.0,27,1.59,0,0,164.55
8.86,75.0,36,2.69,0,0,277.73
3.87,97.0,7,2.03,0,1,312.05
22.37,119.0,38,3.09,1,0,677.6
15.25,32.0,25,1.26,0,1,408.29
17.3,,28,2.86,0,0,434.22
19.94,66.0,19,1.64,0,0,450.51
12.96,59.0,15,2.41,0,0,355.76
3.09,47.0,7,2.91,0,0,188.22
13.89,56.0,23,2.02,0,0,327.79
15.08,39.0,47,2.02,0,0,304.33
18.89,77.0,12,1.23,0,0,545.45
11.36,82.0,45,2.58,1,0,364.1
4.06,66.0,28,3.5,1,0,212.09
7.81,91.0,38,1.27,0,0,219.63
9.71,73.0,48,,0,0,257.12
16.5,15.0,44,2.33,0,0,338.78
14.7,40.0,42,1.84,0,0,284.44
9.55,115.0,20,2.89,1,0,409.14
24.68,96.0,7,1.3,0,0,924.08
15.54,38.0,36,1.43,0,0,289.38
6.69,12.0,47,1.57,0,0,161.72
3.44,121.0,42,2.57,1,0,187.01
4.67,125.0,37,3.63,1,0,238.69
6.9,59.0,4,2.54,1,0,433.85
4.86,89.0,14,2.05,0,1,285.42
5.48,67.0,53,1.32,0,0,142.64
7.84,66.0,15,2.47,0,1,331.05
5.16,80.0,58,2.12,0,0,168.33
22.52,13.0,18,1.88,0,0,383.07
2.93,51.0,35,2.89,0,0,114.24
13.59,43.0,13,2.78,0,1,472.14
10.85,57.0,42,3.12,1,0,348.32
24.58,74.0,10,2.84,0,0,769.05
3.69,34.0,53,2.13,0,0,135.91
10.55,54.0,58,2.65,0,0,268.24
24.27,23.0,58,1.82,0,1,596.14
21.77,20.0,39,1.17,0,0,357.57
20.61,61.0,38,2.99,0,1,601.68
7.19,17.0,47,1.33,0,0,150.71
5.1,69.0,22,1.5,0,0,169.69
17.05,51.0,27,1.33,0,0,358.08
23.31,25.0,34,1.67,0,0,448.63
14.36,48.0,7,1.58,0,0,437.05
14.72,51.0,19,2.2,0,0,338.62
7.72,27.0,41,2.99,0,0,182.71
19.47,46.0,37,1.91,1,0,527.84
5.49,13.0,7,2.56,0,0,195.55
8.77,83.0,19,1.26,0,1,323.86
11.21,69.0,1,1.84,1,0,765.34
13.18,89.0,23,3.08,1,0,480.21
6.82,84.0,25,3.55,1,0,260.38
3.76,40.0,11,1.35,0,0,156.47
15.65,55.0,11,1.68,0,0,411.29
7.93,63.0,59,1.34,0,0,169.24
14.95,55.0,15,2.81,0,0,405.14
4.7,44.0,42,2.34,1,0,180.13
12.55,19.0,32,1.89,0,0,247.59
13.78,62.0,30,3.59,1,0,468.65
2.24,16.0,47,2.11,0,0,91.37
9.08,67.0,50,2.87,0,0,226.1
4.23,86.0,34,3.65,1,0,207.14
2.52,60.0,19,2.72,1,0,196.94
24.76,70.0,11,2.96,1,0,880.44
8.74,66.0,49,2.26,1,0,283.75
20.44,38.0,54,,0,1,568.94
7.11,19.0,42,1.56,0,0,149.61
17.36,111.0,15,3.37,1,0,740.04
19.25,18.0,56,1.63,0,1,476.74
15.3,,24,1.63,0,1,442.78
12.32,31.0,14,1.21,0,1,386.83
10.88,99.0,10,2.12,0,0,443.01
9.37,59.0,16,1.49,0,0,269.96
23.31,,11,2.1,1,0,831.16
20.93,75.0,49,1.45,0,1,574.13
24.16,72.0,37,1.5,0,0,487.19
3.98,58.0,30,2.81,1,1,231.48
18.54,25.0,52,1.77,0,0,344.49
23.52,43.0,13,1.95,1,0,680.37
5.35,58.0,9,2.07,0,0,230.1
2.6,77.0,39,3.38,1,0,146.12
18.79,16.0,46,2.15,0,0,327.73
14.79,64.0,33,2.95,0,0,357.37
21.2,53.0,31,2.0,1,0,545.04
4.35,115.0,42,3.44,1,0,233.52
20.09,94.0,34,2.01,0,0,452.38
5.84,73.0,1,2.84,1,0,490.25
4.93,30.0,16,2.04,0,0,146.34
4.94,75.0,9,2.45,1,0,301.35
20.55,72.0,9,1.65,0,0,634.71
16.96,51.0,42,2.26,0,0,369.51
13.55,58.0,15,1.09,0,0,347.38
9.61,80.0,24,2.18,0,0,273.84
22.05,94.0,33,2.45,0,0,523.26
10.42,19.0,18,1.71,0,1,299.26
20.6,30.0,30,1.43,0,0,403.41
11.54,89.0,38,1.43,0,0,271.08
10.05,72.0,14,1.16,0,1,389.28
12.1,128.0,21,1.98,1,1,564.58
8.23,86.0,48,1.33,0,0,218.01
18.94,89.0,35,1.84,1,0,546.4
13.07,66.0,35,2.33,1,0,414.53
6.57,17.0,29,1.61,0,0,146.34
22.59,69.0,4,3.79,1,0,1117.58
10.21,80.0,43,2.98,0,1,348.96
14.05,39.0,36,1.37,0,0,296.67
22.76,27.0,38,1.43,0,0,407.67
15.98,32.0,27,1.98,0,0,310.47
3.81,77.0,27,2.1,1,1,257.59
23.56,39.0,36,2.01,0,0,443.77
16.06,39.0,26,1.8,0,0,330.3
9.04,111.0,16,2.45,1,1,491.21
4.34,85.0,57,2.65,0,1,212.82
20.06,83.0,27,2.66,0,0,500.88
15.88,80.0,23,2.98,0,0,417.13
13.8,78.0,17,2.25,1,0,485.18
22.45,,16,3.58,1,0,733.11
19.93,78.0,34,2.08,0,1,586.41
4.64,94.0,23,2.18,0,0,200.23
8.48,61.0,26,2.79,0,1,300.8
6.96,88.0,5,2.89,0,0,436.12
18.85,52.0,28,3.25,1,0,542.27
1.8,16.0,30,1.7,0,0,82.63
14.68,97.0,8,1.98,0,1,711.0
19.3,107.0,42,3.03,1,0,573.92
22.04,99.0,39,3.46,1,0,664.47
9.21,92.0,16,2.32,0,0,320.87
20.71,55.0,32,1.73,0,0,400.09
3.66,44.0,41,1.84,0,0,115.91
21.31,38.0,7,1.1,0,0,548.73
4.06,43.0,32,2.85,0,0,136.19
10.53,17.0,33,1.18,0,0,204.92
20.14,105.0,14,2.96,1,0,795.53
4.6,43.0,1,3.54,1,0,447.17
6.5,75.0,41,1.84,0,0,157.98
18.33,66.0,5,2.6,0,0,716.99
18.28,43.0,40,3.41,1,0,523.52
16.39,124.0,41,1.92,1,1,631.63
17.65,112.0,30,2.62,1,0,560.37
14.03,,48,2.38,0,1,431.55
7.04,29.0,46,1.84,0,0,161.35
9.3,,12,2.89,1,0,423.05
5.36,15.0,13,2.19,0,0,134.79
22.8,38.0,41,1.3,0,0,389.18
15.0,89.0,58,1.82,0,0,324.57
10.62,44.0,19,1.86,1,0,339.05
12.09,46.0,45,1.3,0,0,230.62
23.73,48.0,13,2.82,1,0,715.01
4.68,46.0,29,2.15,0,0,154.12
15.07,78.0,46,2.09,1,0,437.2
13.14,72.0,53,2.51,0,0,326.93
15.67,66.0,19,1.75,0,0,407.03
1.43,79.0,40,3.64,1,0,159.35
21.93,,44,2.58,1,0,645.3
23.37,42.0,20,2.1,1,0,605.59
14.56,52.0,50,2.52,0,0,326.15
17.72,34.0,24,2.14,0,0,349.43
23.14,64.0,7,1.77,0,0,746.67
17.97,45.0,29,1.71,0,0,367.24
4.66,97.0,15,2.1,1,0,273.44
14.83,86.0,38,1.68,0,0,339.34
15.56,28.0,56,1.06,0,0,291.74
11.18,68.0,57,2.0,0,0,255.22
18.67,25.0,42,2.79,0,0,387.68
23.42,41.0,18,3.39,1,0,659.66
23.21,74.0,45,1.06,0,0,431.27
11.82,68.0,29,2.76,0,0,291.17
3.72,87.0,1,2.7,1,0,371.76
24.64,12.0,33,1.38,0,0,411.47
21.13,35.0,36,2.5,0,0,421.63
3.99,23.0,51,1.65,0,0,91.05
23.1,33.0,5,1.51,0,0,610.81
21.88,44.0,39,1.32,0,1,578.17
13.45,97.0,20,1.97,0,1,505.06
15.19,15.0,36,1.19,0,0,254.0
10.58,71.0,51,2.57,0,1,354.57
2.31,45.0,19,1.94,0,1,165.97
9.04,,9,1.89,0,0,257.66
20.27,52.0,4,1.8,1,0,851.55
1.11,17.0,26,2.64,0,0,97.98
9.0,54.0,37,2.79,1,0,293.97
10.56,42.0,12,1.88,0,0,279.9
13.9,98.0,19,2.52,0,0,440.3
23.08,25.0,24,1.13,0,0,425.91
9.31,124.0,19,2.53,1,0,382.8
9.33,61.0,16,2.15,0,0,274.12
18.7,90.0,30,1.92,0,0,437.97
11.85,73.0,1,2.16,1,1,757.31
6.39,116.0,20,2.4,1,0,323.98
11.86,,14,1.6,0,0,305.67
4.38,82.0,42,3.78,1,0,207.83
5.23,100.0,9,2.45,1,1,393.89
12.96,88.0,9,1.41,0,0,482.62
11.05,31.0,36,2.65,0,0,259.15
22.96,60.0,36,1.84,0,0,456.19
9.7,,26,1.89,0,0,200.26
14.93,88.0,16,2.9,1,0,562.18
16.17,48.0,16,2.19,0,1,516.09
1.31,96.0,15,2.18,0,0,133.03
16.92,116.0,18,1.87,1,0,607.11
5.27,81.0,47,2.64,0,0,173.85
24.07,40.0,39,2.19,1,0,597.73
4.57,80.0,35,2.38,1,0,203.6
10.95,89.0,10,2.15,1,0,474.03
3.05,120.0,10,3.33,1,0,300.02
24.92,26.0,5,2.17,0,0,621.99
13.05,17.0,55,2.51,0,0,271.26
15.29,76.0,27,2.31,0,0,399.52
2.61,95.0,32,1.21,0,0,126.65
19.0,75.0,36,1.6,0,0,406.02
6.04,11.0,55,2.01,0,0,157.9
22.55,56.0,47,2.41,1,0,598.38
5.92,112.0,30,2.21,1,0,245.0
5.58,42.0,41,2.74,0,0,201.76
1.88,63.0,7,2.5,0,0,166.1
12.33,79.0,55,1.69,0,0,260.02
14.56,45.0,7,3.33,1,0,546.13
2.58,61.0,32,2.26,0,1,193.38
19.61,54.0,32,1.01,0,0,360.0
11.88,10.0,49,1.76,0,0,225.29
13.59,89.0,28,1.58,0,0,323.55
11.58,90.0,45,2.24,1,0,352.91
10.62,20.0,17,1.5,0,0,235.09
14.43,31.0,28,2.88,0,0,316.52
4.73,73.0,1,2.77,1,0,429.32
5.37,40.0,11,3.5,1,1,338.71
21.68,116.0,44,2.23,1,1,778.77
23.71,58.0,16,,0,0,530.63
9.96,58.0,59,,0,0,233.3
7.5,51.0,53,1.99,0,0,196.59
16.46,58.0,22,2.79,0,0,388.55
10.81,22.0,37,1.13,0,0,235.07
1.61,77.0,35,2.83,0,0,115.14
4.75,23.0,59,1.83,0,0,136.78
18.18,75.0,28,2.11,1,0,530.39
16.81,65.0,34,2.37,0,1,514.19
1.65,126.0,39,3.39,1,1,202.9
6.33,78.0,36,1.09,0,0,169.51
6.55,55.0,14,2.97,0,0,251.17
17.13,24.0,35,2.39,0,0,311.56
1.47,126.0,29,2.44,1,0,139.09
3.5,17.0,19,1.3,0,0,96.04
20.2,95.0,21,2.59,1,0,657.81
5.29,20.0,31,1.44,0,1,203.93
16.67,110.0,49,2.79,1,0,535.97
6.72,32.0,5,2.56,0,1,335.96
3.39,,6,3.12,1,0,304.45
6.84,36.0,8,1.87,0,0,216.51
18.33,70.0,17,2.04,1,0,591.74
21.54,56.0,38,2.91,0,0,448.7
20.93,75.0,56,1.54,0,0,430.33
10.53,100.0,17,2.36,1,1,493.98
17.03,17.0,55,2.29,0,0,327.98
5.92,74.0,23,2.54,0,0,206.2
8.04,64.0,14,3.77,1,0,346.06
22.51,26.0,24,2.94,0,0,458.36
1.31,39.0,33,2.83,0,0,117.42
3.05,33.0,17,1.87,0,0,133.13
5.99,91.0,22,2.13,1,0,257.04
1.64,72.0,28,2.17,0,0,104.74
5.35,70.0,26,1.03,0,0,162.34
14.99,116.0,16,2.19,1,0,600.37
11.11,97.0,34,1.81,1,0,333.38
22.42,118.0,5,2.16,1,0,1264.2
20.62,129.0,2,2.75,1,1,1185.82
9.2,41.0,36,1.79,0,0,190.34
7.23,44.0,28,1.74,0,0,188.86
10.11,25.0,16,2.66,0,0,246.88
15.17,,43,3.15,1,0,469.35
7.43,58.0,34,3.67,1,0,291.86
15.98,79.0,15,2.69,1,0,542.62
10.83,49.0,7,1.54,0,0,385.5
14.25,55.0,43,1.25,0,0,276.7
11.47,12.0,49,2.34,0,0,240.74
8.07,35.0,22,2.68,0,0,220.17
23.76,111.0,36,2.17,1,1,862.83
19.33,79.0,10,2.76,0,0,614.49
4.36,,40,2.05,0,0,128.42
21.84,124.0,39,2.09,1,1,820.44
12.7,36.0,19,2.29,0,1,382.22
22.47,53.0,53,2.04,0,0,437.91
20.2,47.0,49,1.06,0,0,370.21
11.21,111.0,9,2.6,1,0,585.63
1.54,125.0,32,3.37,1,0,139.61
7.45,96.0,55,2.11,0,0,218.94
14.0,98.0,48,1.56,0,1,441.47
16.2,80.0,56,2.86,0,0,352.7
7.19,87.0,56,1.48,0,0,185.94
4.34,50.0,28,1.51,0,0,170.08
21.04,67.0,11,1.71,0,1,749.61
24.63,38.0,13,2.79,0,0,574.1
13.62,120.0,5,2.82,1,0,841.66
5.12,60.0,20,2.36,0,1,241.9
7.54,79.0,11,2.95,0,0,290.41
1.44,72.0,29,2.57,0,0,120.66
22.94,28.0,18,1.35,0,0,445.69
3.83,36.0,5,2.58,0,0,179.32
14.84,62.0,24,2.5,0,0,347.78
7.58,84.0,22,2.27,1,0,297.53
14.3,50.0,43,2.45,1,1,533.0
16.63,49.0,32,3.22,1,0,493.7
20.91,95.0,38,1.48,0,1,604.0
5.95,59.0,3,2.22,1,1,473.09
1.26,28.0,52,2.41,0,0,94.05
4.29,127.0,14,3.56,1,0,279.19
22.6,11.0,47,1.15,0,0,364.71
21.97,49.0,56,1.89,0,1,550.26
15.34,27.0,42,2.21,0,0,325.44
15.41,121.0,25,3.15,1,0,569.07
16.96,41.0,15,3.79,1,1,654.06
5.21,86.0,16,3.17,1,0,255.2
22.95,58.0,17,2.24,0,1,718.26
11.05,32.0,48,2.98,0,0,238.37
10.2,86.0,41,1.92,1,0,339.42
13.45,88.0,29,1.15,0,0,330.72
2.13,128.0,16,2.92,1,0,220.12
4.99,54.0,42,1.72,0,0,154.0
18.71,91.0,56,1.19,0,0,380.35
2.99,60.0,49,2.41,1,0,174.2
15.48,56.0,24,2.35,0,0,361.14
6.89,71.0,26,3.56,1,0,306.26
10.34,28.0,20,1.19,0,0,242.58
7.93,57.0,47,2.88,1,0,244.02
9.54,33.0,24,1.59,0,0,219.85
18.26,86.0,35,3.13,1,1,691.75
8.13,39.0,26,2.1,0,0,205.56
14.59,94.0,46,2.85,0,0,373.61
12.43,30.0,42,1.08,0,0,239.28
16.93,87.0,39,2.74,1,0,514.2
23.48,75.0,41,1.39,0,0,463.08
18.58,54.0,19,2.07,0,0,419.89
6.16,40.0,6,,1,1,341.82
1.75,31.0,13,2.82,0,0,93.61
7.29,65.0,41,1.8,0,0,210.18
15.28,,48,2.62,0,1,433.68
2.23,77.0,9,2.36,1,1,233.29
12.91,28.0,48,1.01,0,0,224.45
15.32,28.0,58,2.71,0,0,310.58
9.02,105.0,16,2.04,1,0,388.19
19.5,126.0,6,1.84,1,0,1124.61
3.56,56.0,31,1.71,0,0,140.87
2.8,97.0,13,2.56,1,0,207.86
18.48,96.0,41,1.95,1,0,501.66
12.89,57.0,29,2.63,0,0,310.46
17.52,84.0,4,2.61,1,0,979.06
11.44,96.0,39,1.98,0,0,301.16
6.91,37.0,48,1.53,0,0,158.8
20.66,69.0,16,2.02,0,0,539.56
20.19,14.0,54,2.53,0,0,387.46
17.67,27.0,12,2.81,0,0,393.04
7.53,127.0,5,3.74,1,0,523.19
15.17,46.0,43,1.85,0,1,416.05
9.66,89.0,23,2.98,0,1,377.66
3.2,34.0,27,1.59,0,0,108.0
23.02,77.0,18,1.81,1,0,724.86
4.28,10.0,19,2.54,0,1,163.81
23.81,49.0,24,1.36,0,0,474.4
11.7,64.0,29,1.1,0,1,358.53
5.44,78.0,8,3.65,1,0,331.06
14.01,85.0,14,2.58,0,1,580.34
21.95,64.0,42,2.01,1,0,557.1
18.57,32.0,54,2.55,0,0,369.09
20.36,52.0,33,2.69,0,1,570.78
16.81,57.0,51,2.81,0,0,369.95
17.61,77.0,48,2.89,1,1,650.63
21.38,99.0,53,2.41,0,1,617.49
6.99,33.0,53,2.52,0,0,175.56
12.75,14.0,16,2.38,0,0,256.56
6.31,69.0,37,2.29,0,0,187.99
24.7,26.0,27,2.1,0,0,472.08
23.66,76.0,8,2.76,1,1,1097.86
1.95,24.0,27,2.99,0,0,107.18
17.93,75.0,53,1.68,0,0,391.11
23.21,29.0,57,,0,1,554.38
5.33,39.0,41,2.53,0,0,169.97
14.63,25.0,26,1.43,0,0,260.92
22.97,53.0,33,2.07,0,0,449.43
1.81,98.0,30,1.99,1,0,151.69
17.74,13.0,6,2.24,0,0,390.24
8.14,70.0,14,,1,0,382.23
23.19,35.0,9,2.45,0,0,557.46
24.31,50.0,31,1.43,0,1,616.56
23.66,115.0,1,3.74,1,0,1333.4
12.38,41.0,12,2.41,1,0,419.53
21.69,17.0,17,1.87,0,1,567.84
21.27,87.0,26,2.0,0,0,505.65
8.66,33.0,17,2.98,0,0,241.89
20.89,49.0,16,1.14,0,0,451.4
1.89,34.0,36,2.39,0,0,96.13
15.31,101.0,30,2.52,1,0,532.01
6.52,67.0,11,1.16,0,0,217.52
3.89,80.0,10,2.87,0,0,229.61
2.85,41.0,44,2.18,0,0,111.83
17.71,96.0,41,2.51,0,0,419.94
9.16,55.0,10,1.48,0,0,287.83
18.39,35.0,29,2.52,0,0,411.67
2.57,81.0,21,3.46,1,0,152.15
8.57,16.0,9,1.86,0,0,220.53
13.95,95.0,13,2.94,1,0,549.15
19.98,56.0,13,2.94,0,0,519.92
8.65,89.0,44,3.49,1,0,343.48
16.02,84.0,34,2.69,1,0,513.36
22.26,107.0,1,3.13,1,0,1265.95
15.78,83.0,40,3.37,1,0,476.51
6.59,34.0,13,1.05,0,0,184.72
1.59,91.0,33,2.98,1,0,156.08
21.88,57.0,4,3.77,1,1,1148.03
1.51,16.0,53,2.89,0,0,87.74
21.99,31.0,47,2.66,0,1,589.31
13.69,13.0,53,1.21,0,0,265.92
23.54,38.0,18,2.99,0,1,688.2
20.17,97.0,50,2.22,0,0,420.67
24.95,49.0,44,1.45,0,0,441.82
9.42,61.0,29,2.35,0,0,262.99
19.41,99.0,44,3.51,1,0,631.3
10.65,50.0,23,1.22,0,0,239.05
12.52,115.0,44,3.63,1,0,436.68
16.06,82.0,21,2.84,0,0,466.77
21.97,24.0,22,1.03,0,0,373.7
24.62,86.0,50,2.8,0,0,525.29
19.44,66.0,44,2.89,0,0,412.29
11.03,44.0,54,1.08,0,0,200.17
11.11,99.0,13,1.59,0,0,397.7
18.7,28.0,5,1.75,0,0,496.74
6.73,30.0,10,1.7,0,0,213.21
3.65,94.0,42,2.52,0,0,193.29
9.51,22.0,42,1.72,0,0,186.76
7.89,30.0,43,2.91,0,0,211.63
8.11,97.0,21,2.99,0,1,383.95
6.61,35.0,13,1.63,0,0,167.0
2.01,65.0,15,2.02,0,0,124.07
1.43,40.0,57,2.12,0,0,85.96
24.71,39.0,22,2.16,0,0,489.41
11.27,33.0,49,1.75,0,0,232.33
10.22,39.0,50,1.33,0,0,215.55
17.31,35.0,41,1.11,0,0,340.35
6.24,91.0,11,1.21,0,0,269.67
23.8,63.0,39,2.8,0,0,511.99
19.87,115.0,38,2.36,1,0,582.29
3.15,60.0,1,,1,0,326.26
11.02,32.0,43,2.25,0,0,253.63
22.1,67.0,5,1.95,1,0,969.97
23.67,90.0,14,1.14,0,0,665.4
12.22,88.0,38,2.24,0,1,401.22
15.72,62.0,18,2.98,1,0,548.74
5.01,98.0,6,1.88,1,0,388.09
24.79,62.0,13,1.92,0,0,638.98
6.56,62.0,26,1.87,0,0,209.52
23.63,43.0,42,2.09,0,0,451.1
16.59,77.0,50,2.48,0,0,348.31
15.59,21.0,36,1.57,0,1,403.95
13.3,,12,1.87,0,0,275.4
6.54,64.0,42,3.39,1,0,262.95
5.24,97.0,25,2.85,0,0,195.3
6.29,107.0,10,3.58,1,0,403.22
5.47,53.0,37,1.96,0,0,177.75
19.71,43.0,46,2.04,0,0,367.95
9.4,15.0,29,2.06,0,0,223.93
2.39,48.0,55,2.74,0,0,91.68
24.26,59.0,43,2.68,0,0,494.48
22.21,33.0,10,1.62,0,0,489.87
23.27,98.0,8,1.33,0,0,856.19
24.88,14.0,27,1.76,0,0,434.33
5.17,63.0,13,1.58,0,0,183.34
10.51,63.0,40,2.9,0,0,290.88
19.2,19.0,15,1.53,0,1,504.6
17.7,91.0,58,1.36,0,0,314.92
4.69,84.0,39,2.8,0,0,180.4
20.58,108.0,6,1.97,1,0,1069.24
6.39,15.0,39,1.52,0,0,142.01
6.37,87.0,11,1.88,0,0,269.53
13.89,25.0,33,2.19,0,1,397.09
15.23,69.0,25,1.66,0,0,347.23
14.92,23.0,7,1.99,0,0,356.31
3.2,42.0,58,1.4,0,0,107.98
22.06,108.0,18,2.95,1,0,776.85
7.37,49.0,34,1.82,0,0,201.67
4.11,87.0,31,2.7,0,1,188.62
22.33,49.0,33,1.83,0,0,441.88
23.94,18.0,34,1.89,0,0,418.78
21.69,76.0,40,2.18,0,0,469.61
20.43,113.0,49,2.05,1,0,569.08
16.73,87.0,17,2.11,1,1,716.33
14.22,114.0,31,3.38,1,0,511.13
3.09,74.0,30,1.55,0,0,134.65
10.8,49.0,44,3.17,1,0,318.68
9.94,15.0,40,1.19,0,1,284.91
7.23,111.0,22,3.44,1,0,310.04
18.36,101.0,31,3.78,1,0,600.43
12.9,40.0,55,1.75,0,0,281.69
2.95,15.0,8,2.01,0,1,153.3
6.28,43.0,33,1.89,0,0,156.52
17.4,106.0,38,3.59,1,0,578.73
2.83,71.0,18,1.02,0,0,136.49
21.43,125.0,38,3.11,1,0,675.96
12.88,21.0,49,2.3,0,0,266.32
12.53,47.0,41,1.76,0,0,287.71
15.22,92.0,37,1.44,0,0,363.05
20.79,46.0,45,2.28,1,0,551.94
9.35,73.0,35,2.6,0,0,256.37
17.27,,18,1.13,0,0,485.55
14.58,,29,2.13,0,0,354.48
7.41,13.0,13,1.61,0,0,183.6
22.09,30.0,29,,0,0,384.56
20.14,87.0,45,2.01,0,1,582.21
16.8,75.0,40,3.6,1,0,499.59
21.41,46.0,19,3.04,1,1,783.8
21.82,,34,2.58,0,0,513.47
18.0,74.0,14,3.0,1,0,618.81
21.09,88.0,17,3.2,1,0,729.63
17.74,20.0,5,1.86,0,1,546.65
17.32,98.0,19,2.85,0,0,536.92
15.85,33.0,25,2.0,0,0,314.74
19.07,31.0,34,2.1,0,1,506.41
4.81,,15,2.05,0,1,196.02
22.14,90.0,44,2.43,1,0,604.87
21.92,88.0,20,2.26,1,0,698.13
1.7,31.0,56,1.15,0,0,60.0
20.82,88.0,34,2.44,0,0,476.29
4.09,,13,1.58,0,0,165.56
9.04,83.0,1,2.58,1,0,630.31
18.84,41.0,51,2.84,0,0,380.31
4.86,67.0,51,2.13,0,0,148.04
20.63,65.0,38,1.19,0,0,401.03
20.97,83.0,37,2.6,0,0,475.07
13.18,18.0,38,1.51,0,1,359.23
1.15,102.0,1,2.91,1,0,241.25
7.89,98.0,55,2.02,0,0,227.31
15.81,43.0,9,2.28,1,0,534.3
24.55,47.0,35,1.23,0,0,464.7
16.16,51.0,16,1.42,0,0,386.73
7.24,16.0,11,1.19,0,0,208.72
16.22,81.0,39,2.35,1,0,480.33
13.96,99.0,27,3.79,1,0,494.27
19.72,99.0,46,1.8,0,0,427.84
3.57,59.0,26,3.53,1,0,191.4
19.26,72.0,55,2.1,0,1,526.44
13.99,30.0,59,2.33,0,0,282.83
24.11,14.0,9,1.31,0,0,425.12
9.2,69.0,32,2.35,1,1,411.58
16.18,72.0,9,2.02,0,0,564.19
23.37,68.0,21,2.76,0,0,559.3
3.46,47.0,11,1.09,0,1,197.2
23.49,45.0,29,2.01,0,0,463.28
17.51,47.0,29,1.1,0,0,340.67
2.63,32.0,7,1.91,0,0,144.24
8.22,32.0,56,,0,0,220.59
18.0,97.0,30,3.29,1,0,581.59
2.62,57.0,32,1.28,0,0,99.1
14.97,15.0,27,1.33,0,0,269.16
9.3,55.0,12,1.94,0,0,304.59
15.9,96.0,35,3.0,0,1,537.44
2.1,54.0,15,2.51,1,1,176.06
21.92,10.0,49,1.86,0,0,372.07
24.36,113.0,29,2.66,1,1,929.78
24.25,72.0,35,1.96,1,0,654.25
18.99,63.0,35,3.35,1,0,579.43
4.12,79.0,46,1.51,0,0,137.89
19.2,23.0,54,2.41,0,0,360.48
1.59,92.0,33,1.95,0,0,119.32
1.53,109.0,1,3.02,1,0,274.11
8.77,,48,1.11,0,0,217.22
12.73,98.0,29,2.78,0,0,363.88
19.49,93.0,6,1.49,0,0,827.97
17.4,47.0,48,2.34,0,1,476.6
11.7,50.0,35,3.4,1,0,377.92
7.57,72.0,38,2.08,0,0,188.68
24.93,41.0,19,1.67,0,0,518.76
11.23,38.0,43,2.96,0,0,264.85
11.83,39.0,43,1.56,0,0,226.52
4.93,68.0,34,3.7,1,0,235.58
20.08,125.0,41,2.11,1,0,585.89
17.65,20.0,16,1.78,0,0,372.47
6.3,58.0,56,1.28,0,0,163.53
2.98,93.0,56,1.0,0,0,106.49
17.33,117.0,18,2.32,1,0,644.07
16.71,103.0,1,1.97,1,0,996.68
7.56,77.0,1,3.77,1,0,550.75
23.82,69.0,52,2.52,0,0,489.66
4.63,107.0,31,1.81,1,0,200.7
11.38,46.0,20,2.25,1,0,355.48
23.65,83.0,7,2.34,0,0,879.17
11.07,16.0,36,1.8,0,0,231.23
16.32,44.0,40,3.46,1,0,468.1
10.54,77.0,22,2.01,0,0,277.33
7.58,56.0,32,2.31,0,0,216.65
24.62,45.0,37,2.19,0,0,461.43
10.82,24.0,21,2.28,0,0,265.8
22.46,48.0,36,1.46,0,0,458.53
6.52,47.0,16,1.75,0,0,221.27
6.11,75.0,31,1.9,1,0,233.66
1.75,41.0,15,2.98,1,0,129.05
16.64,54.0,1,2.72,1,1,1014.93
9.84,93.0,30,2.52,0,1,370.26
21.74,64.0,43,1.41,0,0,430.32
12.36,86.0,21,1.87,0,0,362.39
24.24,69.0,56,1.36,0,0,437.23
5.45,34.0,40,2.23,0,0,164.79
21.85,53.0,28,3.5,1,0,611.38
19.64,18.0,23,2.53,0,0,367.08
19.5,58.0,36,2.89,0,1,603.13
21.27,44.0,54,2.94,0,0,417.1
19.26,95.0,26,2.54,0,0,479.96
16.03,44.0,44,2.37,1,0,395.24
4.15,117.0,39,2.24,1,0,223.69
1.78,26.0,43,1.9,0,0,96.75
23.1,78.0,58,2.99,0,0,520.22
15.8,86.0,22,1.83,0,0,399.7
20.12,93.0,45,2.2,1,0,559.98
12.56,56.0,28,2.89,0,0,314.73
3.82,58.0,5,1.77,0,0,232.74
4.0,83.0,45,,0,0,157.54
17.45,71.0,6,2.58,0,0,676.12
11.33,32.0,44,2.69,0,0,259.14
5.81,25.0,28,2.64,0,0,170.25
12.8,90.0,44,2.67,0,1,423.91
2.54,16.0,56,2.34,0,0,80.48
14.97,82.0,1,2.61,1,0,923.93
7.46,87.0,31,2.33,0,1,318.41
20.14,53.0,6,2.67,0,0,659.66
8.45,48.0,17,2.5,1,1,387.16
11.93,110.0,27,2.39,1,0,426.0
1.28,87.0,38,,0,1,133.24
2.74,89.0,36,2.1,0,0,127.48
10.42,69.0,7,1.1,0,0,409.45
12.52,49.0,49,3.36,1,0,369.19
15.4,44.0,21,2.08,1,0,463.24
8.0,60.0,16,1.27,0,0,233.86
17.68,16.0,12,1.4,0,0,356.18
21.64,31.0,24,2.15,0,0,434.55
19.72,33.0,56,1.57,0,0,367.39
1.95,51.0,21,1.74,0,0,110.01
12.53,31.0,49,2.86,0,0,279.48
3.52,44.0,37,2.69,0,0,128.51
6.81,64.0,59,2.7,0,0,177.58
24.68,12.0,15,2.16,0,1,619.66
4.42,80.0,13,2.73,0,0,215.38
12.97,28.0,38,,0,0,276.59
15.84,51.0,48,2.91,0,0,325.96
17.86,85.0,37,1.93,1,0,525.35
14.43,,11,1.06,0,0,443.97
1.23,126.0,10,2.15,1,0,219.78
8.84,29.0,31,2.86,0,0,223.99
13.43,72.0,9,3.01,1,0,557.49
3.11,45.0,18,2.65,1,0,166.37
9.42,24.0,41,2.03,0,0,180.34
1.8,78.0,53,2.66,0,0,97.18
2.89,87.0,44,2.86,0,0,132.32
10.53,112.0,13,3.26,1,0,493.34
4.19,99.0,57,2.52,0,0,151.28
14.62,40.0,27,1.64,0,0,317.79
17.55,15.0,43,1.93,0,0,311.27
20.21,40.0,25,3.57,1,1,726.26
5.8,28.0,34,2.57,0,0,171.41
5.02,24.0,11,2.37,0,0,186.53
3.51,43.0,49,1.13,0,0,89.98
16.27,73.0,54,1.08,0,0,318.58
17.96,92.0,54,1.26,0,0,346.63
1.76,58.0,7,2.16,0,0,171.29
23.47,114.0,32,2.87,1,0,746.01
2.25,121.0,42,3.69,1,0,163.88
13.99,127.0,24,3.19,1,1,650.69
18.02,55.0,14,1.59,0,0,442.92
21.9,90.0,28,2.12,1,0,635.64
18.14,82.0,17,2.7,0,0,513.35
20.24,20.0,43,1.92,0,0,369.26
9.15,43.0,7,3.11,1,0,397.63
20.56,,19,2.93,1,0,773.35
2.92,96.0,45,1.21,0,0,140.49
22.48,80.0,28,1.91,1,0,639.45
14.14,103.0,34,2.55,1,0,458.47
20.62,10.0,44,1.72,0,1,521.69
11.86,98.0,44,2.35,0,0,292.41
16.45,48.0,28,3.06,1,0,499.69
13.63,48.0,19,2.94,0,0,346.35
18.56,74.0,7,2.72,0,0,659.72
2.96,56.0,46,2.79,1,0,149.43
2.45,76.0,50,2.0,0,0,91.32
6.93,96.0,26,2.35,0,0,216.91
4.83,10.0,38,1.23,0,0,132.12
21.92,33.0,9,3.0,0,0,555.86
6.26,116.0,35,2.84,1,0,274.06
24.42,29.0,26,2.82,0,0,497.44
9.09,73.0,33,2.93,0,0,254.37
5.37,59.0,2,2.96,1,0,457.9
19.95,115.0,28,2.01,1,0,656.13
16.81,90.0,8,2.15,0,0,657.74
12.96,124.0,48,3.0,1,0,423.09
14.33,,56,2.58,0,0,316.52
18.26,97.0,29,1.1,0,0,437.32
6.48,39.0,54,1.93,0,0,150.83
24.91,32.0,27,2.85,0,0,493.8
24.4,32.0,29,2.98,0,0,496.82
16.61,65.0,38,1.38,0,0,338.73
5.79,56.0,48,2.74,0,0,175.88
17.33,26.0,10,1.29,0,0,380.33
2.73,11.0,38,2.68,0,1,172.62
1.74,97.0,25,1.55,0,0,127.97
7.18,42.0,48,2.92,0,0,223.59
12.1,24.0,34,2.39,0,0,255.7
21.84,41.0,7,1.8,0,0,564.07
18.45,43.0,19,1.56,0,0,400.64
18.82,69.0,25,1.47,0,0,418.44
11.21,95.0,23,2.36,0,0,336.66
9.3,70.0,13,3.59,1,0,407.28
9.9,54.0,43,3.31,1,0,304.15
24.7,59.0,40,3.47,1,1,854.53
1.96,96.0,38,2.56,0,0,137.01
21.81,40.0,59,,0,0,419.94
14.89,11.0,18,2.52,0,0,290.11
11.53,52.0,1,2.22,1,0,756.63
18.41,25.0,35,2.58,0,1,483.11
12.68,24.0,50,1.64,0,0,252.29
21.96,34.0,15,2.99,0,0,498.82
22.62,115.0,38,2.55,1,0,688.98
11.12,37.0,49,1.59,0,1,336.5
7.64,21.0,15,1.48,0,1,267.1
15.22,124.0,43,3.12,1,0,501.69
22.9,85.0,8,1.22,0,0,759.13
6.06,63.0,20,2.91,0,0,212.94
15.95,67.0,42,1.59,0,0,342.62
16.16,25.0,10,1.59,0,1,474.37
18.59,71.0,22,1.09,0,1,540.72
4.16,83.0,57,1.49,0,0,133.33
18.18,19.0,29,1.84,0,0,349.2
22.82,105.0,18,2.54,1,0,795.0
5.31,61.0,56,1.55,0,1,214.41
6.7,39.0,43,1.08,0,0,164.98
24.31,25.0,51,1.6,0,0,412.59
5.34,49.0,3,3.36,1,0,340.18
21.51,24.0,41,1.88,0,0,416.62
12.81,35.0,38,1.58,0,0,249.5
6.93,70.0,38,1.61,0,0,180.33
21.9,24.0,44,2.11,0,0,409.97
11.69,15.0,44,1.6,0,0,237.85
13.36,120.0,31,3.06,1,0,508.81
9.62,10.0,32,2.98,0,0,231.26
15.23,126.0,44,1.88,1,0,477.73
4.92,44.0,52,1.34,0,0,112.31
10.39,128.0,5,2.16,1,0,698.53
24.27,10.0,18,1.89,0,1,614.74
7.2,98.0,30,1.08,0,0,196.19
16.76,47.0,12,1.96,0,0,412.31
8.8,89.0,32,2.86,0,0,262.29
19.56,80.0,14,1.82,1,1,791.01
4.14,21.0,29,1.73,0,0,126.44
24.28,73.0,14,2.52,0,0,656.43
11.89,19.0,58,1.31,0,0,219.81
6.67,66.0,5,1.96,1,0,411.89
2.76,48.0,30,2.26,0,0,122.68
5.07,110.0,17,1.82,1,0,274.11
13.47,109.0,13,3.4,1,1,711.16
9.09,84.0,12,1.93,1,0,407.78
20.89,20.0,54,2.05,0,0,372.05
11.34,33.0,23,2.48,0,0,251.19
6.97,66.0,43,1.48,0,0,155.25
15.81,79.0,34,2.01,1,0,464.37
17.96,128.0,9,2.15,1,0,908.53
5.01,46.0,20,2.71,0,1,213.01
5.02,42.0,14,3.21,1,0,228.7
1.88,77.0,23,1.4,0,0,141.1
18.67,77.0,15,2.43,0,0,520.17
16.93,10.0,11,,0,0,359.03
12.39,118.0,13,3.8,1,0,598.42
21.26,84.0,18,2.58,1,0,687.66
20.34,,25,3.53,1,0,649.16
15.05,76.0,46,2.69,1,0,435.9
21.84,78.0,52,2.8,0,0,481.48
5.94,82.0,2,1.98,1,0,491.59
3.69,94.0,54,1.35,0,0,145.47
7.47,43.0,18,3.5,1,0,286.98
2.37,110.0,2,3.44,1,0,294.8
13.75,38.0,17,1.61,0,1,418.81
23.48,20.0,14,2.19,0,0,459.36
1.94,42.0,23,1.77,0,0,113.03
3.93,92.0,44,1.82,1,0,175.33
11.85,26.0,27,1.05,0,0,237.13
23.41,21.0,46,1.11,0,1,555.48
8.59,40.0,27,2.99,1,0,317.81
13.17,65.0,34,1.56,0,0,301.26
2.0,32.0,34,1.29,0,0,85.32
4.56,16.0,33,2.88,0,1,196.67
24.68,87.0,41,1.24,0,0,487.16
24.16,80.0,29,3.15,1,0,696.09
1.12,62.0,13,2.79,0,0,117.42
23.84,16.0,12,1.33,0,0,402.02
16.34,87.0,52,1.43,0,0,342.68
21.83,75.0,29,2.15,0,0,488.45
11.91,123.0,36,2.82,1,1,522.94
13.37,120.0,45,2.84,1,0,435.9
12.73,83.0,50,2.11,0,1,380.98
17.0,62.0,59,2.9,0,0,353.13
4.35,14.0,41,1.11,0,0,126.85
1.72,45.0,42,2.52,0,0,68.94
8.39,53.0,12,1.47,0,0,241.92
17.91,50.0,20,2.55,1,0,512.5
5.84,73.0,15,1.18,0,0,236.35
17.16,30.0,44,1.89,0,0,329.38
24.28,13.0,27,2.61,0,0,450.33
3.25,98.0,36,1.2,0,0,112.25
17.14,74.0,39,2.35,1,0,460.81
11.65,44.0,5,1.75,0,0,414.24
21.84,44.0,53,1.21,0,1,528.49
5.25,48.0,52,2.52,0,1,204.66
17.62,72.0,48,3.37,1,0,526.67
21.11,,13,2.67,0,0,643.11
23.67,107.0,34,2.97,1,0,708.39
17.4,53.0,32,2.01,0,0,353.82
12.93,90.0,27,2.33,1,0,448.39
15.83,77.0,26,3.11,1,0,484.94
21.85,51.0,12,1.89,0,0,578.76
14.69,84.0,31,3.74,1,0,483.86
1.73,39.0,22,2.94,0,0,116.47
23.34,44.0,11,2.81,0,0,587.95
17.55,37.0,22,1.72,0,1,525.44
17.24,50.0,52,1.74,0,1,450.4
6.18,54.0,16,2.71,0,0,193.27
16.81,87.0,1,3.26,1,0,998.81
10.45,94.0,7,3.21,1,0,574.26
16.63,17.0,15,1.56,0,0,302.55
3.56,65.0,10,3.47,1,0,237.72
16.79,38.0,48,2.16,0,0,328.26
24.99,64.0,18,1.89,0,0,581.7
2.16,105.0,10,3.53,1,0,251.13
24.45,79.0,56,1.79,0,0,481.47
10.77,57.0,57,2.31,0,0,227.04
21.9,119.0,16,2.73,1,0,820.81
19.78,16.0,22,2.19,0,1,510.08
14.61,84.0,44,1.08,0,0,347.28
18.72,89.0,29,1.92,0,0,449.41
22.08,15.0,39,2.11,0,0,374.89
10.7,76.0,1,2.79,1,0,717.57
8.85,18.0,24,2.69,0,0,219.56
17.02,12.0,31,1.62,0,0,316.23
20.39,62.0,33,2.77,0,0,434.09
19.29,17.0,14,1.81,0,0,398.96
20.15,49.0,15,2.39,0,0,505.29
11.45,26.0,24,1.17,0,1,318.74
20.63,79.0,37,1.4,0,0,430.7
3.89,56.0,47,2.52,0,0,147.71
14.07,20.0,41,1.02,0,0,256.51
1.14,49.0,48,3.74,1,1,140.19
8.79,100.0,7,2.18,1,1,604.2
9.8,41.0,10,3.6,1,1,436.74
10.51,38.0,15,2.03,0,0,269.77
17.69,79.0,9,2.13,0,1,745.89
10.33,90.0,32,1.97,1,0,346.13
11.77,82.0,7,1.73,0,0,505.87
6.7,75.0,6,1.31,0,0,330.33
9.96,107.0,47,2.85,1,0,350.62
6.45,96.0,32,2.9,1,0,263.96
2.76,80.0,4,3.22,1,0,336.2
15.48,103.0,1,3.56,1,0,965.31
17.04,13.0,25,1.94,0,0,313.45
15.87,10.0,35,1.47,0,0,273.22
12.12,114.0,28,2.47,1,0,443.92
10.11,16.0,53,2.69,0,0,224.33
21.72,121.0,26,2.09,1,1,856.43
13.46,17.0,33,2.25,0,0,273.71
12.5,88.0,58,1.03,0,0,265.07
1.62,97.0,1,2.29,1,0,289.84
9.19,19.0,37,2.18,0,0,167.69
10.12,105.0,32,2.71,1,0,376.03
10.57,88.0,21,1.99,0,0,309.04
14.92,61.0,28,3.12,1,0,467.9
13.81,61.0,53,1.47,0,1,391.2
15.59,58.0,20,1.56,0,0,357.86
19.36,76.0,11,2.37,0,0,593.26
20.51,13.0,40,2.08,0,0,383.57
18.23,128.0,7,1.83,1,0,1004.52
23.93,66.0,24,2.34,0,0,549.5
1.44,78.0,8,2.24,0,0,159.43
5.7,,9,1.16,0,0,272.79
1.18,62.0,20,2.5,0,0,118.37
16.54,64.0,13,2.04,0,0,459.25
22.55,33.0,47,1.41,0,0,382.37
6.84,92.0,16,2.12,0,0,255.11
23.25,51.0,8,2.99,1,0,802.79
2.45,64.0,19,2.84,0,0,139.58
23.43,86.0,1,3.28,1,0,1316.41
9.44,36.0,46,1.6,0,0,225.45
3.43,27.0,22,1.24,0,0,83.33
12.66,98.0,12,2.71,0,0,439.91
7.16,60.0,12,2.69,0,0,302.43
7.84,96.0,29,1.35,0,1,298.93
8.37,99.0,1,1.92,1,0,596.36
20.27,66.0,55,2.42,0,0,407.96
13.94,106.0,20,3.25,1,0,537.63
8.47,11.0,15,1.35,0,0,199.66
15.65,20.0,10,2.34,0,0,369.98
18.19,22.0,37,1.56,0,0,343.97
7.54,79.0,16,2.32,1,0,314.51
10.93,15.0,33,1.65,0,0,193.83
3.93,51.0,1,2.84,1,0,398.04
5.35,,5,2.61,0,0,274.04
17.35,81.0,26,2.0,0,1,533.45
5.35,82.0,39,,0,0,142.15
13.6,43.0,25,3.57,1,0,423.89
18.02,76.0,1,1.91,1,1,1086.82
3.57,45.0,7,2.59,0,0,201.95
14.62,71.0,1,3.37,1,0,930.8
7.16,66.0,5,1.51,0,0,358.13
24.11,51.0,36,2.2,1,0,623.99
12.61,,18,3.55,1,0,435.56
20.34,100.0,46,,1,0,594.71
14.21,70.0,31,1.89,1,0,417.94
2.04,49.0,34,2.78,0,0,137.53
16.2,55.0,36,1.7,0,0,336.01
23.83,48.0,36,1.68,0,0,470.68
15.44,72.0,25,2.29,0,0,367.4
20.66,64.0,52,2.32,0,0,423.32
22.22,49.0,20,1.71,0,0,491.99
6.47,38.0,8,1.29,0,0,213.81
6.09,20.0,21,2.1,0,0,176.49
15.66,48.0,17,,0,1,478.85
10.86,91.0,39,2.72,0,0,301.34
21.16,83.0,34,2.77,1,1,763.3
22.6,29.0,38,2.29,0,0,426.3
9.48,125.0,5,1.91,1,0,665.7
6.68,94.0,40,2.79,0,0,208.9
19.73,36.0,29,1.65,0,1,519.27
7.6,47.0,44,2.26,0,1,261.16
20.74,99.0,34,2.83,0,0,489.99
11.17,96.0,17,2.62,0,0,369.23
17.02,85.0,28,2.28,0,0,424.88
3.29,20.0,40,2.41,0,0,150.58
15.97,45.0,38,2.84,0,0,347.79
11.84,71.0,2,3.42,1,1,766.17
15.08,71.0,59,2.22,0,0,323.36
5.03,25.0,22,2.32,0,0,163.55
18.68,51.0,11,1.29,0,0,469.41
21.71,40.0,53,1.94,0,0,388.37
6.2,109.0,40,2.4,1,0,275.71
3.3,22.0,26,1.86,0,0,131.01
1.57,45.0,11,2.32,0,1,158.94
16.41,84.0,17,1.3,0,0,434.72
15.57,20.0,6,1.03,0,0,341.09
14.12,57.0,48,1.79,0,0,315.28
6.57,59.0,1,2.44,1,0,504.94
10.38,38.0,33,1.84,0,1,326.77
15.27,28.0,31,2.86,0,0,339.27
12.92,15.0,44,2.41,0,0,253.56
24.71,65.0,22,1.65,0,0,546.24
4.27,90.0,6,1.36,0,0,315.98
17.68,91.0,57,2.24,0,0,418.15
10.7,27.0,8,2.32,0,0,292.49
11.28,85.0,53,1.97,0,0,267.19
18.22,51.0,50,1.43,0,1,497.36
17.62,69.0,12,1.06,0,0,489.48
24.79,65.0,40,1.53,0,1,656.44
4.08,12.0,52,1.91,0,0,103.93
3.5,91.0,13,2.58,0,0,202.12
18.38,89.0,22,2.71,0,1,647.5
14.88,78.0,44,2.63,1,0,432.66
7.58,82.0,16,3.39,1,0,333.21
2.91,67.0,39,3.79,1,0,185.52
3.06,81.0,5,3.23,1,0,288.11
22.46,48.0,21,3.26,1,0,676.37
5.6,123.0,26,3.62,1,1,345.35
8.76,57.0,1,2.48,1,0,594.13
6.44,128.0,1,1.82,1,0,528.91
9.52,30.0,34,2.97,0,0,232.95
2.67,35.0,26,1.98,0,1,138.38
13.46,62.0,16,3.37,1,0,493.45
2.62,19.0,28,2.62,0,0,116.68
20.21,83.0,21,2.6,1,1,808.98
6.61,22.0,15,2.08,0,0,197.29
13.96,62.0,17,2.08,0,0,361.0
22.12,76.0,21,2.24,1,0,661.0
16.62,95.0,9,2.04,1,0,720.93
13.79,68.0,52,2.09,0,0,298.93
8.78,51.0,42,2.04,1,0,291.63
8.99,42.0,43,2.49,1,0,291.47
17.07,23.0,21,1.37,0,0,324.16
24.86,44.0,43,2.41,0,0,490.46
16.88,39.0,13,2.74,0,0,433.87
14.39,80.0,27,2.16,0,0,392.48
18.54,75.0,8,1.82,0,0,622.95
12.16,27.0,19,2.99,0,0,309.64
2.44,35.0,47,,0,0,98.89
14.5,120.0,25,2.41,1,0,529.4
23.98,55.0,10,1.56,0,0,639.66
5.21,21.0,30,1.71,0,0,151.21
17.56,67.0,5,1.46,0,0,656.94
5.82,96.0,16,2.33,1,0,314.56
13.86,71.0,24,2.32,1,0,440.42
3.32,73.0,26,2.01,0,0,140.8
11.81,113.0,27,2.58,1,0,383.52
19.15,105.0,1,3.08,1,0,1122.95
9.34,76.0,30,2.83,1,1,410.92
16.96,53.0,40,2.17,1,0,469.86
20.09,19.0,14,2.62,0,0,421.95
23.25,74.0,5,1.94,0,0,920.24
6.63,73.0,57,1.31,0,1,243.43
10.58,50.0,16,1.33,0,0,322.02
4.66,30.0,53,2.59,0,1,200.56
24.82,108.0,1,3.21,1,1,1380.88
23.25,18.0,14,2.01,0,1,629.86
13.96,48.0,1,2.41,1,1,867.87
21.21,27.0,23,1.92,0,0,403.27
13.5,78.0,22,2.27,0,0,347.08
15.97,71.0,49,2.76,0,0,359.69
3.14,25.0,56,2.11,0,0,124.59
19.13,43.0,25,2.35,1,0,536.88
4.07,60.0,49,1.89,1,0,160.86
20.83,53.0,53,1.35,0,1,551.11
19.77,117.0,49,3.1,1,0,570.39
18.01,115.0,16,2.12,1,0,683.9
1.87,36.0,8,1.96,0,0,134.37
8.28,43.0,45,,0,0,204.41
7.31,13.0,59,1.62,0,0,161.05
9.64,60.0,14,2.34,0,0,296.2
3.1,41.0,4,2.96,1,0,250.85
23.49,41.0,19,1.88,0,0,483.82
14.29,11.0,9,2.79,0,0,326.49
8.33,67.0,54,2.38,0,0,212.23
10.53,61.0,37,2.52,1,0,343.13
11.73,58.0,39,3.41,1,0,391.87
15.41,99.0,21,2.48,0,0,430.36
13.38,29.0,22,2.58,0,1,422.37
23.07,27.0,52,2.28,0,0,447.48
12.93,89.0,44,2.56,1,1,473.37
24.81,,9,1.7,0,0,504.31
21.43,59.0,2,3.11,1,1,1245.42
6.0,84.0,40,2.06,1,0,246.28
23.33,97.0,31,2.64,0,0,527.26
3.79,56.0,29,1.74,0,1,175.1
20.62,66.0,56,2.26,0,0,418.6
10.13,40.0,30,2.0,0,0,221.97
22.07,61.0,49,2.04,0,0,428.17
21.83,88.0,27,2.48,0,0,530.46
20.34,55.0,45,2.25,0,0,410.05
19.96,16.0,27,,0,0,352.54
8.31,88.0,23,1.95,1,0,323.77
2.94,32.0,37,2.68,0,0,133.49
10.67,50.0,58,2.77,0,0,257.47
5.16,43.0,12,2.13,1,0,229.3
17.68,91.0,11,1.62,0,0,605.57
9.31,70.0,26,2.36,1,0,320.17
24.41,86.0,35,3.67,1,0,733.13
16.38,27.0,11,1.41,0,0,332.02
20.74,83.0,12,1.33,0,0,569.95
4.18,16.0,54,1.36,0,0,102.85
21.69,47.0,25,2.46,0,0,452.69
23.15,54.0,46,2.78,0,0,467.5
12.69,67.0,11,2.59,1,1,618.94
15.55,68.0,55,1.27,0,0,341.34
19.36,27.0,37,2.17,0,1,512.54
5.2,48.0,24,2.22,1,0,233.93
13.06,55.0,1,1.93,1,0,832.93
10.57,71.0,50,2.77,0,0,271.79
4.51,49.0,40,2.74,0,0,133.97
9.82,98.0,26,2.95,0,0,320.91
2.64,97.0,26,2.75,1,0,172.28
1.62,75.0,53,1.59,0,0,84.2
4.24,108.0,19,3.34,1,0,251.38
24.11,28.0,53,1.36,0,0,446.94
14.19,117.0,2,2.29,1,0,890.69
24.18,36.0,37,1.51,0,0,430.62
11.38,69.0,23,3.7,1,1,497.35
8.48,84.0,11,3.26,1,0,413.05
13.15,87.0,44,1.27,0,0,317.25
11.55,70.0,39,1.99,1,0,340.99
3.54,75.0,1,3.49,1,0,361.59
16.38,78.0,43,3.4,1,0,464.99
6.18,59.0,43,2.34,0,0,184.56
15.87,47.0,52,1.39,0,0,289.54
16.6,50.0,43,2.76,1,0,479.26
4.65,120.0,25,3.01,1,0,239.83
2.47,83.0,8,2.86,0,0,200.97
19.74,55.0,36,,1,0,521.3
12.04,60.0,30,2.03,0,0,288.28
2.4,114.0,3,2.12,1,0,294.02
24.88,48.0,35,1.89,0,1,640.98
2.39,94.0,14,1.4,0,0,170.8
17.68,32.0,55,2.67,0,0,365.6
24.61,74.0,10,1.51,0,0,722.36
6.74,58.0,48,1.83,0,0,176.72
4.41,70.0,30,1.82,0,0,145.24
3.91,63.0,15,2.73,0,0,169.71
8.28,22.0,19,2.52,0,0,211.04
3.43,111.0,14,1.92,1,0,260.21
17.61,92.0,18,1.13,0,0,462.61
2.5,33.0,48,2.1,0,0,88.79
13.23,58.0,55,1.86,0,0,283.52
24.92,76.0,15,2.35,1,0,796.07
20.54,128.0,38,3.39,1,0,700.53
15.77,35.0,31,1.26,0,0,305.16
8.35,81.0,24,3.75,1,0,339.93
15.97,42.0,1,1.85,1,0,883.8
13.65,70.0,41,1.24,0,0,280.15
11.23,82.0,9,2.42,1,0,502.44
4.14,82.0,20,2.02,0,1,241.93
22.28,74.0,47,1.43,0,0,431.15
11.79,27.0,24,2.47,0,1,351.92
5.67,76.0,53,1.72,0,0,158.63
9.83,23.0,42,1.08,0,1,285.6
10.94,73.0,24,2.76,0,0,315.43
20.86,41.0,26,2.89,0,0,463.65
18.61,77.0,10,2.24,0,0,572.03
19.46,69.0,48,2.61,0,0,418.36
1.26,30.0,56,1.24,0,0,65.51
10.99,36.0,44,1.54,0,0,226.91
12.55,44.0,14,2.45,1,0,416.55
1.46,76.0,9,2.92,0,0,160.16
7.24,95.0,57,2.02,0,0,216.06
19.25,93.0,15,1.01,0,1,672.05
4.29,50.0,6,1.76,0,1,256.23
13.85,11.0,34,1.02,0,0,247.06
6.16,52.0,12,1.48,0,0,226.74
1.29,40.0,34,2.71,1,1,138.52
6.79,,12,1.65,0,0,185.4
24.42,72.0,21,1.07,0,0,561.19
20.24,57.0,43,1.23,0,0,377.21
24.03,64.0,29,2.9,1,0,689.79
12.71,129.0,24,3.19,1,1,598.3
3.63,76.0,5,1.81,0,0,266.94
14.15,86.0,9,2.46,0,0,537.14
11.91,86.0,10,2.13,1,0,497.01
21.26,98.0,40,1.24,0,0,443.35
3.35,65.0,19,2.68,0,0,159.64
12.72,,59,1.68,0,0,269.54
4.6,25.0,53,1.86,0,0,148.67
8.79,86.0,11,3.7,1,0,407.49
18.7,129.0,7,2.65,1,0,1054.04
12.42,93.0,18,1.81,1,0,481.74
10.02,56.0,47,2.88,0,0,258.69
10.47,61.0,52,1.03,0,0,235.26
12.03,27.0,8,2.32,0,0,314.39
19.84,120.0,41,2.45,1,0,604.61
22.41,85.0,38,2.74,1,0,656.71
23.93,98.0,50,2.09,0,0,508.74
19.89,35.0,17,1.82,0,0,428.68
8.57,27.0,13,2.55,0,0,232.11
17.52,88.0,20,3.66,1,0,617.2
11.5,74.0,51,1.17,0,0,267.31
7.11,16.0,20,2.6,0,0,185.49
21.18,39.0,46,1.26,0,0,361.76
1.92,34.0,41,1.16,0,0,83.86
22.64,64.0,37,3.71,1,0,629.06
12.08,66.0,1,2.78,1,1,791.53
16.29,74.0,5,2.11,1,0,775.8
16.82,121.0,1,2.94,1,0,1016.26
22.48,39.0,34,1.53,0,0,397.73
16.28,23.0,23,1.93,0,0,293.86
15.73,44.0,27,2.25,0,0,327.0
2.6,73.0,41,3.54,1,0,188.91
13.44,93.0,16,1.01,0,0,388.46
4.6,,43,1.43,0,0,152.88
18.7,16.0,10,1.19,0,0,354.97
13.29,22.0,47,1.19,0,0,288.38
17.33,79.0,30,3.69,1,0,556.76
2.0,99.0,40,3.67,1,0,167.99
3.04,43.0,46,2.5,0,0,145.07
18.19,22.0,19,2.29,0,0,388.24
2.73,43.0,30,3.5,1,0,159.67
2.71,52.0,7,1.92,1,1,241.02
1.29,57.0,12,1.24,0,0,119.82
23.96,22.0,29,1.63,0,0,439.77
18.7,96.0,28,2.66,0,0,485.76
9.48,42.0,35,1.94,0,0,254.54
8.12,62.0,34,2.81,1,0,266.86
9.39,76.0,17,1.46,0,0,291.16
19.59,41.0,33,2.3,0,0,402.89
16.87,64.0,36,,0,0,409.21
5.44,12.0,47,1.66,0,0,137.23
5.18,21.0,41,2.24,0,1,206.74
3.36,65.0,22,,0,0,123.05
16.85,77.0,30,2.59,0,0,385.41
19.34,42.0,22,1.95,0,0,407.45
7.36,41.0,38,1.68,0,0,183.39
1.5,26.0,58,1.84,0,0,81.98
2.97,61.0,35,1.18,0,0,124.82
24.23,82.0,19,2.73,0,0,641.31
8.09,14.0,41,2.92,0,0,179.41
19.46,30.0,24,1.95,0,0,381.89
15.99,42.0,22,2.24,1,0,454.15
10.17,106.0,1,3.13,1,1,696.49
5.94,46.0,12,1.9,0,0,221.82
3.91,74.0,12,2.3,1,0,211.45
15.76,42.0,36,1.08,0,0,275.21
19.59,63.0,57,2.78,0,0,398.75
16.45,12.0,27,2.59,0,0,312.15
13.73,57.0,19,2.66,0,0,335.14
2.01,27.0,48,1.88,0,0,84.25
24.24,12.0,11,,0,0,461.72
20.17,44.0,42,2.96,1,0,564.74
8.03,18.0,35,1.75,0,0,172.59
24.52,85.0,36,2.69,0,0,549.93
15.45,25.0,44,3.0,0,0,335.79
14.98,82.0,18,2.8,0,0,464.6
18.95,89.0,13,3.35,1,0,727.19
20.48,96.0,44,3.3,1,1,791.58
16.76,96.0,34,,1,0,518.19
4.07,95.0,20,2.71,0,0,178.69
9.12,26.0,13,1.99,0,0,231.2
23.27,74.0,5,1.36,0,0,887.04
6.39,66.0,29,2.54,0,1,263.66
9.93,72.0,12,2.84,0,0,352.23
11.37,106.0,33,2.48,1,0,382.39
11.55,14.0,36,2.57,0,0,283.49
15.71,31.0,12,1.55,0,0,327.03
23.63,40.0,7,3.69,1,0,820.06
6.78,86.0,1,3.17,1,0,511.55
3.92,58.0,6,2.14,0,0,221.58
5.74,13.0,49,2.56,0,0,151.0
22.29,31.0,32,2.63,0,0,434.11
16.5,97.0,8,2.78,0,0,685.17
7.86,64.0,27,2.8,0,0,238.08
20.58,41.0,38,1.11,0,0,392.52
21.67,75.0,59,1.25,0,0,426.43
21.32,78.0,11,2.65,0,0,667.39
23.05,110.0,24,3.69,1,0,770.21
7.05,47.0,3,2.42,1,0,426.58
19.12,45.0,23,1.02,0,1,508.72
12.05,51.0,3,2.45,1,0,632.34
21.21,37.0,27,1.77,0,0,393.62
18.48,11.0,15,2.52,0,0,366.33
19.63,87.0,17,1.1,0,0,495.0
16.75,28.0,33,1.43,0,1,452.06
5.26,94.0,35,2.79,0,0,182.36
14.08,88.0,2,2.11,1,0,867.53
24.63,46.0,50,2.52,0,0,492.77
23.5,91.0,13,2.52,1,0,845.56
2.04,94.0,9,2.33,0,1,208.28
4.96,69.0,52,1.15,0,0,164.0
4.16,51.0,31,1.57,0,0,121.82
18.42,16.0,43,1.85,0,1,459.94
20.63,51.0,18,2.71,0,0,502.1
6.12,66.0,26,2.13,0,0,192.79
13.14,,26,1.09,0,0,268.73
21.18,34.0,9,2.6,0,0,539.64
18.59,47.0,56,1.11,0,1,467.02
14.01,53.0,20,2.87,0,0,327.83
15.17,47.0,43,1.42,0,0,312.15
13.2,84.0,20,2.78,1,0,459.56
8.14,69.0,47,1.94,1,0,288.6
14.56,90.0,20,2.12,0,0,407.79
17.53,25.0,16,1.99,0,1,493.14
21.96,13.0,20,1.82,0,0,390.17
16.27,123.0,43,1.87,1,0,492.43
19.27,44.0,44,2.76,0,0,387.02
4.84,70.0,16,2.61,0,0,212.72
12.08,14.0,36,2.27,0,0,260.4
1.22,87.0,9,2.14,0,0,140.9
6.92,80.0,30,3.19,1,0,273.45
18.44,80.0,22,2.09,1,0,554.17
24.8,37.0,58,2.87,0,0,463.28
3.38,,49,2.37,1,0,170.29
10.64,61.0,55,2.31,0,0,254.44
20.2,71.0,38,3.01,1,1,706.59
5.9,115.0,1,3.07,1,1,468.21
14.32,54.0,43,2.76,0,0,335.09
18.59,55.0,33,2.39,1,0,518.48
15.78,99.0,33,2.5,0,0,383.48
5.51,73.0,23,2.2,0,0,208.52
9.53,44.0,29,1.15,0,0,217.53
19.81,89.0,39,1.83,0,1,591.18
14.3,26.0,28,2.68,0,0,319.57
1.13,96.0,23,1.63,0,0,94.38
19.26,81.0,17,2.76,1,0,650.32
1.85,31.0,35,1.98,0,0,81.98
18.9,59.0,23,2.24,0,1,577.62
5.86,30.0,36,2.77,0,0,176.1
23.99,55.0,17,1.35,0,1,707.13
9.83,66.0,50,2.01,0,0,244.68
8.85,14.0,22,1.85,0,0,204.44
4.57,91.0,1,2.39,1,0,403.06
8.33,40.0,49,2.84,0,0,220.7
22.04,42.0,28,1.02,0,0,426.45
24.91,86.0,40,2.04,1,0,672.75
9.84,12.0,21,2.47,0,0,220.57
11.77,62.0,19,1.53,0,0,300.84
18.33,92.0,13,2.45,0,0,563.83
22.27,95.0,28,3.46,1,0,718.01
15.23,57.0,29,2.31,1,0,440.86
10.4,67.0,2,2.18,1,0,708.8
10.9,24.0,54,1.29,0,0,205.31
17.69,59.0,59,,0,0,372.23
1.08,72.0,5,2.33,1,0,210.35
15.87,37.0,28,2.74,0,0,346.95
9.53,55.0,46,2.54,0,0,211.79
20.06,111.0,24,1.8,1,0,653.98
3.23,10.0,25,2.75,0,0,117.67
15.12,80.0,47,1.16,0,0,278.55
12.54,94.0,29,3.11,1,0,419.1
16.42,67.0,16,1.3,0,0,410.23
2.56,87.0,13,1.12,0,0,182.3
14.92,60.0,6,,1,0,655.58
14.48,95.0,22,2.73,1,0,523.1
14.46,79.0,33,2.2,0,0,353.8
15.48,26.0,50,1.85,0,0,309.56
17.24,117.0,39,1.93,1,0,531.72
20.32,16.0,44,2.48,0,0,411.05
7.48,88.0,39,2.64,0,1,257.27
20.8,81.0,33,1.08,0,0,435.13
12.96,99.0,45,2.55,1,0,413.15
2.85,87.0,1,2.91,1,1,354.19
2.41,19.0,20,2.21,0,0,110.75
9.02,80.0,40,2.96,1,0,303.87
19.84,58.0,22,3.19,1,1,732.3
17.98,71.0,5,2.93,0,0,742.97
19.93,75.0,33,,0,0,440.04
13.41,17.0,56,2.11,0,0,264.75
11.56,69.0,34,3.2,1,0,374.73
4.54,45.0,10,2.18,0,1,236.68
8.88,59.0,31,1.77,0,0,246.43
11.42,91.0,41,2.25,0,0,269.9
3.13,11.0,26,2.3,0,0,123.49
6.29,44.0,1,2.97,1,0,468.47
15.36,55.0,5,1.41,0,0,540.65
18.66,116.0,7,2.81,1,0,981.97
24.96,49.0,52,2.77,0,1,645.26
23.39,66.0,55,2.74,0,0,464.78
16.42,50.0,38,3.3,1,1,629.41
11.11,81.0,18,2.39,0,0,336.66
16.27,47.0,19,1.31,0,0,314.63
19.86,56.0,6,2.72,1,1,928.76
3.84,84.0,53,1.22,0,0,143.92
10.84,,45,2.63,0,0,254.21
21.16,48.0,8,1.58,0,0,551.82
10.21,76.0,54,2.53,0,0,212.37
14.72,64.0,38,3.43,1,0,444.51
15.11,127.0,37,3.58,1,0,518.75
5.43,96.0,25,2.51,0,0,184.49
9.69,69.0,1,2.93,1,0,654.57
9.03,85.0,49,3.0,1,1,365.74
1.63,50.0,56,1.64,0,0,126.34
1.58,59.0,25,1.35,0,0,102.08
20.96,53.0,18,1.26,0,0,445.19
7.55,49.0,38,2.16,1,1,318.6
13.43,112.0,1,3.67,1,0,846.96
8.17,11.0,15,1.33,0,0,167.87
23.58,60.0,31,3.25,1,0,667.42
7.22,84.0,18,1.37,0,0,252.32
11.31,83.0,51,2.95,0,0,290.8
21.95,64.0,14,2.53,1,0,713.88
21.21,78.0,39,1.82,0,0,452.07
5.47,31.0,31,1.81,0,0,112.58
20.26,78.0,53,2.63,0,0,395.99
12.0,82.0,10,1.44,0,0,432.38
12.59,20.0,11,2.66,0,0,306.54
4.2,53.0,49,2.31,0,0,134.41
2.93,44.0,1,2.24,1,0,304.94
18.47,45.0,7,1.93,1,0,624.17
12.92,25.0,42,2.55,0,0,289.17
11.48,55.0,21,1.44,0,0,280.36
18.51,63.0,32,3.58,1,0,544.68
19.37,23.0,40,1.26,0,0,342.17
4.81,33.0,42,2.23,0,0,146.93
15.65,85.0,5,,0,0,723.32
4.25,32.0,5,2.32,0,0,196.5
19.03,48.0,23,,0,0,419.84
16.77,15.0,58,2.75,0,0,330.95
23.96,30.0,55,2.54,0,0,452.06
2.65,112.0,24,2.82,1,0,192.49
2.37,85.0,7,3.01,1,0,264.07
7.77,50.0,11,2.13,0,1,344.16
7.28,98.0,37,3.69,1,1,365.21
6.93,78.0,24,2.79,0,1,309.09
22.75,51.0,48,1.47,0,0,430.41
6.99,98.0,3,2.33,1,0,533.65
7.53,44.0,17,2.96,0,0,228.44
19.23,50.0,43,1.47,0,0,347.7
11.79,76.0,24,2.91,0,0,309.26
19.64,122.0,19,3.1,1,0,750.39
2.57,92.0,9,1.1,0,0,219.91
12.7,104.0,42,2.47,1,0,411.2
1.81,125.0,46,2.75,1,0,145.07
2.5,58.0,44,3.47,1,0,157.16
22.75,99.0,29,1.66,0,1,694.41
4.34,88.0,16,1.62,0,0,172.72
13.78,28.0,30,2.84,0,0,314.62
10.87,34.0,26,1.16,0,0,239.6
9.34,78.0,1,2.9,1,0,620.17
22.6,42.0,12,2.01,0,0,536.57
1.52,119.0,30,1.91,1,0,155.62
16.93,49.0,53,1.18,0,0,295.02
24.12,51.0,1,2.56,1,0,1370.42
14.44,39.0,26,1.27,0,0,292.06
23.48,79.0,54,1.96,0,0,478.83
2.25,81.0,34,3.02,1,0,154.5
11.05,23.0,25,2.38,0,0,275.49
7.24,14.0,25,2.09,0,0,173.42
18.54,45.0,35,1.76,0,0,375.61
24.55,68.0,5,1.26,0,0,858.41
7.16,96.0,35,2.29,1,0,259.87
16.7,126.0,21,2.64,1,0,631.28
5.75,69.0,6,2.85,0,0,322.99
14.57,87.0,33,1.41,0,0,313.75
12.13,72.0,46,1.83,0,1,368.47
24.33,88.0,40,3.26,1,0,719.17
15.6,104.0,1,3.21,1,0,945.05
9.39,91.0,36,3.73,1,0,337.83
3.74,18.0,12,1.38,0,0,102.68
4.63,25.0,39,1.03,0,0,122.77
6.41,44.0,49,1.64,0,0,179.4
7.02,83.0,39,1.3,0,0,201.3
21.41,55.0,1,2.9,1,0,1233.33
14.47,42.0,27,2.8,0,0,356.75
13.56,90.0,17,3.18,1,0,528.25
3.75,70.0,47,1.27,0,1,173.83
21.64,118.0,40,2.03,1,0,627.51
18.35,68.0,43,2.82,0,0,392.39
2.62,81.0,23,1.98,0,0,128.5
17.99,13.0,19,2.85,0,0,337.79
14.04,41.0,2,3.27,1,0,729.05
2.96,80.0,37,2.99,0,1,208.13
12.0,97.0,29,3.54,1,0,460.51
12.63,71.0,44,1.83,0,0,282.14
4.98,34.0,17,2.52,0,0,162.72
23.7,110.0,44,2.74,1,0,682.86
21.4,34.0,35,1.47,0,0,406.11
17.06,75.0,11,1.48,0,0,486.91
12.1,35.0,24,1.79,0,0,247.34
10.88,94.0,32,2.02,1,0,341.04
16.62,12.0,12,1.36,0,0,308.5
14.09,55.0,40,2.0,0,0,297.69
2.49,38.0,59,2.91,0,0,125.32
13.3,67.0,18,2.16,0,0,345.32
20.35,20.0,34,1.82,0,0,351.77
12.02,30.0,55,1.49,0,0,232.47
2.25,82.0,3,2.19,1,0,309.33
19.87,13.0,17,2.32,0,0,374.41
5.83,108.0,6,3.5,1,1,486.07
7.21,109.0,1,2.6,1,0,525.95
4.95,61.0,32,2.9,1,0,184.34
8.93,15.0,25,2.41,0,0,216.43
19.16,87.0,33,1.12,0,0,410.17
13.47,61.0,14,2.5,1,0,447.45
5.92,25.0,54,2.46,0,0,140.26
22.07,45.0,13,2.37,0,0,512.69
22.11,89.0,9,1.91,1,1,1043.84
21.89,67.0,57,1.48,0,0,421.56
6.73,80.0,37,2.36,0,1,251.12
11.83,96.0,57,1.54,0,0,276.87
24.64,90.0,1,3.43,1,1,1360.37
19.53,87.0,7,1.06,0,0,717.52
1.65,86.0,17,2.18,1,1,194.16
2.56,62.0,26,1.56,0,0,132.01
12.13,15.0,43,2.85,0,0,261.23
22.82,34.0,17,2.59,0,0,507.71
13.93,12.0,13,2.77,0,0,330.65
12.95,22.0,38,1.88,0,0,275.77
3.53,62.0,16,2.65,0,0,168.32
16.76,106.0,28,3.51,1,0,560.77
20.73,40.0,49,1.8,0,0,402.91
10.13,76.0,37,2.99,0,0,262.06
19.61,90.0,54,2.7,0,0,446.14
24.15,94.0,29,3.75,1,1,923.54
5.89,75.0,32,2.73,0,0,172.78
13.56,14.0,43,2.55,0,1,370.21
7.89,48.0,1,3.69,1,0,531.91
20.03,38.0,51,1.84,0,0,380.69
14.86,44.0,16,2.57,0,1,472.1
16.23,44.0,47,1.43,0,0,278.75
20.15,89.0,7,3.27,1,0,935.13
10.5,39.0,7,2.57,0,0,336.43
22.96,24.0,22,2.43,0,0,441.5
13.79,68.0,41,3.5,1,0,417.53
4.79,34.0,30,1.83,0,0,161.67
17.7,114.0,4,2.89,1,0,1051.0
20.04,66.0,56,1.02,0,0,340.73
8.6,60.0,8,1.29,0,0,307.52
21.57,77.0,41,2.29,0,0,458.11
22.75,67.0,16,2.12,0,0,545.1
7.65,21.0,57,1.39,0,0,160.04
24.6,78.0,55,1.49,0,0,435.71
4.38,46.0,20,1.69,0,0,125.95
5.85,64.0,11,3.23,1,0,264.36
5.42,77.0,44,2.22,0,1,210.41
22.46,63.0,25,1.94,1,0,643.16
16.7,75.0,20,3.32,1,0,569.21
4.65,41.0,1,2.33,1,0,397.5
11.57,74.0,23,3.14,1,0,401.52
15.77,17.0,34,1.25,0,0,281.81
3.0,112.0,42,3.8,1,0,199.47
22.18,67.0,41,1.96,1,0,583.94
20.29,99.0,5,3.28,1,0,1144.72
13.12,63.0,41,2.08,0,0,279.55
24.21,83.0,28,1.97,1,0,696.35
11.03,49.0,48,1.85,1,0,346.35
24.62,44.0,1,2.53,1,0,1323.2
17.03,56.0,43,2.6,0,0,361.82
16.23,40.0,33,1.08,0,0,322.09
4.98,68.0,27,3.21,1,0,246.25
22.17,12.0,53,2.31,0,1,551.35
11.26,35.0,31,1.53,0,0,216.43
4.89,,10,1.95,1,0,218.79
1.3,88.0,21,2.83,0,0,106.69
14.43,86.0,15,1.6,0,0,387.35
13.66,65.0,18,1.22,0,0,356.12
18.26,23.0,17,2.36,0,1,503.22
22.37,85.0,39,1.43,0,0,467.13
2.91,24.0,30,1.95,0,0,136.94
18.56,94.0,56,1.1,0,0,336.84
5.5,54.0,29,2.99,0,0,179.0
21.6,86.0,34,2.7,1,1,787.12
20.66,29.0,48,3.0,0,0,404.98
13.98,27.0,47,1.77,0,0,273.2
18.05,88.0,16,1.7,0,0,504.44
8.54,100.0,41,3.63,1,0,298.35
12.31,115.0,47,2.46,1,0,409.95
20.72,14.0,8,1.86,0,0,420.24
12.02,67.0,46,1.16,0,0,248.81
9.59,90.0,52,2.91,0,1,322.72
12.86,116.0,35,1.97,1,0,400.91
20.88,69.0,53,2.54,0,1,588.05
9.04,22.0,31,2.08,0,0,212.38
5.17,119.0,48,1.92,1,0,227.29
18.09,79.0,39,1.8,1,0,525.02
20.82,76.0,12,2.87,0,1,779.68
3.42,,49,3.28,1,0,179.01
6.76,11.0,12,2.37,0,0,163.82
4.41,128.0,23,2.68,1,0,273.66
9.35,62.0,7,1.48,0,0,382.82
11.81,76.0,25,2.36,0,0,288.39
18.97,20.0,35,2.22,0,0,351.9
16.63,20.0,17,2.45,0,0,389.19
15.9,19.0,35,1.73,0,0,266.08
9.46,37.0,21,2.97,0,0,238.5
21.19,20.0,52,1.13,0,0,363.39
12.31,16.0,36,1.16,0,0,259.96
24.5,68.0,18,3.63,1,0,807.5
16.22,74.0,6,2.3,0,0,645.58
4.03,61.0,46,1.65,0,1,181.02
17.23,24.0,7,2.52,0,0,437.15
8.8,16.0,30,1.91,0,0,211.98
17.47,77.0,6,1.04,0,0,656.2
2.67,64.0,37,2.3,0,0,133.68
5.2,12.0,38,1.49,0,0,129.53
21.54,29.0,30,1.23,0,1,521.19
6.45,42.0,28,2.25,1,0,252.42
21.09,38.0,42,1.95,0,1,584.51
7.7,29.0,18,1.1,0,0,178.25
16.43,19.0,35,2.77,0,0,321.47
17.66,100.0,14,2.92,1,1,768.61
13.3,99.0,14,1.59,0,0,445.63
8.33,129.0,14,3.17,1,1,533.17
6.1,46.0,37,2.61,0,0,169.22
1.8,93.0,49,2.23,0,0,121.06
8.29,90.0,42,2.2,1,0,270.99
16.68,81.0,1,2.02,1,0,987.7
23.52,82.0,50,2.72,0,0,465.49
21.91,84.0,55,1.47,0,0,428.04
19.39,39.0,16,1.04,0,0,404.83
19.92,,10,3.09,1,0,794.91
16.96,96.0,13,1.31,0,0,541.85
7.25,33.0,15,2.98,0,0,240.13
22.77,40.0,25,2.74,0,0,478.72
17.1,32.0,16,2.22,0,0,408.2
14.45,62.0,8,2.67,0,0,486.68
3.66,51.0,30,1.94,0,0,129.99
11.73,45.0,23,2.58,0,0,288.8
12.05,43.0,46,2.29,0,0,295.08
21.75,94.0,51,1.06,0,0,416.01
14.12,35.0,21,2.9,0,0,343.81
10.13,80.0,48,2.72,0,0,259.93
24.44,34.0,5,2.91,0,0,699.54
3.66,12.0,52,2.46,0,0,107.49
11.14,52.0,12,1.82,0,1,391.74
2.01,121.0,24,2.21,1,0,187.52
18.76,15.0,55,1.36,0,0,326.09
23.03,63.0,45,1.29,0,0,423.56
7.72,61.0,28,1.44,0,0,178.96
21.6,22.0,47,2.1,0,0,386.62
8.01,75.0,21,2.37,0,0,245.27
22.86,65.0,58,1.63,0,0,450.38
19.1,56.0,34,2.1,0,1,521.19
20.32,86.0,45,1.68,0,0,434.07
1.43,74.0,56,2.39,0,1,150.29
24.11,105.0,37,3.78,1,0,728.53
18.44,107.0,3,3.18,1,0,1058.09
8.31,52.0,1,1.92,1,0,617.77
20.91,39.0,30,1.95,0,0,452.68
7.76,115.0,26,3.34,1,0,324.29
21.95,72.0,21,2.88,1,0,668.26
3.7,77.0,35,3.7,1,0,185.08
17.89,52.0,15,1.11,0,0,407.48
13.98,42.0,1,2.38,1,0,809.4
3.32,52.0,56,1.44,0,1,163.8
6.81,82.0,41,2.54,0,1,247.92
1.3,80.0,22,2.05,0,0,118.23
12.25,43.0,48,2.08,1,0,320.63
8.23,71.0,2,2.37,1,0,615.49
15.36,10.0,31,2.05,0,0,319.9
8.13,,22,2.99,0,0,223.89
8.2,45.0,13,1.73,0,0,219.28
18.84,35.0,6,1.31,0,1,637.37
2.16,86.0,21,1.99,0,0,127.34
22.67,31.0,15,1.62,0,0,459.07
21.45,127.0,40,2.93,1,0,635.39
17.03,20.0,10,1.93,0,0,368.68
15.24,34.0,9,2.38,0,0,405.38
22.42,118.0,6,3.63,1,0,1280.47
5.45,84.0,38,2.2,1,0,236.0
2.9,75.0,36,3.44,1,1,203.02
6.75,43.0,39,,0,0,185.91
20.07,73.0,45,2.55,1,0,545.58
1.83,41.0,28,1.23,0,0,94.4
14.99,64.0,24,3.44,1,1,598.65
24.89,106.0,46,3.2,1,1,889.32
21.54,98.0,11,2.23,1,0,850.35
13.51,66.0,51,1.89,0,0,285.19
2.53,38.0,40,2.16,0,0,111.26
20.95,60.0,1,2.14,1,0,1179.5
15.38,112.0,26,3.23,1,0,531.94
3.76,94.0,38,2.38,0,1,214.08
3.25,60.0,38,3.57,1,0,174.31
22.83,80.0,20,2.13,0,0,571.47
17.06,56.0,11,2.15,0,0,462.93
20.9,41.0,36,2.24,0,0,440.97
22.1,31.0,21,1.55,0,0,420.74
14.72,51.0,36,2.52,0,1,400.17
13.42,50.0,8,3.12,1,0,508.44
11.33,67.0,30,2.68,0,0,310.12
8.61,87.0,13,2.54,0,0,329.02
11.43,80.0,7,3.08,1,0,538.86
19.57,125.0,44,2.12,1,0,569.55
15.45,34.0,29,2.84,0,0,315.72
22.42,25.0,16,1.73,0,1,587.03
11.64,75.0,49,2.93,0,0,273.74
15.57,109.0,10,2.6,1,0,740.44
16.15,43.0,53,1.29,0,0,287.6
15.2,55.0,34,2.77,0,0,336.32
17.86,87.0,46,3.39,1,0,504.73
6.7,46.0,25,2.57,0,0,168.05
13.3,31.0,28,1.18,0,0,254.45
3.5,119.0,37,3.56,1,0,196.45
10.23,16.0,9,2.19,0,0,245.19
12.7,56.0,51,1.94,0,0,303.97
16.65,116.0,27,3.63,1,0,598.66
23.81,56.0,43,3.13,1,0,614.19
15.42,12.0,35,1.27,0,1,413.86
18.85,21.0,54,2.04,0,1,488.32
13.15,109.0,3,3.07,1,0,822.51
16.22,85.0,53,2.8,0,0,375.24
2.7,84.0,39,,0,0,112.19
7.11,28.0,12,2.59,0,0,204.54
9.68,40.0,15,2.6,0,0,272.15
12.34,41.0,11,2.06,1,0,424.05
2.1,27.0,20,1.03,0,0,88.2
4.36,94.0,14,2.96,1,0,281.47
7.64,43.0,21,3.38,1,1,351.56
24.32,61.0,8,2.91,1,1,1072.44
8.95,117.0,16,3.43,1,0,421.7
12.57,117.0,48,3.04,1,1,506.39
5.71,43.0,53,2.31,0,0,171.32
15.66,57.0,11,1.06,0,0,397.41
7.74,109.0,5,,1,0,558.93
5.97,85.0,21,2.45,0,0,198.8
13.4,33.0,17,2.53,0,1,423.12
1.13,54.0,55,2.08,0,0,111.66
1.18,19.0,21,2.18,0,0,92.15
6.26,85.0,5,3.03,1,1,507.48
1.88,75.0,1,2.01,1,0,271.42
3.59,60.0,20,2.34,0,0,142.56
9.13,71.0,25,2.76,1,0,331.43
20.26,41.0,25,2.21,0,0,413.7
14.73,54.0,27,2.93,1,0,446.07
13.3,18.0,17,2.53,0,0,304.87
8.04,97.0,43,2.44,1,0,283.28
23.36,45.0,33,1.75,0,1,608.94
10.53,31.0,19,1.78,0,0,269.65
3.09,52.0,4,3.32,1,0,244.92
15.81,50.0,37,1.86,0,0,309.25
3.73,117.0,9,2.15,1,1,347.35
9.29,35.0,47,2.97,0,0,211.83
13.18,70.0,17,1.99,0,0,381.27
21.98,53.0,39,1.22,0,0,417.07
12.85,98.0,58,2.34,0,1,420.0
17.85,95.0,25,2.48,0,0,490.37
24.83,69.0,24,2.8,1,0,731.69
4.16,86.0,52,2.29,0,0,166.3
7.59,76.0,40,2.15,1,0,262.32
10.47,67.0,47,1.74,0,0,241.7
11.12,92.0,46,1.32,0,1,359.33
10.86,44.0,49,1.77,0,0,265.84
22.78,58.0,11,2.13,0,0,612.16
18.14,98.0,43,2.69,1,0,526.49
15.59,16.0,28,2.19,0,0,306.05
8.42,44.0,20,2.0,0,0,200.38
20.77,48.0,9,1.64,0,0,526.78
23.92,15.0,10,1.29,0,1,594.5
20.71,87.0,6,1.51,0,0,831.73
1.04,74.0,7,1.4,0,0,147.59
16.27,94.0,57,2.41,0,0,364.45
2.23,66.0,4,3.44,1,0,281.86
7.18,125.0,18,3.24,1,0,361.21
2.43,20.0,52,2.29,0,0,111.98
15.49,18.0,37,1.62,0,0,307.48
17.48,49.0,14,3.22,1,1,684.24
3.75,93.0,47,3.01,1,0,171.71
10.21,82.0,16,1.89,1,1,474.03
11.95,89.0,26,3.62,1,0,435.78
9.86,55.0,34,1.16,0,0,205.78
3.9,102.0,1,2.81,1,0,340.65
11.05,88.0,1,2.83,1,0,742.34
19.03,40.0,55,2.67,0,0,360.12
2.7,72.0,8,2.83,0,0,178.49
2.92,17.0,43,2.88,0,0,123.04
9.51,49.0,35,2.14,0,0,217.11
23.6,69.0,13,2.36,0,0,606.97
17.05,60.0,34,1.18,0,0,348.97
17.29,14.0,57,1.98,0,0,326.5
9.69,40.0,33,2.8,0,0,260.09
15.25,16.0,58,1.91,0,0,297.59
1.24,84.0,19,1.94,1,0,161.48
16.27,56.0,56,1.4,0,0,296.25
22.92,53.0,33,2.66,1,0,641.97
15.7,64.0,29,2.28,1,1,567.0
21.97,124.0,19,2.58,1,0,786.46
18.38,86.0,31,2.47,1,1,685.39
3.89,55.0,40,1.64,0,1,181.27
22.66,54.0,15,1.18,0,0,498.03
2.59,40.0,30,2.77,0,0,127.31
13.82,91.0,36,3.19,1,0,452.44
4.41,13.0,50,2.25,0,1,178.28
1.28,55.0,29,2.21,0,0,102.18
11.13,68.0,15,2.59,1,0,405.03
8.08,88.0,43,3.45,1,0,308.06
12.66,104.0,1,3.66,1,0,808.0
14.85,10.0,14,1.01,0,0,261.25
2.05,77.0,43,1.16,0,0,101.88
3.95,93.0,39,,0,0,147.86
14.41,68.0,37,1.47,0,0,302.25
9.24,76.0,35,3.62,1,0,341.75
18.5,87.0,35,2.33,0,0,430.85
16.65,61.0,8,1.74,0,0,533.49
21.29,117.0,1,2.63,1,1,1221.71
17.62,11.0,9,2.38,0,0,360.33
11.32,60.0,11,2.08,1,0,431.92
17.15,68.0,43,3.57,1,0,510.53
7.61,115.0,7,1.81,1,0,486.79
8.35,91.0,5,2.96,0,1,542.02
19.94,47.0,49,1.34,0,0,333.86
11.71,71.0,33,3.28,1,0,397.1
20.16,80.0,38,1.88,1,0,552.45
20.74,31.0,27,1.86,0,1,536.58
21.58,51.0,45,2.26,0,0,440.48
23.0,21.0,57,1.14,0,0,358.27
11.34,96.0,44,2.69,1,0,374.96
8.65,94.0,29,1.61,0,0,243.11
14.97,17.0,56,2.0,0,0,283.62
9.91,37.0,57,2.01,0,0,211.64
15.43,66.0,35,2.57,0,0,374.15
17.93,92.0,7,2.05,1,0,843.95
17.52,95.0,5,1.17,0,0,793.97
9.99,89.0,38,1.8,0,1,348.38
5.0,85.0,33,2.78,0,0,179.58
11.33,26.0,35,2.71,0,1,345.76
4.42,30.0,12,2.12,0,0,154.87
22.36,60.0,6,2.78,0,1,913.62
9.3,16.0,16,2.61,0,0,228.32
4.71,100.0,27,,1,0,209.38
1.61,93.0,34,1.34,0,0,131.46
16.5,93.0,35,2.4,1,0,491.13
16.29,50.0,31,1.45,0,0,342.84
9.17,69.0,29,2.25,0,0,241.07
2.72,53.0,42,2.17,0,0,105.48
10.83,86.0,54,2.2,0,0,269.11
8.47,38.0,37,1.38,0,0,192.7
17.25,52.0,42,2.58,0,0,366.57
15.54,46.0,56,1.87,0,0,329.87
9.75,70.0,20,1.94,0,0,283.8
6.23,68.0,36,2.99,0,0,180.63
24.71,70.0,28,1.56,0,0,510.91
11.9,81.0,6,1.79,0,0,527.2
17.52,59.0,1,3.15,1,0,1048.17
4.37,53.0,24,,0,0,165.55
12.65,95.0,21,2.05,1,0,445.26
1.66,57.0,26,2.47,0,0,105.37
13.13,113.0,33,3.64,1,0,463.08
24.14,24.0,52,1.85,0,0,456.11
10.22,115.0,13,2.37,1,0,482.03
1.94,65.0,11,2.36,0,1,199.61
1.74,65.0,7,1.49,0,0,152.48
10.31,55.0,54,1.77,0,0,247.93
4.84,66.0,38,2.79,0,0,157.66
1.56,84.0,35,2.98,1,0,122.11
19.15,89.0,27,1.19,0,0,421.12
12.0,51.0,9,1.66,0,0,346.67
7.94,71.0,47,2.25,0,1,273.58
22.6,17.0,7,1.96,0,0,454.86
3.79,93.0,28,2.32,0,1,209.58
23.94,23.0,31,2.52,0,0,464.91
8.54,35.0,38,1.96,0,0,196.43
22.32,50.0,55,2.97,0,0,446.18
15.47,38.0,47,2.83,0,0,313.18
20.84,72.0,25,1.12,0,0,445.92
24.62,22.0,16,1.53,0,0,473.86
7.92,95.0,36,1.6,0,0,232.83
24.07,99.0,51,1.37,0,0,483.76
10.35,98.0,43,2.42,1,0,359.18
10.25,86.0,16,2.65,1,0,433.48
9.17,127.0,28,1.9,1,0,356.07
13.99,30.0,27,1.25,0,0,300.07
4.7,51.0,49,1.99,1,0,168.66
14.29,33.0,5,1.09,0,0,421.19
14.0,30.0,8,1.96,0,0,348.66
19.29,13.0,21,1.67,0,0,361.95
21.01,64.0,20,3.67,1,0,681.17
11.57,47.0,25,2.01,1,0,336.49
8.26,45.0,43,2.85,0,0,207.37
7.22,43.0,41,1.17,0,1,254.67
5.67,59.0,44,2.24,0,0,158.38
2.38,67.0,27,2.3,1,0,167.85
9.22,101.0,22,3.45,1,0,357.22
7.49,83.0,14,1.12,0,0,248.04
24.19,53.0,40,2.91,0,0,519.94
14.39,41.0,50,1.09,0,0,259.28
9.33,47.0,3,2.28,1,0,498.89
14.93,93.0,20,2.73,1,0,550.52
4.34,26.0,53,2.51,0,0,153.34
11.66,21.0,50,2.9,0,0,224.82
16.03,129.0,45,2.66,1,1,601.52
12.73,76.0,38,2.51,0,1,378.83
10.64,114.0,8,3.25,1,0,595.12
24.85,87.0,45,2.14,0,0,526.6
22.13,110.0,20,3.18,1,0,764.13
15.96,65.0,31,1.88,1,1,568.5
14.67,42.0,35,1.88,0,0,325.98
15.9,83.0,41,3.37,1,0,483.99
5.83,41.0,42,1.95,0,0,160.63
10.48,77.0,42,3.55,1,0,375.21
1.95,123.0,37,3.47,1,0,145.55
12.41,19.0,32,2.73,0,0,275.63
14.03,88.0,45,,0,1,409.27
6.47,88.0,48,1.49,0,0,188.28
24.14,109.0,34,1.86,1,0,697.09
22.83,128.0,11,3.77,1,0,1069.2
18.33,10.0,16,1.47,0,0,314.65
13.8,109.0,21,2.53,1,0,495.55
21.88,86.0,5,1.55,0,0,931.66
4.14,84.0,44,1.08,0,0,145.92
19.97,97.0,37,1.52,0,0,460.7
4.0,93.0,17,1.2,0,0,169.01
20.06,99.0,9,1.79,0,0,742.8
7.62,34.0,56,2.93,0,0,174.87
22.05,61.0,41,2.4,0,0,472.52
23.66,91.0,34,3.21,1,0,712.76
4.57,21.0,47,1.91,0,0,112.62
12.1,55.0,32,2.62,0,0,289.61
24.54,18.0,28,2.82,0,0,454.93
12.6,84.0,14,3.72,1,0,533.72
21.73,75.0,34,2.0,1,0,596.59
15.13,48.0,36,3.56,1,0,455.63
10.01,79.0,31,2.25,1,0,309.79
7.86,43.0,24,1.79,0,0,212.15
5.88,97.0,27,1.69,0,0,184.76
19.28,92.0,1,3.15,1,0,1154.46
10.28,84.0,1,3.0,1,0,692.07
13.27,42.0,19,1.22,0,0,305.14
12.82,68.0,40,3.37,1,1,499.74
14.85,77.0,47,2.68,1,0,446.46
21.77,87.0,1,1.8,1,0,1243.79
24.54,116.0,28,2.63,1,0,780.16
10.78,91.0,43,2.03,0,0,278.94
20.86,68.0,43,1.14,0,0,383.37
19.35,71.0,50,1.3,0,0,382.76
14.76,44.0,27,2.99,0,1,469.16
23.95,86.0,41,3.54,1,0,687.2
5.81,68.0,21,,0,0,220.53
3.62,68.0,13,2.16,0,0,175.17
21.5,11.0,8,1.76,0,0,425.5
11.54,128.0,24,2.89,1,0,443.98
21.33,69.0,52,1.94,0,0,420.61
22.43,15.0,18,1.1,0,0,408.84
2.5,34.0,34,1.63,0,1,139.56
22.2,62.0,35,1.25,0,0,425.42
11.76,123.0,1,2.78,1,0,773.18
13.25,117.0,21,3.61,1,0,551.05
16.04,13.0,6,2.99,0,0,379.0
23.23,111.0,39,3.69,1,0,718.49
1.46,65.0,44,2.97,0,0,119.88
12.44,41.0,35,1.83,1,0,332.01
17.51,26.0,14,2.46,0,0,391.62
18.34,107.0,18,2.35,1,0,648.02
17.62,57.0,24,2.73,0,0,436.62
4.23,36.0,46,2.63,0,0,135.84
8.19,92.0,59,1.85,0,0,215.26
9.61,43.0,20,1.95,0,0,238.28
20.31,80.0,35,2.33,1,0,552.17
7.69,15.0,42,1.58,0,1,277.26
6.06,15.0,58,2.96,0,0,143.05
23.98,67.0,38,3.58,1,0,697.37
1.21,17.0,53,1.38,0,0,77.93
24.95,40.0,36,2.35,1,0,643.48
17.24,89.0,47,1.22,0,0,341.86
20.88,92.0,45,2.98,0,0,479.89
8.07,57.0,12,3.61,1,0,327.19
1.34,89.0,39,2.1,0,0,122.84
18.71,56.0,34,2.39,0,0,425.12
21.02,119.0,31,3.3,1,0,671.53
18.77,20.0,9,1.41,0,0,395.06
4.43,45.0,31,3.67,1,1,264.42
19.08,53.0,5,2.85,1,0,797.84
19.45,31.0,8,1.18,0,1,595.65
16.8,126.0,31,2.59,1,1,691.69
19.39,40.0,55,2.2,0,0,381.64
21.3,37.0,15,1.71,0,0,449.22
15.73,58.0,6,3.2,1,0,680.45
3.13,125.0,43,3.56,1,0,188.39
12.7,40.0,41,3.34,1,0,409.49
2.86,106.0,22,3.09,1,1,255.38
10.78,81.0,59,2.02,0,0,233.52
10.77,22.0,30,1.51,0,0,231.28
2.58,60.0,38,1.91,0,0,127.42
9.37,10.0,5,1.59,0,0,237.26
3.66,38.0,10,2.87,0,0,173.98
20.4,52.0,27,3.61,1,0,611.57
23.74,51.0,51,1.31,0,0,435.3
2.74,68.0,18,3.45,1,0,187.05
23.92,55.0,28,3.21,1,1,844.7
13.54,69.0,12,2.95,0,0,448.59
8.19,43.0,20,1.93,0,0,243.77
2.84,49.0,20,2.44,0,0,144.79
13.01,76.0,20,2.04,0,0,347.15
20.07,94.0,46,1.94,1,0,556.36
17.97,67.0,55,1.09,0,0,339.68
2.21,91.0,28,2.04,1,0,152.58
2.75,103.0,14,2.39,1,0,220.83
10.67,13.0,18,1.52,0,1,322.31
8.09,87.0,20,3.26,1,0,354.21
6.58,81.0,6,2.43,0,1,402.45
7.74,,23,,0,1,285.42
20.28,95.0,6,1.62,0,0,888.52
23.3,19.0,54,2.88,0,0,405.64
10.72,23.0,30,2.23,0,1,346.61
22.75,90.0,19,2.79,1,0,729.51
8.72,55.0,53,2.34,0,0,205.38
12.43,75.0,23,2.41,0,0,329.11
6.42,70.0,50,1.34,0,0,184.6
16.37,11.0,53,2.5,0,0,274.69
24.5,44.0,52,2.45,0,0,486.43
15.48,43.0,55,3.0,0,0,344.81
9.59,79.0,21,2.82,0,0,291.1
16.55,77.0,34,2.37,0,0,400.02
3.95,74.0,16,2.42,0,0,198.03
22.33,74.0,15,,1,0,770.27
13.07,57.0,40,2.93,0,1,396.31
11.78,86.0,34,3.45,1,0,400.97
15.06,99.0,32,2.53,0,1,527.74
15.99,20.0,37,1.22,0,0,284.77
2.72,71.0,50,2.66,0,0,97.28
17.38,13.0,13,1.51,0,0,328.25
6.81,95.0,22,2.13,0,0,235.6
18.13,72.0,18,2.61,1,0,594.2
20.74,43.0,36,1.69,0,0,367.36
20.3,113.0,17,2.42,1,0,748.19
14.26,44.0,16,2.71,0,0,389.42
13.48,62.0,38,2.54,0,0,299.01
4.43,37.0,30,2.05,0,0,127.86
19.61,32.0,10,2.33,0,0,465.19
7.51,88.0,1,3.77,1,1,532.14
12.92,115.0,17,2.6,1,0,527.66
7.82,,44,2.9,1,0,245.46
4.21,86.0,50,2.07,0,0,153.24
16.11,35.0,19,2.87,0,0,353.96
2.3,56.0,26,2.5,1,0,184.34
18.97,52.0,17,2.97,0,1,604.53
8.62,98.0,35,2.41,1,0,328.83
1.0,95.0,32,1.22,0,1,141.85
13.27,105.0,45,2.18,1,0,366.31
2.12,113.0,27,2.65,1,0,188.64
7.63,78.0,2,3.1,1,0,557.98
17.97,35.0,20,2.03,0,0,394.24
2.5,31.0,59,1.75,0,0,128.55
21.14,84.0,43,2.12,0,0,473.95
1.09,61.0,26,,1,0,139.62
6.92,127.0,10,3.48,1,0,423.74
18.78,67.0,49,2.45,0,0,405.02
8.59,38.0,17,2.9,0,1,304.5
3.45,19.0,24,2.18,0,1,162.94
9.65,64.0,13,1.82,1,0,363.39
7.49,30.0,15,1.58,0,0,205.38
21.23,70.0,31,1.66,0,0,443.41
8.52,48.0,20,2.09,0,1,312.04
19.93,86.0,13,2.81,0,0,629.36
22.4,105.0,7,3.48,1,1,1269.99
11.41,15.0,23,1.46,0,1,293.45
22.84,10.0,34,2.04,0,1,581.27
10.06,37.0,59,2.32,0,0,229.29
24.14,,59,2.98,0,0,516.0
3.14,20.0,46,1.06,0,1,146.58
17.49,48.0,43,1.93,0,0,368.0
12.85,78.0,21,2.98,0,0,363.85
10.3,27.0,34,2.95,0,0,225.1
16.19,59.0,23,2.46,1,0,478.37
17.89,115.0,36,1.8,1,0,542.21
1.1,124.0,1,2.97,1,0,256.09
5.01,97.0,44,3.53,1,0,204.55
18.11,59.0,52,1.65,0,0,380.02
16.99,50.0,7,2.87,0,0,581.66
24.19,57.0,14,2.47,1,0,766.81
19.26,43.0,5,2.22,0,0,608.55
23.82,75.0,9,2.44,0,1,922.44
17.86,87.0,37,1.69,0,0,410.87
8.15,74.0,43,1.7,0,0,212.18
3.53,36.0,27,1.94,0,0,124.2
19.76,39.0,22,2.67,0,0,425.55
16.46,95.0,8,1.2,0,0,613.85
2.16,115.0,35,3.06,1,0,169.97
9.64,10.0,37,2.35,0,0,222.92
23.96,80.0,20,,1,0,752.49
13.01,71.0,26,2.87,0,0,339.46
11.39,10.0,34,2.2,0,0,244.82
11.98,14.0,30,2.27,0,0,232.7
6.01,57.0,5,2.2,0,0,286.68
9.85,14.0,10,2.44,0,0,223.94
9.88,80.0,21,1.27,0,0,294.78
2.26,123.0,25,3.59,1,0,200.37
19.42,65.0,42,1.88,1,0,464.88
11.0,58.0,55,2.28,0,0,243.06
20.73,79.0,8,2.23,0,0,738.33
21.41,99.0,14,1.42,0,0,619.92
6.09,70.0,52,1.08,0,0,121.59
16.78,12.0,57,1.28,0,0,304.57
12.33,78.0,33,2.34,1,0,396.42
22.12,87.0,38,2.76,0,0,491.91
6.18,88.0,16,3.51,1,0,294.47
17.27,23.0,56,1.13,0,0,299.29
15.59,59.0,16,2.38,1,0,499.14
8.09,67.0,11,2.78,0,0,299.64
4.28,83.0,33,2.27,1,0,231.21
16.64,48.0,31,,1,0,495.06
18.73,72.0,59,1.51,0,0,351.46
8.58,71.0,19,2.48,0,0,275.16
16.48,45.0,13,2.63,1,0,529.14
10.48,105.0,4,2.07,1,0,719.67
18.12,52.0,41,1.51,0,0,350.59
5.78,73.0,41,2.35,0,0,185.27
22.37,53.0,54,1.67,0,0,398.25
7.9,14.0,8,2.21,0,0,216.38
9.83,22.0,50,1.41,0,0,194.35
2.39,24.0,54,1.9,0,0,93.84
3.68,43.0,45,2.02,0,0,131.28
13.38,95.0,19,2.63,1,0,499.06
7.42,112.0,22,2.2,1,0,310.07
21.05,99.0,53,1.92,0,0,434.0
1.35,69.0,38,3.19,1,0,128.36
10.1,65.0,22,2.93,0,0,312.11
9.1,95.0,52,2.58,0,1,339.9
1.46,64.0,29,2.12,1,0,112.68
3.98,77.0,23,1.55,0,1,228.99
10.93,56.0,46,1.16,0,0,222.72
12.83,37.0,58,1.27,0,1,355.62
10.7,46.0,57,1.5,0,0,205.11
13.74,113.0,14,2.2,1,0,578.87
15.28,112.0,33,2.23,1,0,494.47
1.24,75.0,27,2.26,1,0,137.73
12.14,40.0,1,2.4,1,0,694.84
24.12,114.0,41,2.05,1,0,673.27
13.46,64.0,1,2.36,1,0,818.35
17.26,84.0,45,2.38,0,0,404.89
8.48,80.0,40,2.27,1,0,296.15
19.58,64.0,49,1.34,0,0,396.39
19.55,108.0,13,1.94,1,0,763.45
13.51,96.0,52,2.0,0,0,302.53
24.42,96.0,43,3.48,1,1,890.09
4.01,122.0,3,1.92,1,0,375.98
1.41,42.0,8,2.88,1,1,179.86
19.48,47.0,1,3.1,1,0,1132.64
20.37,57.0,34,2.18,0,0,441.88
3.88,68.0,45,2.76,0,1,185.31
7.37,45.0,56,2.73,0,0,159.21
1.42,64.0,5,1.11,0,0,165.85
8.04,88.0,9,1.72,0,0,363.36
19.56,86.0,27,2.34,0,0,484.39
13.43,50.0,10,2.9,0,0,410.19
9.35,113.0,14,3.41,1,0,449.71
9.92,98.0,40,2.15,1,0,331.06
1.03,43.0,46,1.56,0,1,107.41
8.2,39.0,12,2.53,0,0,246.58
16.52,98.0,35,1.94,0,0,404.8
24.38,71.0,19,2.09,0,0,588.36
21.33,79.0,30,2.22,0,0,483.06
1.57,64.0,37,1.21,0,0,107.42
22.57,90.0,52,2.71,0,0,500.19
19.8,31.0,56,2.73,0,0,402.58
19.73,31.0,43,1.94,0,0,397.4
11.99,91.0,36,2.25,0,0,316.94
10.55,52.0,48,3.12,1,0,325.74
8.27,121.0,1,2.18,1,0,604.69
2.58,32.0,9,1.23,0,0,118.22
6.48,27.0,26,1.04,0,0,145.09
6.92,83.0,35,2.83,0,0,209.68
12.62,75.0,46,1.69,0,0,318.9
18.94,23.0,57,1.17,0,0,316.86
12.37,41.0,9,1.93,0,0,376.62
2.39,39.0,12,1.15,0,0,110.36
23.99,28.0,10,1.17,0,0,499.39
23.63,108.0,4,2.78,1,0,1363.2
19.84,57.0,50,2.02,0,0,380.43
24.79,83.0,44,2.16,0,0,501.56
14.07,14.0,42,2.31,0,0,262.09
24.11,87.0,45,2.34,0,0,493.7
2.81,78.0,41,2.67,1,0,161.59
9.78,52.0,20,2.29,0,0,251.66
6.41,28.0,32,1.61,0,0,167.55
5.7,84.0,5,1.88,0,0,337.2
4.38,48.0,50,1.79,0,1,184.76
15.94,95.0,56,1.66,0,0,325.43
19.75,68.0,22,1.48,0,0,459.98
14.88,91.0,33,1.96,1,0,455.59
4.53,59.0,48,2.01,0,0,151.66
20.47,84.0,46,2.07,0,0,433.64
16.26,95.0,51,1.67,0,0,346.82
10.32,49.0,48,3.75,1,0,339.24
17.18,122.0,33,2.91,1,1,678.52
7.24,54.0,31,,1,0,262.71
9.28,99.0,5,2.94,1,0,631.71
23.02,74.0,1,2.18,1,0,1316.98
7.97,44.0,33,2.95,0,0,221.78
12.28,40.0,1,3.57,1,0,721.59
22.36,86.0,25,2.74,1,0,672.42
17.99,72.0,15,1.49,0,0,493.5
2.49,27.0,34,1.45,0,0,104.76
4.54,65.0,9,,1,1,321.73
1.19,99.0,9,1.94,1,0,205.09
16.14,57.0,26,3.08,1,1,638.43
11.74,102.0,23,3.08,1,0,457.1
4.22,80.0,43,2.16,1,0,201.97
23.99,91.0,47,2.41,0,0,509.85
13.71,52.0,32,2.41,0,0,330.46
6.81,91.0,25,1.7,0,0,245.15
13.01,47.0,42,1.97,0,0,279.68
17.31,,43,2.67,0,1,479.07
2.83,58.0,15,2.05,0,0,143.9
7.59,65.0,36,2.24,0,0,210.91
20.37,88.0,21,2.63,1,0,638.15
12.03,50.0,28,1.3,0,0,283.09
14.12,123.0,31,3.8,1,0,516.27
11.39,99.0,1,2.86,1,0,725.96
2.05,96.0,36,1.67,0,1,152.96
4.98,65.0,57,2.43,0,0,139.95
11.69,115.0,1,3.04,1,0,750.0
6.02,101.0,39,2.27,1,0,273.15
2.2,71.0,38,2.75,0,1,161.35
21.25,51.0,22,1.14,0,0,430.85
24.55,37.0,33,,0,0,449.64
20.04,46.0,10,1.96,0,0,518.84
21.49,29.0,35,1.64,0,0,394.93
6.81,44.0,18,2.65,0,1,270.95
24.06,63.0,15,2.31,0,1,764.83
5.73,110.0,1,3.32,1,0,493.97
23.83,15.0,26,1.83,0,0,441.05
24.88,58.0,45,3.68,1,0,689.86
18.08,47.0,7,2.49,1,1,756.77
24.55,87.0,6,2.86,1,0,1139.66
14.67,75.0,45,2.87,0,0,366.96
7.23,25.0,8,1.17,0,0,196.71
11.49,63.0,32,2.02,1,0,342.46
15.25,64.0,1,3.79,1,0,919.53
2.75,22.0,34,2.94,0,0,134.97
15.94,82.0,58,2.54,0,0,330.18
24.55,69.0,1,2.77,1,0,1377.85
5.56,18.0,53,2.01,0,0,121.67
20.02,72.0,35,1.51,0,0,424.38
22.79,79.0,43,2.67,1,1,819.73
23.65,16.0,46,1.86,0,0,412.65
24.04,89.0,54,1.07,0,0,452.02
13.52,71.0,17,2.71,1,0,467.14
24.46,70.0,18,1.96,0,0,589.1
19.18,69.0,39,2.33,0,0,419.71
4.88,60.0,21,2.03,0,0,183.09
12.45,49.0,36,2.72,0,0,288.36
18.24,118.0,30,2.54,1,0,601.47
6.94,20.0,27,1.82,0,0,169.64
16.37,82.0,38,2.14,0,0,386.82
17.0,25.0,51,1.41,0,1,448.29
4.9,34.0,42,1.79,0,0,133.87
14.56,41.0,45,2.37,0,0,319.02
19.52,,43,1.82,0,0,421.89
12.97,19.0,26,2.81,0,0,302.27
1.29,66.0,46,2.23,0,0,105.56
1.22,93.0,6,1.31,0,0,177.07
9.57,80.0,14,2.77,1,0,434.77
23.23,74.0,18,2.53,0,0,597.15
6.49,41.0,42,2.29,0,0,167.59
16.22,57.0,41,2.77,0,0,374.93
6.33,93.0,31,3.3,1,0,278.15
8.72,84.0,56,1.12,0,0,195.37
21.35,80.0,6,2.03,1,1,1106.9
18.49,92.0,32,2.3,0,0,476.43
3.29,100.0,2,2.28,1,0,345.54
11.29,16.0,33,2.18,0,0,226.26
1.7,92.0,15,3.38,1,0,210.86
12.54,92.0,33,2.95,1,0,400.58
16.9,35.0,52,1.83,0,0,307.96
3.84,70.0,22,2.29,0,1,208.08
7.93,44.0,52,1.29,0,0,182.26
10.55,12.0,23,2.45,0,1,346.22
23.07,108.0,4,3.19,1,0,1333.56
24.84,73.0,13,2.03,0,0,701.94
2.08,20.0,27,1.56,0,0,111.42
19.26,15.0,34,2.6,0,0,359.16
9.92,11.0,26,2.02,0,0,194.71
10.42,116.0,49,1.92,1,0,340.15
19.1,104.0,23,3.64,1,0,655.71
23.04,49.0,10,2.54,0,0,599.45
23.82,54.0,44,2.97,1,0,621.29
14.85,69.0,29,2.67,1,0,461.09
9.57,15.0,18,2.92,0,0,249.39
19.9,60.0,1,3.35,1,0,1137.51
7.02,66.0,50,2.07,0,0,190.66
14.54,64.0,22,2.31,0,0,394.9
9.61,93.0,39,1.56,0,1,301.03
16.76,102.0,24,2.19,1,0,574.47
6.77,18.0,11,1.55,0,0,141.96
5.6,61.0,38,1.59,0,0,154.32
23.04,46.0,42,2.48,0,0,439.43
3.44,79.0,46,1.28,0,1,172.19
13.14,113.0,47,3.36,1,0,442.77
6.3,18.0,23,2.05,0,0,177.92
1.93,25.0,49,1.77,0,0,76.89
1.86,41.0,58,1.6,0,0,83.32
5.21,93.0,15,2.03,0,0,220.92
21.8,93.0,45,1.64,0,0,439.2
7.78,12.0,21,1.86,0,0,165.74
23.81,23.0,15,2.48,0,0,512.0
14.96,30.0,49,2.25,0,0,292.29
11.48,81.0,32,2.5,0,0,297.85
14.92,97.0,7,2.43,0,0,695.49
13.4,86.0,4,3.43,1,1,868.15
19.21,30.0,28,1.4,0,0,349.04
7.78,81.0,27,3.79,1,1,382.68
9.47,26.0,30,1.95,0,1,267.47
22.46,49.0,9,2.44,0,1,782.4
23.71,67.0,28,2.36,0,1,711.61
22.42,13.0,48,2.13,0,0,399.44
11.07,51.0,30,2.99,0,0,279.86
19.73,,1,2.23,1,0,1159.03
12.43,66.0,16,1.84,0,0,368.61
12.94,45.0,43,1.26,0,0,281.2
5.91,61.0,48,1.36,0,0,160.42
15.19,61.0,30,3.23,1,0,480.82
5.47,128.0,11,1.81,1,0,346.54
8.96,77.0,20,2.78,0,0,303.88
21.52,19.0,35,2.27,0,0,374.23
5.97,33.0,22,1.88,0,0,131.47
2.71,74.0,26,2.46,1,0,176.97
2.66,117.0,1,2.05,1,0,321.93
23.58,59.0,43,3.64,1,0,627.75
13.17,61.0,14,2.42,0,0,372.27
10.83,23.0,52,1.67,0,0,209.1
20.46,78.0,33,1.94,1,0,559.9
21.06,112.0,8,2.45,1,0,1008.4
8.97,73.0,46,2.17,1,0,297.52
17.65,93.0,51,,0,0,421.88
19.51,76.0,14,2.44,0,0,558.98
16.71,85.0,59,2.0,0,0,330.01
4.64,51.0,22,3.57,1,0,213.36
22.02,51.0,28,1.36,0,0,381.35
13.94,95.0,58,1.9,0,0,323.32
7.78,40.0,44,2.42,0,1,262.78
11.21,80.0,38,1.14,0,0,271.02
1.9,18.0,53,1.75,0,0,98.94
4.07,60.0,45,2.14,0,0,141.0
19.37,46.0,13,1.73,0,0,474.11
1.0,61.0,41,2.76,1,0,113.13
11.0,48.0,23,3.02,1,0,377.42
13.54,89.0,49,1.74,0,0,287.8
2.31,103.0,35,2.01,1,0,173.17
24.35,72.0,40,1.28,0,0,481.03
6.43,124.0,3,2.85,1,0,499.1
8.3,112.0,35,2.15,1,0,308.75
8.29,21.0,51,2.78,0,0,175.98
6.53,36.0,15,2.67,0,0,168.04
1.04,56.0,25,1.7,0,0,92.05
18.5,112.0,7,3.46,1,1,1089.81
24.2,37.0,53,2.07,0,0,456.03
6.38,44.0,28,1.32,0,0,179.95
16.91,47.0,5,2.23,0,0,568.99
18.81,80.0,29,3.16,1,0,602.75
21.36,106.0,29,1.97,1,0,659.85
11.14,65.0,25,1.63,0,0,281.45
8.27,48.0,41,1.81,1,0,260.79
8.81,42.0,1,2.43,1,0,608.88
18.1,90.0,15,2.47,1,0,655.02
20.6,86.0,8,2.26,0,0,751.98
5.36,58.0,37,1.4,0,1,216.88
9.9,89.0,40,1.06,0,0,255.03
22.65,44.0,12,1.63,0,0,513.9
20.36,25.0,33,2.65,0,0,404.93
24.64,49.0,57,1.8,0,0,432.48
19.1,,11,1.83,0,0,570.27
10.44,17.0,5,1.94,0,0,261.84
15.18,63.0,9,2.5,0,1,589.73
16.86,42.0,17,1.96,0,0,368.94
2.88,90.0,20,1.98,1,0,196.61
14.07,41.0,6,2.21,1,1,628.59
18.02,47.0,12,1.38,0,0,419.77
5.02,95.0,47,2.82,1,0,212.26
19.74,29.0,53,1.06,0,0,345.81
15.01,91.0,28,2.37,1,0,481.35
23.85,18.0,26,2.21,0,0,451.9
2.02,74.0,54,1.71,0,1,114.44
7.37,75.0,13,2.42,0,0,296.9
15.44,28.0,13,1.78,0,1,463.91
8.12,25.0,49,2.96,0,0,188.57
18.15,78.0,22,2.93,0,0,463.59
19.22,29.0,21,2.6,0,1,562.62
3.46,91.0,1,3.71,1,0,338.97
13.33,23.0,43,1.41,0,1,364.73
13.21,86.0,55,2.5,0,0,260.32
9.86,44.0,38,1.64,0,0,197.54
23.39,96.0,10,3.25,1,1,1111.82
20.86,43.0,32,1.75,0,0,385.96
17.73,68.0,29,1.58,0,0,386.72
18.14,89.0,26,2.92,0,0,470.4
12.08,37.0,59,1.42,0,0,223.32
23.1,52.0,38,2.52,0,0,456.63
17.67,44.0,19,2.35,0,0,426.61
18.5,24.0,20,1.61,0,0,361.05
21.68,12.0,20,1.92,0,1,535.36
7.58,36.0,42,1.29,0,0,157.2
20.37,13.0,26,2.84,0,0,400.03
5.69,94.0,33,2.94,0,0,217.63
9.29,61.0,26,3.26,1,1,403.0
9.05,78.0,47,2.7,0,0,248.76
24.48,62.0,18,1.97,1,0,734.82
21.56,96.0,45,1.77,0,1,593.56
17.83,22.0,54,1.66,0,0,358.02
18.45,99.0,17,2.93,1,1,801.22
14.49,36.0,42,1.37,0,0,279.55
23.73,59.0,27,2.13,0,0,535.8
12.91,88.0,29,2.31,0,0,349.58
10.13,21.0,30,1.26,0,0,231.87
4.91,49.0,30,2.06,1,0,211.23
19.87,58.0,54,1.07,0,0,349.14
18.63,44.0,38,2.52,0,0,372.2
10.22,77.0,7,2.46,1,0,487.04
1.6,93.0,27,2.25,1,1,175.26
21.14,59.0,35,3.36,1,1,740.43
1.27,21.0,50,1.29,0,0,99.59
17.89,42.0,1,2.65,1,0,998.96
24.29,41.0,47,3.29,1,0,629.17
11.5,61.0,30,2.95,1,0,397.05
6.64,74.0,14,2.91,1,0,284.49
17.92,48.0,23,2.11,1,0,517.25
20.61,96.0,19,1.36,0,0,550.01
14.11,26.0,58,2.17,0,0,290.26
24.21,53.0,9,1.85,1,0,788.24
2.24,41.0,17,2.74,0,0,166.8
13.12,68.0,18,1.7,0,0,326.34
18.24,67.0,26,1.83,0,0,403.45
21.7,75.0,1,2.32,1,0,1235.76
5.3,42.0,5,2.75,0,0,225.57
20.2,83.0,35,2.29,0,0,470.99
14.26,73.0,59,1.9,0,0,315.31
10.52,22.0,37,2.17,0,1,339.49
4.16,43.0,51,1.76,0,0,136.48
21.77,14.0,5,1.93,0,0,438.81
4.77,109.0,32,2.52,1,0,254.68
8.43,72.0,18,2.62,1,0,321.51
7.96,44.0,33,2.43,1,0,262.17
21.91,97.0,26,1.16,0,0,529.11
17.14,81.0,27,1.07,0,0,382.04
20.12,27.0,6,1.35,0,0,463.92
7.01,98.0,26,1.5,0,0,214.22
16.0,27.0,13,2.78,0,0,378.47
14.72,65.0,1,3.02,1,0,915.43
20.99,93.0,54,2.92,0,0,469.99
22.75,29.0,29,,0,0,419.55
1.29,127.0,9,2.6,1,0,233.08
17.18,93.0,28,2.44,0,0,433.41
2.24,43.0,34,2.96,1,0,163.97
14.17,61.0,1,2.86,1,0,861.04
7.9,98.0,12,2.15,0,0,352.88
8.36,94.0,31,2.17,0,1,292.73
9.47,121.0,21,3.33,1,0,405.42
15.91,82.0,49,2.34,0,0,343.39
9.02,18.0,39,2.91,0,0,199.93
18.58,98.0,32,3.7,1,0,584.05
10.71,42.0,34,1.84,0,0,230.93
2.64,,43,1.07,0,0,105.44
19.81,42.0,33,1.02,0,0,341.1
7.86,105.0,1,2.05,1,0,605.37
11.39,81.0,22,1.15,0,0,297.14
17.45,68.0,19,1.75,0,0,432.33
8.98,44.0,30,1.11,0,0,185.18
2.36,41.0,59,2.25,0,0,78.07
9.97,40.0,1,2.18,1,1,646.68
23.67,91.0,25,2.83,1,0,742.59
16.4,44.0,29,1.21,0,0,353.37
17.12,49.0,29,2.66,0,1,485.36
16.17,53.0,36,2.56,0,0,354.2
5.78,48.0,26,1.77,0,0,155.3
11.04,29.0,56,2.82,0,0,251.37
19.02,96.0,14,1.37,0,0,551.18
3.43,12.0,40,2.63,0,0,115.46
7.67,62.0,16,2.09,0,0,261.1
7.63,51.0,15,2.46,1,0,275.46
11.37,47.0,9,1.97,1,0,407.04
24.53,73.0,15,1.34,0,0,623.37
2.62,50.0,50,2.73,0,0,95.26
13.45,50.0,1,3.01,1,0,858.14
5.3,65.0,18,2.27,1,0,252.41
24.3,,34,1.99,0,1,714.53
3.72,77.0,8,2.02,1,0,279.32
10.69,44.0,34,2.0,1,0,341.94
18.71,41.0,50,2.82,0,0,375.0
17.91,78.0,59,1.92,0,0,357.81
11.15,24.0,10,1.72,0,0,278.54
9.32,70.0,54,2.9,0,0,225.91
10.54,61.0,50,1.8,0,1,315.74
7.34,126.0,2,,1,0,576.23
5.93,67.0,30,2.35,1,0,219.86
12.59,28.0,16,2.13,0,0,275.6
7.44,63.0,9,2.12,0,0,288.52
7.9,90.0,17,1.03,0,0,247.24
16.76,24.0,23,2.31,0,0,328.93
24.24,22.0,26,2.58,0,0,440.66
15.49,126.0,6,3.03,1,0,933.07
2.85,91.0,36,2.74,0,0,141.73
2.81,32.0,54,1.55,0,0,110.26
23.83,89.0,42,1.38,0,0,468.7
8.13,71.0,42,2.39,0,0,204.98
3.21,93.0,21,1.38,0,0,162.4
15.38,34.0,30,1.18,0,0,321.82
15.97,41.0,20,1.19,0,0,323.53
16.56,30.0,16,2.54,0,0,388.04
7.42,10.0,41,1.06,0,0,165.7
1.36,37.0,50,1.58,0,0,78.03
24.16,21.0,20,1.26,0,0,419.18
7.02,118.0,1,3.31,1,0,524.73
17.22,29.0,12,2.01,0,0,400.35
17.96,92.0,11,1.41,0,1,700.8
15.64,60.0,31,2.5,0,0,363.66
8.51,35.0,30,2.5,0,0,207.9
7.51,124.0,7,2.85,1,0,515.32
15.34,52.0,39,1.55,0,1,420.26
21.79,89.0,40,2.97,1,0,642.15
23.72,83.0,21,2.87,0,1,800.41
3.54,37.0,11,1.1,0,0,114.42
4.72,,3,2.33,1,0,385.14
23.67,86.0,46,1.57,0,0,500.25
18.68,34.0,14,2.26,0,0,437.57
22.19,70.0,49,3.1,1,0,611.37
5.86,123.0,39,2.21,1,0,236.49
15.1,88.0,46,1.43,0,0,324.33
17.83,27.0,59,2.86,0,0,360.1
17.32,49.0,42,2.51,0,0,371.89
10.8,96.0,57,2.87,0,0,306.56
1.37,,18,2.66,0,0,106.98
14.99,,31,2.6,1,1,567.86
7.07,20.0,17,1.24,0,0,185.56
11.81,66.0,2,3.06,1,0,770.28
23.98,46.0,45,1.7,0,1,609.5
10.58,21.0,56,1.85,0,0,244.17
21.16,67.0,4,2.65,1,0,1025.74
5.52,15.0,37,2.87,0,0,147.3
17.14,79.0,41,1.14,0,0,346.31
24.45,53.0,24,1.39,0,1,670.22
3.45,124.0,1,3.02,1,0,383.67
1.2,98.0,5,2.77,0,0,204.13
11.41,56.0,55,2.84,0,0,265.86
3.22,45.0,23,2.12,0,0,157.19
18.96,91.0,28,1.07,0,0,424.13
22.95,83.0,48,2.53,1,0,590.51
11.42,,58,2.84,0,0,284.69
7.21,32.0,51,2.0,0,0,179.02
11.43,32.0,15,2.45,0,0,298.35
18.36,126.0,16,2.34,1,1,844.84
1.22,74.0,31,1.85,1,0,107.06
15.15,108.0,1,2.96,1,0,924.4
15.72,70.0,21,2.67,0,1,514.81
16.3,90.0,52,2.98,0,0,378.77
6.81,47.0,44,2.69,0,0,176.32
18.14,91.0,14,2.91,1,0,686.22
3.19,41.0,29,3.02,1,0,156.38
5.78,58.0,38,3.45,1,0,249.28
22.06,72.0,44,1.04,0,0,428.01
18.73,76.0,19,2.9,0,0,507.02
1.33,32.0,15,2.06,0,0,107.38
6.96,65.0,7,3.7,1,0,381.5
6.15,39.0,30,2.53,0,0,159.46
7.5,58.0,17,2.1,1,0,310.96
6.94,,44,1.33,0,0,162.35
2.5,99.0,17,1.71,0,0,165.08
12.01,37.0,52,1.53,0,0,237.54
18.59,82.0,54,1.88,0,0,367.25
15.56,70.0,20,2.21,0,0,376.78
17.15,57.0,49,1.87,0,0,383.25
2.95,88.0,18,1.11,0,0,126.89
23.84,22.0,44,2.95,0,0,457.77
21.12,125.0,46,2.65,1,0,631.57
20.32,50.0,28,3.5,1,0,553.84
20.75,97.0,56,1.15,0,0,405.31
23.39,49.0,44,2.62,0,0,490.01
14.06,60.0,33,1.35,0,0,319.52
5.81,109.0,22,3.16,1,1,358.72
15.8,89.0,31,2.32,0,0,393.26
18.83,39.0,42,2.82,0,0,371.48
18.71,69.0,7,2.44,1,1,892.19
13.51,87.0,7,1.22,0,0,530.84
2.64,93.0,33,3.53,1,0,182.66
9.91,16.0,42,1.66,0,0,179.35
23.1,76.0,9,1.47,0,0,725.92
15.03,19.0,20,1.97,0,0,299.42
13.92,100.0,25,2.09,1,0,457.66
7.45,76.0,16,2.39,1,0,324.76
9.84,24.0,7,1.77,0,0,247.03
22.49,59.0,9,1.55,0,0,643.17
17.0,13.0,7,1.9,0,0,361.06
19.9,81.0,9,2.57,1,0,795.91
11.9,77.0,38,2.55,0,0,279.19
16.13,,9,3.64,1,0,578.81
6.96,31.0,31,1.2,0,0,174.74
17.93,40.0,17,2.65,0,0,429.25
11.26,85.0,38,2.86,0,0,307.29
11.62,112.0,12,3.17,1,1,649.59
16.58,67.0,4,3.79,1,1,996.29
23.47,78.0,36,1.67,0,0,471.36
2.54,89.0,8,2.66,0,0,217.87
20.79,28.0,6,2.35,0,0,508.79
8.02,87.0,34,1.65,0,0,221.7
11.65,86.0,46,3.21,1,0,373.85
1.53,33.0,35,2.02,0,0,84.86
8.23,95.0,40,2.18,1,0,323.14
13.06,50.0,1,2.15,1,0,817.63
2.35,116.0,38,3.23,1,0,183.29
12.79,113.0,1,3.22,1,0,813.9
23.25,63.0,38,2.06,0,1,652.61
3.53,98.0,8,2.8,1,1,330.35
19.35,74.0,59,1.36,0,0,355.5
10.83,41.0,41,1.86,0,0,236.27
16.72,57.0,1,3.54,1,1,1002.27
7.25,13.0,19,2.71,0,0,203.52
4.83,119.0,13,3.12,1,0,308.91
4.85,121.0,48,3.79,1,0,226.84
2.69,124.0,13,3.59,1,1,291.01
5.46,60.0,21,1.29,0,0,166.47
16.94,56.0,52,1.8,0,0,343.08
22.16,63.0,44,1.26,0,0,419.34
20.54,64.0,7,2.73,1,0,788.12
17.44,19.0,25,2.55,0,0,356.54
3.65,16.0,47,1.31,0,0,115.86
7.94,74.0,5,2.76,0,0,416.74
8.44,28.0,22,2.14,0,0,211.61
7.0,16.0,28,2.5,0,0,183.92
13.36,54.0,34,1.09,0,0,277.05
13.85,87.0,11,1.19,0,0,456.69
9.57,77.0,21,3.04,1,0,369.52
9.49,16.0,56,2.68,0,0,220.27
20.89,55.0,31,2.75,0,0,456.76
19.94,76.0,7,2.38,0,0,731.36
8.39,114.0,46,2.2,1,0,304.14
22.93,17.0,57,1.39,0,0,346.08
23.87,99.0,20,2.76,0,1,817.83
8.84,12.0,8,1.23,0,0,221.99
9.51,21.0,49,2.37,0,0,225.51
13.14,91.0,5,2.07,0,0,675.57
23.59,,37,1.84,0,0,462.8
22.03,46.0,38,2.68,1,0,600.52
3.46,57.0,49,2.89,0,1,170.76
10.43,89.0,30,2.72,0,0,282.96
14.28,54.0,43,2.73,0,0,323.94
13.08,34.0,7,1.81,0,0,356.73
5.65,43.0,1,2.01,1,0,462.31
21.61,13.0,37,,0,0,434.05
17.25,89.0,44,2.09,1,0,489.34
21.11,97.0,1,2.83,1,0,1210.9
21.61,74.0,33,1.53,0,0,455.34
18.96,106.0,46,2.82,1,0,565.58
11.54,37.0,15,,0,0,286.73
15.65,84.0,7,2.79,0,0,655.42
4.85,46.0,22,2.94,0,0,190.35
17.17,11.0,34,1.82,0,0,290.75
5.3,82.0,21,1.14,0,0,194.58
17.65,70.0,50,2.33,0,0,369.14
6.51,90.0,34,1.75,0,1,272.46
3.82,60.0,34,2.97,0,0,161.59
4.97,40.0,37,1.18,0,0,120.02
1.05,94.0,21,1.24,0,0,116.97
18.25,90.0,43,2.4,0,0,417.48
18.58,90.0,20,2.52,0,0,524.64
13.36,52.0,37,1.94,0,0,303.52
4.87,37.0,51,1.55,0,1,178.39
3.01,48.0,6,1.62,0,0,166.31
1.46,74.0,6,1.68,0,0,157.88
4.98,25.0,28,1.45,0,1,199.92
22.38,106.0,1,,1,1,1268.94
6.8,88.0,40,1.13,0,0,165.48
9.5,77.0,7,1.81,0,0,406.88
3.53,45.0,44,2.5,0,0,116.2
6.34,39.0,36,1.01,0,0,155.19
13.46,32.0,18,2.76,0,0,315.36
15.59,72.0,42,2.41,0,0,338.09
6.89,78.0,59,1.15,0,0,194.45
2.39,56.0,47,2.79,0,1,146.65
10.38,50.0,1,2.77,1,0,686.49
6.62,28.0,41,2.3,0,0,183.74
6.27,71.0,50,2.76,0,0,179.08
24.04,111.0,20,3.56,1,0,844.4
15.79,52.0,21,1.82,0,1,507.69
14.37,114.0,13,2.28,1,0,642.15
10.98,18.0,15,1.51,0,0,233.65
11.29,34.0,11,2.53,0,0,294.17
13.98,98.0,17,2.86,0,0,448.27
17.71,117.0,45,1.94,1,0,508.33
17.85,40.0,29,1.03,0,0,349.29
5.12,52.0,44,3.45,1,0,208.88
13.0,74.0,52,1.77,0,0,299.92
10.89,39.0,16,1.55,0,0,251.44
21.89,112.0,25,2.18,1,0,698.03
16.15,38.0,32,1.69,0,0,335.41
13.78,57.0,9,3.74,1,0,566.75
3.77,12.0,37,2.95,0,0,118.11
15.54,74.0,5,2.46,1,0,764.23
3.81,75.0,43,2.93,0,0,152.74
9.09,13.0,36,1.6,0,0,191.2
4.43,80.0,10,3.51,1,0,282.08
17.61,88.0,13,1.42,0,0,552.18
5.95,90.0,56,2.65,0,0,194.95
10.4,99.0,45,1.71,0,1,344.6
22.5,39.0,16,1.39,0,0,456.3
5.9,126.0,13,3.67,1,0,373.9
13.19,20.0,18,,0,0,273.23
11.06,42.0,16,2.98,0,0,296.51
1.43,47.0,28,1.22,0,1,105.29
20.03,,3,1.82,1,0,808.22
2.66,68.0,25,2.74,0,0,116.48
12.38,60.0,16,2.17,0,0,361.18
14.46,74.0,49,1.84,0,0,299.12
16.08,77.0,41,1.16,0,1,479.91
17.53,97.0,1,2.95,1,0,1047.61
7.08,57.0,13,1.79,0,0,240.73
1.24,67.0,55,1.97,0,0,83.71
18.36,46.0,24,2.26,0,0,424.12
13.86,46.0,1,3.08,1,0,873.1
21.07,69.0,44,2.92,0,0,457.62
20.71,68.0,54,2.31,0,0,421.62
21.24,19.0,17,1.68,0,0,404.96
12.64,72.0,10,2.46,1,1,620.18
9.01,,24,1.95,0,0,239.64
20.0,87.0,9,1.52,0,0,707.03
11.83,45.0,58,1.75,0,0,268.22
5.4,47.0,47,2.68,0,0,157.78
21.52,94.0,11,3.52,1,0,872.73
22.18,39.0,58,2.26,0,0,433.03
12.19,65.0,4,2.97,1,0,643.33
2.82,51.0,34,1.85,0,0,114.43
10.31,56.0,11,2.27,0,0,331.52
20.28,28.0,15,2.61,0,0,442.46
22.64,116.0,2,3.28,1,0,1265.54
5.88,96.0,55,1.07,0,0,144.74
2.61,122.0,31,3.26,1,0,189.13
22.06,89.0,35,2.44,0,0,503.37
10.35,34.0,52,1.2,0,0,207.36
14.0,129.0,1,2.1,1,1,852.37
24.23,124.0,19,3.38,1,0,890.3
2.6,27.0,32,2.12,0,1,145.78
16.56,18.0,27,2.64,0,1,482.11
2.78,97.0,55,1.37,0,0,111.85
10.01,26.0,33,1.06,0,0,207.04
20.29,13.0,26,1.32,0,0,349.1
11.4,64.0,14,1.91,0,0,322.36
24.93,63.0,50,2.05,0,0,484.28
14.42,37.0,21,2.72,0,0,334.84
8.71,79.0,7,,1,0,473.46
6.28,18.0,20,2.98,0,0,199.44
9.41,45.0,55,1.16,0,0,202.85
9.94,,6,2.06,1,0,419.23
2.65,71.0,52,1.17,0,0,115.89
9.87,95.0,53,2.08,0,0,246.14
12.14,98.0,19,1.53,0,0,378.81
18.35,58.0,43,2.37,0,0,384.52
16.76,109.0,13,2.07,1,0,659.51
18.01,99.0,25,1.21,0,0,455.4
1.2,51.0,36,1.92,0,0,74.72
6.22,11.0,9,1.75,0,0,188.63
16.88,70.0,41,3.46,1,0,493.11
12.62,85.0,19,2.68,0,0,368.14
1.13,28.0,36,1.23,0,0,98.19
20.31,74.0,5,2.62,0,0,853.79
19.55,83.0,19,2.13,0,1,666.44
14.16,69.0,39,2.01,0,0,335.23
2.6,71.0,24,1.19,0,0,113.68
19.4,69.0,35,2.48,0,0,446.32
15.01,25.0,24,1.12,0,0,280.79
19.77,16.0,51,1.56,0,0,336.68
19.04,86.0,28,1.19,0,0,430.94
20.27,107.0,34,2.86,1,0,603.67
13.43,83.0,56,2.29,0,0,316.83
4.37,21.0,14,2.78,0,1,211.0
17.11,14.0,18,2.47,0,0,349.44
15.89,56.0,39,2.92,0,0,357.96
18.81,20.0,33,2.52,0,0,365.07
5.08,73.0,3,2.4,1,1,450.63
5.68,88.0,56,2.1,0,0,168.16
22.37,90.0,4,2.72,1,0,1234.87
19.0,44.0,47,2.93,1,0,504.74
22.8,57.0,6,2.14,0,0,745.29
19.21,124.0,17,3.2,1,0,738.83
15.33,40.0,22,1.17,0,0,334.67
16.7,49.0,5,2.49,0,0,592.63
22.34,16.0,15,1.29,0,0,426.01
14.89,94.0,41,1.05,0,0,323.6
16.18,79.0,30,2.84,1,0,497.86
4.76,108.0,27,2.96,1,0,221.54
12.37,53.0,30,1.87,1,0,343.69
18.19,19.0,28,2.03,0,0,341.31
7.5,91.0,29,2.07,0,0,228.18
5.85,90.0,27,1.1,0,0,178.6
8.53,58.0,58,2.42,0,0,211.98
6.8,26.0,26,1.42,0,0,151.01
6.16,95.0,37,2.59,0,0,210.66
11.2,98.0,51,1.62,0,1,364.4
22.79,60.0,23,1.96,0,0,491.71
13.17,89.0,38,2.78,0,0,304.5
5.51,71.0,27,2.61,0,0,172.4
2.85,69.0,40,3.36,1,1,212.9
17.71,64.0,30,1.32,0,0,382.36
10.19,43.0,26,1.1,0,0,238.42
20.72,108.0,1,3.01,1,1,1165.11
16.83,72.0,1,2.62,1,0,1003.36
20.11,44.0,27,3.62,1,1,757.72
7.53,51.0,15,1.7,0,0,226.67
17.62,12.0,24,1.82,0,1,449.5
7.34,102.0,44,2.85,1,0,305.25
23.54,77.0,26,3.39,1,0,726.71
16.27,22.0,57,1.54,0,0,291.28
8.79,17.0,52,2.88,0,0,227.96
7.47,70.0,19,2.08,0,0,233.08
5.58,39.0,29,2.68,0,0,149.6
17.67,59.0,21,2.05,0,0,395.22
6.25,78.0,26,2.54,0,0,212.57
15.29,77.0,28,1.9,1,0,484.73
7.35,68.0,37,2.6,0,0,220.6
16.89,41.0,19,2.85,1,0,492.24
20.56,66.0,18,1.9,0,0,521.3
19.67,16.0,50,1.22,0,0,354.94
19.26,89.0,54,2.48,0,0,426.55
5.51,49.0,24,,1,0,237.93
3.12,38.0,26,1.38,0,0,129.58
17.77,93.0,26,1.25,0,0,435.68
9.84,73.0,13,1.81,1,1,466.5
11.38,81.0,42,2.32,0,1,383.51
1.75,84.0,1,2.34,1,0,303.71
7.23,110.0,2,2.1,1,0,534.9
1.81,97.0,39,2.44,1,0,173.45
22.1,87.0,56,2.0,0,0,435.78
6.84,93.0,43,2.01,0,0,213.44
14.38,72.0,4,2.53,1,1,864.79
1.94,99.0,54,1.99,0,0,114.87
17.0,99.0,32,1.85,0,0,413.71
8.75,90.0,48,3.45,1,0,314.01
22.55,73.0,25,1.06,0,0,496.3
22.31,77.0,1,3.54,1,0,1261.57
8.81,119.0,31,2.29,1,0,316.41
22.62,51.0,48,3.24,1,0,595.74
24.91,72.0,38,1.81,0,0,529.92
20.81,74.0,15,1.59,0,1,684.73
21.28,69.0,20,2.23,0,0,527.14
6.98,29.0,43,2.54,0,1,258.07
14.84,75.0,18,1.9,0,0,409.86
2.61,27.0,5,1.93,0,0,164.77
3.28,51.0,35,1.12,0,0,125.39
24.97,83.0,48,2.85,0,0,539.0
8.84,45.0,37,3.49,1,0,306.41
18.96,75.0,53,1.8,0,0,374.15
20.36,89.0,16,2.53,0,0,614.45
21.59,78.0,31,1.63,0,1,612.3
24.94,125.0,11,3.26,1,0,1080.25
6.8,31.0,54,2.03,0,0,180.47
1.97,31.0,20,1.92,0,0,129.6
10.87,74.0,5,1.11,0,0,460.21
4.12,58.0,59,2.93,0,0,122.02
1.54,116.0,24,3.47,1,0,161.27
9.65,51.0,31,3.39,1,1,367.47
19.81,72.0,27,1.61,0,0,456.62
14.59,52.0,21,2.38,1,0,442.19
8.51,101.0,31,2.95,1,0,328.18
16.7,98.0,10,3.49,1,0,740.0
6.57,20.0,28,2.87,0,0,175.39
1.35,91.0,32,1.54,0,0,120.48
19.34,95.0,34,2.21,0,0,460.26
15.97,10.0,30,2.45,0,0,327.04
19.3,,28,1.45,0,0,417.36
1.93,48.0,25,2.61,1,0,130.58
21.09,42.0,19,2.17,1,0,581.61
15.87,,45,3.2,1,0,497.66
14.52,18.0,6,2.73,0,0,378.76
15.99,91.0,11,2.76,0,0,571.92
21.75,78.0,52,2.34,0,0,449.38
15.09,31.0,27,1.69,0,0,311.8
14.94,108.0,23,3.12,1,0,529.07
24.78,32.0,39,2.73,0,0,468.67
19.16,119.0,24,3.05,1,1,786.71
11.62,14.0,33,1.83,0,0,271.6
17.98,48.0,35,2.84,0,1,524.5
10.34,12.0,54,2.67,0,0,224.34
6.49,35.0,46,2.76,0,0,183.62
15.32,17.0,6,2.81,0,0,374.83
23.28,94.0,55,1.79,0,0,474.14
23.3,61.0,19,2.72,0,0,560.12
9.21,121.0,10,2.94,1,1,609.42
13.66,108.0,2,1.88,1,0,881.05
6.08,45.0,22,3.07,1,0,253.47
24.9,66.0,34,2.74,1,0,705.94
24.55,125.0,11,2.35,1,0,1077.14
16.59,31.0,57,2.94,0,0,334.44
20.31,65.0,18,1.11,0,0,453.62
18.16,52.0,25,2.89,0,0,393.55
15.24,66.0,44,2.12,1,0,423.0
2.28,54.0,31,1.75,0,0,113.0
11.91,55.0,25,1.83,0,0,292.82
17.19,72.0,26,3.26,1,0,535.52
17.26,37.0,20,1.43,0,0,370.64
9.95,120.0,22,3.77,1,0,456.27
23.6,90.0,32,3.3,1,0,717.54
5.02,73.0,59,2.58,0,1,201.43
13.01,44.0,33,1.21,0,0,293.82
17.58,75.0,43,2.75,1,0,482.2
17.73,15.0,55,2.89,0,0,352.68
16.57,97.0,30,2.34,1,0,494.15
7.61,62.0,49,2.09,1,0,239.93
4.75,23.0,28,1.97,0,0,148.04
16.26,82.0,25,2.86,0,0,415.84
15.38,65.0,43,1.97,0,0,332.22
5.3,88.0,54,1.81,0,1,202.72
17.92,34.0,12,2.3,0,0,434.11
11.92,59.0,22,3.67,1,0,398.86
17.03,95.0,22,1.1,0,0,427.66
21.1,110.0,13,2.11,1,0,779.89
5.07,27.0,23,1.27,0,0,139.82
1.46,26.0,42,1.17,0,0,86.67
19.7,23.0,48,1.6,0,0,356.75
15.63,65.0,20,2.26,1,0,498.76
17.79,41.0,10,2.1,0,0,437.3
21.12,68.0,50,1.65,0,1,583.61
20.27,110.0,43,2.61,1,0,600.79
24.06,66.0,30,2.88,0,0,530.78
13.86,82.0,32,1.31,0,0,333.09
12.72,21.0,48,1.78,0,0,263.58
10.65,42.0,26,2.31,1,1,390.07
4.69,41.0,38,2.1,0,0,146.07
14.74,24.0,49,2.47,0,0,315.92
7.65,18.0,41,2.63,0,0,174.11
23.11,88.0,19,2.83,1,1,943.52
15.0,53.0,26,2.71,0,0,355.63
15.23,90.0,35,2.57,0,0,363.99
9.52,,10,1.31,0,0,255.39
2.25,54.0,35,1.49,0,0,90.01
1.76,52.0,1,3.14,1,0,268.82
11.16,56.0,44,2.95,0,1,351.54
3.03,60.0,3,2.55,1,1,326.45
15.56,89.0,6,2.26,1,0,789.46
22.14,86.0,15,3.54,1,0,790.22
22.19,14.0,46,1.4,0,0,375.55
16.82,46.0,1,3.19,1,0,1003.15
6.07,47.0,46,1.07,0,0,155.55
21.71,76.0,40,1.84,1,0,576.32
22.27,92.0,9,1.9,0,0,755.6
5.72,71.0,31,3.11,1,0,251.86
18.7,65.0,17,1.28,0,0,453.07
7.88,82.0,23,3.33,1,0,319.43
20.26,106.0,22,2.06,1,0,657.76
24.93,66.0,43,2.87,1,0,653.04
1.72,90.0,19,2.42,1,1,175.01
22.54,57.0,14,2.5,0,0,555.6
15.94,81.0,38,2.61,0,0,363.18
24.36,92.0,9,1.93,1,0,997.6
12.16,92.0,34,1.39,0,1,394.61
21.34,57.0,17,2.79,0,0,509.73
2.5,19.0,41,1.83,0,0,121.6
9.05,18.0,53,,0,0,209.83
2.61,95.0,59,1.34,0,0,113.91
24.41,55.0,59,2.99,0,0,491.86
20.61,19.0,9,2.85,0,0,432.58
21.46,45.0,18,1.0,0,1,599.49
23.51,19.0,14,2.1,0,0,467.37
3.04,36.0,51,2.74,0,0,126.38
10.25,88.0,38,1.86,0,0,254.26
2.7,28.0,35,1.87,0,0,116.72
6.06,50.0,45,2.56,1,0,234.39
6.5,41.0,9,1.06,0,0,198.98
12.26,59.0,1,3.38,1,0,791.98
7.45,85.0,7,,1,0,417.34
3.42,69.0,58,2.06,0,0,124.61
5.02,88.0,44,1.51,0,1,175.94
4.53,77.0,17,2.57,0,0,202.22
24.35,26.0,50,2.59,0,0,437.93
19.22,74.0,52,2.11,0,0,408.26
24.23,,37,2.81,0,0,532.72
11.55,28.0,41,1.23,0,1,356.18
7.68,14.0,27,2.57,0,0,153.69
20.16,121.0,15,2.92,1,0,807.8
8.83,90.0,12,1.46,0,0,318.95
8.19,94.0,28,2.06,1,0,308.0
6.58,13.0,57,1.6,0,0,140.93
4.11,61.0,35,2.71,0,0,122.6
7.16,28.0,35,2.58,0,0,215.41
9.53,70.0,14,3.09,1,0,391.1
17.18,12.0,39,1.18,0,0,280.81
2.5,76.0,6,2.91,0,0,212.0
6.05,68.0,18,2.41,1,0,259.1
20.42,62.0,15,2.21,0,0,537.73
4.53,17.0,8,2.61,0,0,158.25
9.22,44.0,20,2.07,1,0,308.38
21.75,103.0,8,3.1,1,0,1015.77
4.72,,50,1.06,0,0,126.64
2.99,42.0,46,1.2,0,1,169.81
12.63,97.0,14,3.25,1,0,530.41
8.26,101.0,30,2.11,1,1,398.35
14.52,91.0,29,1.89,0,0,371.53
20.29,127.0,33,2.3,1,1,804.84
4.29,35.0,14,1.84,0,0,154.62
14.94,23.0,39,1.15,0,0,276.96
13.13,98.0,9,2.51,0,1,641.19
4.46,41.0,8,1.16,0,0,185.96
15.98,50.0,53,2.68,0,0,323.93
7.57,23.0,24,2.33,0,0,192.8
12.71,,27,1.83,0,0,278.71
2.97,57.0,47,2.73,0,0,122.45
12.03,95.0,9,1.37,0,1,565.25
8.36,77.0,23,2.33,1,0,320.08
20.74,46.0,38,2.07,1,0,539.58
2.37,42.0,33,1.76,0,0,88.89
11.05,63.0,40,3.77,1,0,360.07
12.0,35.0,36,1.32,0,0,271.72
18.4,59.0,26,2.66,0,0,420.74
14.78,81.0,39,3.1,1,1,573.64
17.01,22.0,47,1.03,0,0,303.75
19.65,40.0,58,2.89,0,0,363.55
21.69,32.0,48,2.94,0,0,423.35
8.53,46.0,11,2.85,0,0,271.05
13.91,68.0,37,2.0,0,0,328.83
21.16,97.0,16,2.24,1,0,756.56
24.75,25.0,45,1.78,0,0,424.9
22.35,78.0,22,3.03,1,1,832.43
9.92,111.0,15,2.56,1,0,473.4
5.68,91.0,59,2.42,0,1,265.38
12.75,18.0,55,2.59,0,0,245.59
18.8,73.0,40,1.42,0,0,358.9
12.82,31.0,8,1.81,0,0,326.11
12.6,84.0,47,2.92,0,0,311.74
21.12,93.0,1,2.3,1,1,1227.32
9.67,61.0,13,2.49,1,0,368.06
21.64,23.0,55,1.07,0,0,355.09
10.76,96.0,57,1.66,0,0,249.58
8.88,75.0,15,1.74,0,0,276.37
11.9,88.0,54,1.2,0,0,232.41
19.3,89.0,11,1.8,1,0,736.1
4.02,44.0,40,2.95,1,0,169.15
5.71,26.0,22,1.6,0,0,185.05
23.83,10.0,50,1.04,0,1,521.91
5.21,23.0,17,2.72,0,0,168.11
14.63,64.0,45,2.17,0,0,323.44
14.9,26.0,55,1.34,0,0,268.58
12.75,18.0,15,2.73,0,0,287.65
16.47,21.0,55,1.51,0,0,325.14
6.52,75.0,31,1.45,0,1,248.37
14.26,24.0,53,2.79,0,0,309.05
9.93,43.0,20,1.36,0,0,250.48
16.88,46.0,54,2.76,0,0,377.67
4.39,62.0,19,2.61,0,0,153.83
14.7,50.0,58,1.62,0,0,286.22
5.45,87.0,18,1.07,0,0,188.48
7.69,43.0,9,1.97,1,0,317.36
6.25,17.0,22,1.22,0,0,140.19
5.39,96.0,16,2.78,0,0,248.79
20.82,110.0,20,2.61,1,0,723.6
7.86,26.0,46,1.07,0,0,160.58
23.25,61.0,34,2.91,1,0,620.84
24.28,99.0,58,1.42,0,0,482.73
14.71,17.0,22,1.47,0,0,306.5
4.43,31.0,30,1.32,0,0,126.3
9.99,49.0,58,2.52,0,0,240.2
20.15,31.0,50,1.0,0,0,327.82
9.82,14.0,22,1.88,0,0,183.15
3.09,48.0,1,1.97,1,0,330.22
14.36,69.0,20,2.1,0,0,381.51
21.28,29.0,41,1.69,0,0,358.34
20.1,95.0,25,1.06,0,0,486.57
5.2,73.0,2,2.72,1,0,429.96
17.15,75.0,46,2.94,1,0,486.25
6.29,122.0,1,2.3,1,0,523.94
6.24,80.0,59,2.53,0,0,175.19
21.98,47.0,23,1.74,0,0,439.05
6.99,76.0,33,2.5,0,0,194.4
7.32,41.0,34,2.16,0,0,212.67
1.02,85.0,1,3.54,1,0,260.65
21.9,64.0,2,2.89,1,1,1257.56
20.02,73.0,39,1.37,0,1,560.69
16.06,42.0,22,2.65,0,0,381.29
19.01,56.0,30,2.57,0,0,424.8
4.65,78.0,29,2.94,0,0,158.89
12.0,38.0,12,1.19,0,0,283.05
9.43,68.0,22,2.18,0,1,338.28
3.25,70.0,18,2.78,1,1,214.6
12.67,35.0,9,2.34,0,0,331.27
23.1,102.0,20,3.76,1,1,957.37
1.96,67.0,14,2.06,0,0,161.73
8.0,94.0,15,2.37,0,0,294.78
5.98,58.0,8,1.69,0,0,244.83
6.72,74.0,14,1.6,0,0,239.9
22.8,68.0,41,1.67,0,0,426.59
12.23,71.0,16,1.08,0,0,358.77
12.19,77.0,14,1.57,0,0,387.5
19.25,86.0,6,2.15,1,0,900.64
4.71,31.0,9,1.91,0,1,204.99
12.69,119.0,37,2.72,1,0,427.89
11.32,73.0,31,2.53,0,0,293.92
15.33,55.0,37,2.0,0,0,335.39
24.99,68.0,36,1.93,0,0,522.46
19.47,71.0,1,2.26,1,0,1147.58
10.55,94.0,27,2.7,0,0,337.51
20.86,46.0,28,1.18,0,1,532.32
5.1,76.0,50,2.96,0,0,165.25
1.73,61.0,6,1.95,0,0,147.93
5.91,82.0,24,2.17,1,1,307.26
9.17,43.0,14,1.71,0,0,243.9
13.25,70.0,5,1.03,0,0,552.9
15.76,110.0,7,2.13,1,0,846.06
22.85,76.0,40,1.67,0,0,453.41
13.24,54.0,7,2.11,0,0,441.54
13.03,50.0,48,1.26,0,0,243.41
2.21,91.0,38,3.15,1,0,155.81
1.84,105.0,10,3.49,1,0,230.92
14.23,21.0,18,2.14,0,0,311.79
11.52,54.0,34,2.39,1,0,359.71
21.14,25.0,58,1.24,0,1,493.42
4.86,12.0,49,1.03,0,0,144.66
1.6,36.0,52,2.46,0,0,93.34
11.78,32.0,51,,0,0,225.24
6.7,73.0,50,1.95,0,1,271.85
2.19,72.0,1,2.0,1,0,329.96
18.39,57.0,29,1.41,0,0,401.61
3.68,127.0,32,3.43,1,0,182.47
15.6,64.0,58,1.96,0,0,322.95
7.75,36.0,33,2.93,0,0,217.95
5.16,56.0,21,3.0,0,0,177.08
10.11,40.0,13,2.6,0,1,358.05
20.23,118.0,12,2.32,1,0,863.63
10.41,44.0,16,1.46,0,1,368.72
19.02,75.0,39,2.31,1,0,511.68
4.01,63.0,43,3.77,1,0,206.65
19.55,26.0,43,1.67,0,0,379.0
6.69,54.0,32,2.41,0,0,186.09
17.26,71.0,57,2.92,0,0,366.85
14.58,10.0,58,2.64,0,1,390.65
23.3,29.0,36,2.2,0,0,439.66
10.3,79.0,24,1.34,0,0,274.33
2.59,78.0,44,1.35,0,0,113.0
1.46,103.0,49,2.78,1,0,146.4
20.84,79.0,5,2.9,0,0,900.47
13.59,,16,2.81,0,1,504.52
19.61,62.0,26,1.33,0,0,437.68
6.63,77.0,45,2.38,1,0,240.19
9.28,61.0,12,2.18,0,1,392.41
1.72,70.0,16,1.95,0,0,132.32
24.08,113.0,32,2.04,1,0,735.05
17.03,64.0,48,2.54,1,0,441.93
23.4,68.0,47,3.71,1,0,660.27
7.37,44.0,28,2.9,0,1,249.86
15.68,86.0,32,2.92,1,1,617.16
17.28,66.0,43,2.27,0,0,408.26
8.62,71.0,35,2.24,1,0,284.75
21.35,55.0,32,2.48,0,0,440.32
23.73,75.0,6,1.9,1,0,1019.64
22.24,110.0,25,2.24,1,1,895.3
18.74,19.0,42,1.01,0,1,447.3
7.66,85.0,32,2.57,1,0,287.13
7.76,35.0,32,2.7,0,0,237.07
24.12,57.0,13,2.97,0,0,610.46
1.25,57.0,26,2.34,0,0,64.46
18.19,52.0,1,3.29,1,0,1076.46
17.95,39.0,8,1.53,0,0,449.94
15.94,79.0,33,2.04,0,0,377.97
24.76,75.0,57,2.47,0,1,686.73
8.49,46.0,39,2.79,1,0,281.99
9.16,95.0,4,1.98,1,0,663.18
2.89,39.0,46,2.48,0,1,156.83
11.63,64.0,25,1.44,0,0,297.75
7.27,99.0,8,1.2,0,0,357.56
9.24,98.0,28,1.96,0,0,271.15
21.03,42.0,25,1.15,0,0,414.5
23.45,51.0,22,2.26,0,1,663.55
5.46,45.0,20,3.08,1,0,207.05
9.94,17.0,12,1.51,0,0,243.21
23.29,82.0,27,2.93,0,0,579.47
2.48,84.0,51,2.65,0,0,135.63
3.22,97.0,13,1.22,0,0,179.81
4.91,,29,2.5,0,0,180.28
15.29,49.0,40,1.71,0,0,313.0
4.61,95.0,26,3.3,1,1,284.14
24.23,89.0,11,2.6,0,0,750.2
11.72,26.0,37,1.3,0,0,267.57
13.04,127.0,25,3.12,1,0,505.91
6.92,46.0,11,3.53,1,0,316.92
12.3,79.0,29,2.45,1,0,401.42
16.89,97.0,16,1.96,1,0,600.5
19.03,101.0,23,1.85,1,0,610.85
19.09,83.0,57,1.22,0,0,378.5
14.87,93.0,45,1.81,1,1,554.48
22.7,18.0,22,1.65,0,0,413.39
20.62,60.0,51,1.6,0,0,389.18
19.17,19.0,14,1.22,0,0,362.46
2.33,58.0,19,2.3,0,0,140.74
1.17,39.0,11,2.98,0,0,99.36
6.1,18.0,42,2.8,0,0,182.72
16.92,55.0,18,1.51,0,0,419.53
10.87,65.0,20,3.34,1,1,469.56
10.66,103.0,12,3.67,1,0,520.98
22.23,43.0,22,2.81,0,0,484.01
22.49,66.0,1,3.57,1,0,1253.49
22.82,93.0,49,2.57,0,0,503.07
8.53,127.0,37,2.39,1,0,332.8
17.59,36.0,29,1.17,0,0,340.76
7.52,50.0,45,1.98,0,0,207.3
5.57,92.0,16,1.11,0,0,220.3
5.43,27.0,55,3.0,0,0,155.3
9.21,59.0,34,1.72,0,1,316.84
11.32,52.0,23,2.92,0,1,398.38
20.94,50.0,25,2.55,0,0,470.58
3.88,85.0,20,1.82,0,0,160.25
18.64,27.0,39,1.24,0,0,335.78
13.75,100.0,1,2.27,1,0,859.54
7.91,81.0,58,2.35,0,0,215.8
12.83,62.0,46,2.66,0,0,305.24
8.2,,23,2.96,0,0,265.91
15.31,92.0,32,2.06,1,0,453.59
11.41,22.0,30,,0,1,317.37
4.95,65.0,35,1.88,1,0,194.03
3.8,99.0,22,1.52,0,1,207.93
14.12,65.0,16,2.64,0,0,401.32
22.66,94.0,9,1.4,0,0,764.3
9.25,70.0,30,2.1,0,0,244.66
18.59,59.0,9,1.89,0,0,535.53
16.81,30.0,42,1.65,0,1,426.66
23.36,17.0,22,2.24,0,0,455.74
20.7,109.0,1,2.8,1,0,1211.68
14.6,73.0,5,1.67,0,1,717.18
16.77,59.0,15,2.38,0,0,452.19
22.56,11.0,20,1.56,0,0,407.23
10.59,81.0,30,2.29,0,0,290.39
8.84,79.0,43,2.91,0,0,212.06
1.26,45.0,43,3.26,1,1,151.69
20.84,61.0,12,2.64,1,0,710.66
20.22,98.0,40,2.5,0,0,446.9
3.51,85.0,31,3.42,1,1,247.29
14.84,70.0,30,1.65,0,0,334.71
12.14,44.0,37,2.41,0,1,376.99
3.85,71.0,5,1.87,0,0,234.09
24.53,78.0,31,2.64,0,0,543.6
6.15,95.0,41,1.59,0,0,180.89
2.61,66.0,26,2.88,0,0,137.33
15.28,34.0,23,2.15,0,0,359.71
18.73,121.0,7,2.51,1,0,1023.11
1.78,82.0,41,1.84,0,0,97.47
16.81,64.0,44,2.5,1,1,598.94
13.78,42.0,7,1.29,0,0,388.02
3.48,17.0,31,1.14,0,0,97.86
5.14,52.0,29,2.44,1,0,207.25
14.63,70.0,13,,0,0,418.71
8.11,17.0,24,1.72,0,1,239.17
23.52,36.0,30,1.03,0,0,451.2
20.65,63.0,50,2.16,0,1,549.88
24.61,12.0,39,1.29,0,0,386.14
7.23,42.0,25,1.42,0,0,183.64
24.27,67.0,26,2.04,1,0,646.94
11.35,94.0,26,2.04,0,0,332.2
9.34,61.0,18,1.19,0,0,254.06
2.21,38.0,33,1.51,0,0,117.55
2.27,70.0,35,1.9,0,0,135.69
17.61,82.0,21,1.34,0,0,423.5
11.99,70.0,27,1.89,0,0,282.15
6.44,31.0,40,1.69,0,0,165.54
15.74,111.0,19,3.52,1,1,742.82
7.07,66.0,22,2.59,0,1,301.32
14.86,84.0,10,3.79,1,0,633.84
9.62,90.0,6,2.06,0,0,484.31
20.77,96.0,30,2.15,0,1,648.29
20.7,39.0,38,2.89,0,0,419.8
12.46,118.0,6,2.6,1,0,767.57
9.42,23.0,52,2.11,0,0,252.66
9.7,128.0,4,2.56,1,0,656.18
20.34,119.0,23,2.89,1,0,715.3
8.88,87.0,1,1.96,1,0,647.77
6.02,27.0,20,2.57,0,0,157.54
3.03,71.0,30,3.77,1,0,176.49
12.2,77.0,36,1.93,1,0,367.58
12.57,62.0,53,2.6,0,0,297.5
21.18,54.0,30,2.28,1,0,561.9
6.31,76.0,16,2.2,1,0,270.57
10.14,58.0,10,2.39,0,0,332.66
20.4,42.0,39,1.09,0,0,372.64
20.77,22.0,45,1.93,0,0,388.07
10.23,80.0,41,1.0,0,0,247.94
12.02,73.0,35,2.11,0,1,392.3
8.28,,45,1.92,0,0,194.41
23.38,94.0,49,2.83,0,1,681.79
3.85,65.0,6,2.44,0,1,271.84
23.41,76.0,29,2.05,1,0,637.04
17.41,67.0,32,1.71,0,0,376.67
13.76,48.0,1,3.66,1,0,854.13
1.78,13.0,25,2.45,0,0,111.23
12.41,110.0,38,2.99,1,1,513.1
10.79,52.0,19,2.92,1,0,403.22
4.87,72.0,22,1.8,0,0,152.86
16.75,72.0,45,2.17,0,0,324.42
24.31,70.0,49,2.54,0,0,489.39
14.49,75.0,37,2.06,1,0,418.47
18.15,47.0,7,3.74,1,0,689.71
2.64,99.0,12,1.48,0,0,187.63
11.02,36.0,57,1.9,0,0,220.31
3.79,35.0,51,1.05,0,0,115.88
15.71,54.0,18,2.1,0,0,370.03
23.52,81.0,11,2.56,1,0,877.43
16.88,23.0,17,1.5,0,0,315.21
2.84,123.0,5,3.77,1,0,367.21
9.51,111.0,4,2.66,1,0,663.28
14.22,91.0,11,2.63,1,0,626.03
10.68,78.0,33,1.93,0,0,276.21
21.01,62.0,48,1.23,0,0,380.08
20.55,60.0,59,1.79,0,0,429.99
15.68,116.0,1,2.47,1,0,976.87
9.96,11.0,5,1.93,0,0,248.58
7.13,57.0,51,2.71,0,0,207.65
3.54,117.0,21,2.19,1,0,238.18
9.52,58.0,23,2.22,0,0,233.4
10.92,68.0,22,,0,0,263.17
17.22,76.0,39,1.63,0,0,379.02
16.8,89.0,13,1.95,0,0,524.42
2.68,18.0,29,1.15,0,0,91.8
10.49,11.0,26,2.09,0,0,235.12
5.36,114.0,7,2.42,1,0,410.84
4.76,127.0,37,3.79,1,1,322.63
20.86,52.0,33,2.26,0,0,459.69
2.01,53.0,45,2.29,1,0,145.3
11.06,49.0,26,1.21,0,1,344.26
5.04,64.0,20,1.08,0,0,170.97
22.1,98.0,13,1.98,1,0,829.99
14.37,95.0,12,2.36,0,0,518.43
6.55,56.0,16,2.71,0,0,243.36
13.06,43.0,57,1.31,0,0,244.25
18.56,45.0,6,1.8,0,0,540.22
23.99,42.0,9,1.71,0,0,592.75
6.29,102.0,8,3.09,1,0,408.49
22.27,27.0,20,1.37,0,0,431.46
23.42,61.0,45,3.71,1,1,825.68
22.99,,38,2.46,0,0,526.83
16.25,14.0,46,2.91,0,0,299.24
16.12,41.0,14,1.55,0,0,347.44
10.68,,12,2.18,0,0,316.16
19.06,75.0,38,3.26,1,0,555.18
13.75,82.0,29,2.42,0,0,377.32
17.26,23.0,55,1.04,0,0,296.67
11.28,73.0,31,3.0,0,0,314.04
18.56,41.0,14,2.86,0,0,469.72
20.79,18.0,40,1.24,0,0,353.55
4.51,96.0,43,2.09,0,1,211.61
20.99,57.0,11,1.63,0,0,542.25
13.97,61.0,19,2.76,0,0,365.86
21.27,48.0,44,3.2,1,1,702.01
11.35,94.0,17,1.45,0,0,367.69
10.1,71.0,27,1.87,1,0,357.46
22.96,19.0,39,1.58,0,0,380.47
7.03,95.0,6,1.08,0,0,371.22
21.26,78.0,44,1.28,0,1,594.77
12.62,20.0,15,2.27,0,1,372.07
13.34,67.0,25,2.49,0,0,323.43
8.4,37.0,18,1.94,0,0,219.31
14.75,97.0,29,2.2,0,0,380.01
8.81,73.0,17,2.11,1,1,427.78
1.94,92.0,38,2.43,1,0,154.17
7.53,79.0,1,3.23,1,0,515.32
1.15,73.0,10,1.73,0,1,150.14
24.48,19.0,40,1.7,0,0,440.45
24.18,35.0,53,1.39,0,0,409.03
10.48,52.0,22,2.19,0,0,279.27
18.48,80.0,53,2.62,0,0,404.89
9.3,53.0,46,1.94,0,0,199.62
17.11,80.0,41,1.23,0,0,346.09
20.33,96.0,1,3.48,1,0,1169.54
23.72,87.0,46,1.94,1,0,612.59
10.61,88.0,5,1.94,0,1,641.8
19.8,71.0,34,1.52,0,0,421.0
7.38,100.0,1,3.67,1,0,545.72
24.77,76.0,52,2.48,0,0,510.6
1.62,54.0,18,2.13,0,0,86.48
15.48,70.0,32,,0,1,473.74
16.83,99.0,35,2.07,0,0,399.11
17.51,80.0,27,1.3,0,1,550.3
3.89,41.0,36,3.22,1,0,185.0
23.52,83.0,35,1.99,0,0,521.58
5.35,56.0,11,2.27,0,1,250.92
15.95,76.0,24,1.09,0,0,369.71
6.34,68.0,14,2.08,1,0,267.53
8.37,72.0,35,2.18,0,0,233.52
14.12,34.0,13,,0,0,327.87
11.01,13.0,15,1.45,0,0,236.36
4.85,56.0,10,1.48,0,0,189.97
5.1,78.0,47,2.26,0,1,220.14
11.04,72.0,50,1.12,0,0,226.68
19.17,45.0,12,2.67,1,0,595.05
22.55,122.0,23,2.85,1,0,769.05
3.02,27.0,5,1.62,0,1,200.84
10.43,45.0,58,2.64,0,0,240.17
3.41,85.0,48,1.11,0,0,122.44
1.4,127.0,27,3.53,1,0,148.24
16.88,66.0,7,2.45,0,0,589.09
15.46,69.0,32,2.69,1,0,459.86
4.91,23.0,49,2.85,0,0,148.17
6.61,78.0,31,3.2,1,0,241.8
1.57,41.0,35,3.66,1,1,157.54
21.04,73.0,10,2.75,1,0,799.34
24.39,67.0,42,1.91,0,0,455.01
4.25,93.0,39,2.06,0,0,143.84
6.56,96.0,30,1.13,0,0,209.23
21.84,44.0,40,2.82,0,0,456.69
23.24,43.0,25,2.34,0,1,648.24
11.07,94.0,40,2.24,0,1,380.95
2.21,17.0,23,2.85,0,0,107.47
1.95,52.0,13,2.99,0,1,176.88
14.77,72.0,31,1.33,0,0,338.49
10.43,71.0,35,2.5,0,1,356.46
1.69,29.0,19,2.16,0,0,97.42
15.0,61.0,36,1.92,0,0,339.31
1.27,123.0,23,3.76,1,1,213.79
19.9,96.0,13,2.7,0,0,647.47
8.35,93.0,48,2.39,0,0,212.46
1.97,55.0,41,1.77,0,0,90.38
15.12,96.0,21,2.33,0,0,433.15
10.54,13.0,53,2.06,0,0,233.13
24.37,101.0,8,2.3,1,1,1228.92
14.06,19.0,43,1.9,0,0,276.29
7.61,49.0,55,1.42,0,0,169.49
18.03,14.0,44,2.0,0,0,331.36
7.52,27.0,58,2.44,0,0,175.14
22.7,100.0,1,1.87,1,0,1287.69
9.99,66.0,42,2.53,0,0,236.54
14.2,102.0,26,1.84,1,0,496.86
2.21,98.0,10,2.03,0,0,188.73
11.23,120.0,45,2.95,1,0,380.99
20.98,14.0,58,2.52,0,1,532.88
20.34,30.0,55,2.52,0,0,430.03
6.38,,47,2.63,1,0,238.33
6.43,32.0,36,1.13,0,0,178.27
20.62,78.0,53,2.39,0,0,430.62
23.33,42.0,38,2.02,0,0,446.83
3.29,13.0,38,1.67,0,1,139.63
11.8,44.0,16,1.47,0,1,388.43
9.1,68.0,13,1.24,0,1,375.94
21.9,51.0,9,1.59,0,0,558.45
3.0,99.0,21,1.92,0,0,160.63
6.07,95.0,32,1.96,0,1,264.3
19.06,84.0,54,2.17,0,1,518.87
2.23,88.0,16,2.52,1,0,183.75
12.82,99.0,10,2.84,0,0,522.76
11.61,80.0,44,2.79,1,0,357.56
9.03,86.0,36,1.85,0,0,258.98
10.47,87.0,23,1.1,0,1,388.0
13.72,58.0,56,2.2,0,0,262.82
4.87,80.0,52,2.21,0,1,212.64
14.73,89.0,49,2.17,0,0,329.65
20.33,93.0,21,2.78,0,1,728.0
19.24,55.0,14,2.53,0,0,482.67
4.69,103.0,9,3.53,1,0,334.3
4.58,89.0,44,1.92,1,0,186.39
7.44,52.0,43,1.64,0,0,189.7
9.67,36.0,42,1.64,0,0,201.16
10.8,43.0,52,2.31,0,0,234.11
17.31,95.0,25,1.9,0,1,605.68
2.36,72.0,44,2.55,0,0,105.4
1.83,76.0,7,1.77,0,0,206.79
10.41,66.0,24,2.24,1,0,344.15
17.73,16.0,19,1.58,0,0,320.95
5.64,32.0,31,1.36,0,0,121.83
16.4,105.0,25,2.2,1,0,575.49
7.24,97.0,20,1.43,0,0,255.31
22.27,11.0,32,1.03,0,0,360.51
22.5,75.0,39,3.23,1,0,625.6
8.13,67.0,44,1.8,0,0,217.04
6.52,90.0,41,1.05,0,0,218.44
10.87,20.0,47,1.74,0,1,309.83
6.77,16.0,13,2.81,0,0,188.4
17.14,105.0,3,2.82,1,0,1032.36
20.83,88.0,16,2.97,0,0,596.05
17.15,40.0,32,2.08,0,0,373.76
20.78,55.0,11,2.93,0,0,608.38
10.53,109.0,29,2.2,1,0,387.59
4.75,62.0,40,1.58,0,0,147.75
18.71,77.0,51,2.4,0,0,399.34
9.65,85.0,32,3.77,1,0,346.4
17.11,76.0,1,3.45,1,0,1020.9
7.5,85.0,38,2.11,0,0,206.31
2.95,36.0,26,,0,0,101.56
24.82,34.0,34,1.73,0,0,466.61
4.75,21.0,24,1.17,0,1,176.08
24.72,69.0,55,1.62,0,0,458.5
24.45,26.0,12,,0,1,675.57
20.05,59.0,49,1.78,0,0,388.09
16.83,85.0,11,2.67,0,0,556.55
14.87,48.0,1,2.1,1,0,901.38
21.79,92.0,34,1.61,0,1,637.65
7.95,38.0,16,1.52,0,1,276.34
12.22,64.0,30,2.39,1,1,466.95
15.87,24.0,46,1.72,0,0,291.9
10.87,18.0,42,1.49,0,0,241.18
11.26,22.0,31,2.89,0,0,258.52
8.93,56.0,38,1.84,0,0,211.33
14.54,53.0,42,1.23,0,0,278.34
21.41,12.0,15,1.94,0,0,412.98
5.84,83.0,24,1.37,0,0,196.43
23.43,27.0,34,1.43,0,0,420.46
17.54,19.0,47,1.57,0,0,327.93
20.76,45.0,36,1.25,0,0,381.87
14.35,66.0,30,2.44,0,0,349.86
19.71,12.0,27,2.58,0,0,360.94
1.39,59.0,35,2.59,1,0,145.26
20.64,27.0,28,2.38,0,0,398.48
1.96,58.0,6,1.78,0,0,172.48
22.36,46.0,45,1.33,0,0,379.99
24.81,29.0,36,,0,0,465.99
8.06,113.0,47,2.91,1,0,284.76
6.05,103.0,42,1.88,1,0,235.1
19.37,31.0,19,2.31,0,0,426.56
7.07,60.0,1,3.29,1,0,552.17
21.77,89.0,20,2.72,0,0,585.01
3.47,74.0,5,2.01,1,0,275.14
4.02,10.0,49,1.0,0,0,101.09
24.5,21.0,50,1.15,0,0,414.55
17.17,52.0,3,3.65,1,0,839.74
21.33,17.0,7,2.53,0,0,485.62
8.78,70.0,1,3.47,1,0,615.0
17.24,14.0,56,2.03,0,0,336.73
15.26,53.0,56,2.05,0,0,300.37
15.48,60.0,34,1.6,0,0,322.05
17.38,34.0,59,2.69,0,0,376.26
14.81,54.0,26,2.66,0,0,338.86
11.3,22.0,8,1.78,0,1,371.93
7.62,44.0,9,1.66,0,0,245.36
19.45,71.0,16,3.28,1,0,635.24
6.43,81.0,8,1.05,0,0,289.43
17.62,61.0,34,3.52,1,0,535.15
6.6,15.0,8,1.89,0,0,165.48
16.01,58.0,47,1.88,0,0,320.52
18.93,20.0,49,2.34,0,0,353.65
6.25,110.0,9,3.09,1,1,463.65
2.44,24.0,20,1.53,0,0,72.54
4.14,77.0,46,2.89,0,0,142.97
15.54,79.0,14,3.77,1,1,718.94
21.39,43.0,14,2.05,0,0,513.04
2.08,125.0,27,2.92,1,1,237.83
18.62,39.0,35,2.11,0,0,380.65
9.19,28.0,42,1.97,0,0,202.51
12.48,71.0,48,2.89,0,1,404.32
23.29,71.0,5,1.49,0,0,874.74
8.97,77.0,19,2.02,1,1,424.49
12.17,69.0,31,,1,0,388.22
1.33,41.0,22,1.43,0,0,89.35
2.96,122.0,19,3.3,1,0,238.32
7.21,34.0,19,1.41,0,0,198.81
1.67,96.0,8,2.92,0,0,190.67
16.15,21.0,39,2.58,0,0,325.87
11.23,18.0,8,2.84,0,0,275.31
14.16,46.0,46,2.9,0,0,313.69
5.19,26.0,24,1.17,0,0,104.16
8.1,44.0,16,1.87,0,0,222.61
16.93,99.0,24,3.1,1,0,574.53
24.17,43.0,35,3.4,1,0,645.89
2.21,50.0,26,1.48,0,0,100.75
22.37,77.0,40,2.83,0,0,482.74
14.85,97.0,38,1.44,0,0,322.0
14.53,42.0,21,3.53,1,0,457.14
13.01,18.0,29,2.03,0,0,279.36
2.67,20.0,43,2.03,0,1,129.04
3.16,100.0,6,2.55,1,1,327.95
15.42,30.0,16,1.21,0,0,336.35
9.18,34.0,25,1.69,0,0,206.93
23.01,94.0,54,1.85,0,0,431.98
10.76,71.0,37,1.96,0,0,239.6
4.44,123.0,1,3.28,1,0,406.48
18.15,33.0,23,1.7,0,1,514.26
8.04,78.0,28,1.81,0,0,230.5
13.61,50.0,49,2.81,0,0,295.97
17.75,66.0,24,2.51,0,0,418.2
22.61,75.0,9,1.05,0,0,665.28
20.01,18.0,34,2.62,0,0,400.27
17.23,17.0,55,2.98,0,0,340.37
17.31,67.0,11,2.88,0,1,687.9
23.7,80.0,24,2.67,0,0,600.56
8.1,47.0,51,2.26,0,0,226.09
1.03,59.0,11,2.36,1,0,143.36
7.53,,57,2.31,0,0,206.79
6.23,118.0,28,3.19,1,1,343.99
16.88,37.0,11,1.56,0,0,414.81
16.21,99.0,5,2.31,1,0,916.86
15.24,31.0,22,1.79,0,0,326.5
1.39,60.0,34,2.28,0,0,72.47
18.49,33.0,24,1.59,0,0,386.98
8.76,82.0,6,2.11,0,1,481.42
16.96,100.0,1,3.6,1,0,1007.91
14.36,11.0,31,1.59,0,0,270.05
9.23,98.0,19,2.93,0,0,304.01
4.23,115.0,13,2.75,1,0,251.98
3.27,64.0,38,1.2,0,0,126.27
20.96,13.0,6,1.11,0,1,568.3
23.04,67.0,32,1.68,0,0,484.69
16.59,22.0,6,1.52,0,0,367.99
3.48,66.0,5,3.49,1,0,303.52
10.65,39.0,10,2.48,0,0,305.69
18.49,71.0,27,2.77,0,0,452.19
19.72,74.0,50,2.18,0,1,539.29
3.84,20.0,14,1.87,0,0,133.29
1.0,96.0,37,1.54,0,0,66.02
18.09,58.0,23,2.17,0,0,409.12
9.56,26.0,15,2.24,0,0,212.51
7.11,54.0,18,2.59,1,0,277.01
1.31,36.0,32,2.87,0,0,93.63
13.97,19.0,49,2.28,0,0,293.2
21.43,89.0,16,2.67,0,0,621.6
23.98,67.0,22,3.04,1,0,696.11
14.58,11.0,59,1.63,0,0,304.1
13.35,74.0,1,3.27,1,0,840.53
3.04,54.0,13,,1,0,180.26
14.17,98.0,2,2.99,1,0,869.69
10.12,84.0,48,1.8,0,0,252.91
15.57,42.0,41,1.3,0,0,300.88
10.33,64.0,32,1.83,0,1,365.68
6.77,119.0,38,2.42,1,0,265.32
3.28,114.0,37,2.02,1,1,233.53
8.56,123.0,1,3.45,1,0,607.02
3.32,61.0,12,2.0,0,0,145.6
5.25,28.0,52,1.69,0,0,143.94
24.7,48.0,28,2.01,0,1,672.12
11.66,96.0,24,2.51,0,0,342.32
13.76,69.0,39,1.04,0,0,296.45
21.97,19.0,10,2.09,0,0,465.5
24.89,111.0,1,2.76,1,0,1379.0
14.99,75.0,14,2.79,0,0,446.15
20.5,95.0,47,2.91,1,0,573.93
8.85,46.0,22,2.07,1,0,305.9
8.34,99.0,16,1.78,0,1,376.42
10.66,49.0,57,2.24,0,0,246.16
17.14,28.0,19,1.09,0,0,344.27
17.37,79.0,7,2.77,0,0,687.7
8.57,20.0,27,1.14,0,0,185.07
4.2,61.0,57,1.06,0,0,137.24
16.18,51.0,46,1.8,1,0,437.61
4.08,71.0,40,2.37,0,0,152.25
14.88,82.0,11,1.91,0,1,593.73
17.64,62.0,1,2.01,1,0,1059.58
17.81,49.0,12,2.71,0,0,478.81
19.08,79.0,31,1.41,0,1,562.26
21.95,89.0,43,2.45,1,1,747.02
13.0,,26,1.36,0,0,294.93
18.53,28.0,56,2.85,0,0,356.0
15.86,123.0,25,3.32,1,1,703.58
5.48,27.0,47,2.45,0,0,174.61
1.62,36.0,43,1.09,0,0,79.38
7.83,82.0,15,2.05,0,1,359.66
11.63,53.0,47,2.15,0,0,281.86
15.81,97.0,48,2.57,1,0,475.69
21.4,101.0,15,2.44,1,0,747.19
5.71,59.0,57,2.7,0,1,233.37
4.01,,9,1.85,1,0,287.28
24.12,100.0,22,3.05,1,0,782.92
3.59,84.0,42,1.79,0,0,153.59
12.48,59.0,27,2.33,0,0,297.36
15.05,63.0,31,1.4,0,0,335.98
13.99,51.0,23,1.48,0,0,305.43
3.06,68.0,49,2.17,0,1,152.07
2.37,17.0,20,2.96,0,0,133.38
3.53,23.0,16,2.95,0,1,182.07
15.05,52.0,45,2.3,1,0,406.62
14.06,110.0,17,2.0,1,0,530.35
6.61,88.0,55,2.18,0,0,188.78
16.31,83.0,1,2.64,1,0,978.29
20.68,52.0,54,2.52,0,0,398.51
2.0,27.0,50,2.06,0,0,85.52
12.96,45.0,50,2.02,0,0,263.97
17.54,70.0,48,3.09,1,1,626.92
7.06,43.0,24,2.05,1,0,264.13
8.39,116.0,10,3.15,1,0,471.05
15.73,78.0,44,2.78,1,0,476.36
22.55,64.0,36,2.64,0,0,463.5
20.44,58.0,35,2.08,1,0,545.63
15.0,77.0,25,1.6,0,1,454.69
18.53,74.0,8,2.9,0,0,663.19
9.76,49.0,11,2.11,0,0,267.03
16.38,85.0,31,2.86,0,0,410.23
12.19,85.0,47,2.38,0,0,319.34
5.56,93.0,10,2.85,0,0,304.08
17.84,84.0,24,1.64,0,0,438.83
14.36,39.0,48,1.18,0,0,278.43
9.61,37.0,48,2.6,0,0,193.95
22.87,58.0,16,2.61,0,1,744.29
1.5,50.0,18,2.24,0,0,116.54
8.58,125.0,36,2.96,1,0,315.77
2.37,88.0,28,3.63,1,0,164.59
19.4,38.0,56,1.35,0,0,349.6
17.85,40.0,38,3.03,1,1,632.49
8.95,94.0,21,1.1,0,0,277.74
17.22,40.0,44,1.28,0,0,287.54
10.5,36.0,24,1.87,0,0,233.18
19.15,44.0,6,2.64,0,0,595.31
11.9,17.0,25,2.47,0,0,259.66
10.89,49.0,16,2.95,0,0,293.97
23.43,67.0,17,1.09,0,0,544.9
7.02,81.0,5,,0,0,397.19
3.89,45.0,12,2.12,1,0,202.09
15.03,24.0,18,1.07,0,0,294.46
24.26,60.0,25,2.33,1,0,652.2
10.07,46.0,28,1.49,0,0,220.97
2.49,109.0,6,2.64,1,0,317.39
9.14,63.0,56,1.28,0,0,195.49
13.14,68.0,19,2.78,1,1,563.22
4.89,97.0,30,3.64,1,0,236.9
16.79,98.0,18,2.5,0,0,489.4
24.95,96.0,22,2.68,0,1,833.44
11.84,96.0,28,2.61,0,1,440.84
9.51,58.0,20,2.58,1,1,378.11
10.62,43.0,34,2.42,0,0,253.39
3.76,67.0,8,2.51,0,0,197.38
22.2,80.0,44,1.41,0,0,442.96
10.96,22.0,33,2.72,0,0,247.99
10.29,13.0,22,1.92,0,0,199.63
16.83,50.0,1,1.83,1,0,1010.56
11.61,59.0,37,2.29,0,1,357.46
16.56,60.0,32,3.15,1,0,515.04
2.47,69.0,49,2.1,0,0,132.65
20.53,30.0,6,1.42,0,0,497.14
23.57,52.0,55,1.96,0,1,612.88
16.57,84.0,6,2.6,1,0,803.02
23.91,51.0,26,2.95,0,0,528.36
4.63,35.0,30,2.65,0,0,140.18
12.46,40.0,18,2.52,0,0,321.16
15.44,58.0,13,1.36,0,0,385.18
14.96,107.0,4,2.46,1,0,951.44
10.64,12.0,11,1.76,0,0,267.31
9.11,48.0,45,1.99,0,0,230.08
4.04,57.0,51,1.06,0,0,126.22
10.4,30.0,24,2.19,0,0,244.32
4.9,27.0,19,1.72,0,0,138.6
18.62,44.0,47,2.12,0,0,370.73
6.01,41.0,54,1.02,0,0,145.59
2.41,64.0,38,1.64,0,0,115.64
14.26,20.0,56,2.54,0,0,268.87
15.29,67.0,55,2.0,0,0,325.74
21.93,47.0,28,2.58,0,0,478.22
14.85,55.0,6,2.4,0,0,527.22
9.29,29.0,24,2.71,0,1,326.47
20.27,35.0,17,1.01,0,0,408.94
13.97,50.0,19,2.32,1,0,438.72
2.9,75.0,40,2.1,0,0,114.61
14.58,90.0,7,2.88,0,0,620.45
22.79,97.0,51,2.36,0,0,464.03
10.51,46.0,16,1.91,0,0,287.35
8.11,45.0,27,2.06,1,0,266.84
4.44,63.0,32,1.99,0,0,133.96
4.63,96.0,15,1.88,0,0,227.76
11.39,56.0,21,2.56,0,0,302.49
15.3,86.0,34,2.63,1,1,600.41
2.93,65.0,8,2.44,1,0,241.44
23.55,34.0,35,1.18,0,0,421.95
19.12,75.0,1,1.89,1,0,1099.66
15.08,30.0,51,1.88,0,0,301.5
20.88,67.0,6,1.69,0,0,757.19
2.92,52.0,43,2.11,0,0,130.99
12.44,32.0,17,2.42,0,0,306.35
16.12,74.0,24,1.08,0,0,360.97
20.89,98.0,5,2.79,1,0,1132.12
19.8,70.0,18,2.72,0,0,526.86
7.65,83.0,46,1.91,0,0,209.9
23.58,98.0,8,2.04,0,0,906.9
3.98,95.0,56,1.97,0,0,157.36
22.0,81.0,51,1.78,0,0,428.22
24.3,73.0,7,1.22,0,0,779.09
5.25,42.0,15,1.25,0,0,163.26
18.33,85.0,56,1.36,0,1,501.08
1.97,57.0,54,2.59,0,1,153.45
10.73,48.0,29,1.55,0,0,244.67
13.39,21.0,27,2.9,0,0,320.37
14.94,85.0,21,2.62,0,0,420.36
23.46,20.0,57,2.37,0,0,443.07
17.13,57.0,35,2.44,0,0,380.55
12.55,,18,1.1,0,0,235.67
20.43,90.0,41,2.94,1,0,579.14
23.81,47.0,12,3.68,1,0,763.45
1.53,119.0,1,,1,0,288.67
24.58,91.0,49,1.58,0,0,472.61
3.07,94.0,39,1.1,0,0,116.85
20.55,77.0,43,2.14,0,0,411.03
7.73,80.0,23,1.23,0,0,242.76
4.17,45.0,27,1.96,0,0,121.26
11.56,69.0,25,3.24,1,0,410.53
16.45,,28,1.33,0,1,517.66
10.14,21.0,54,2.51,0,0,210.66
2.31,84.0,21,1.12,0,0,146.77
15.39,38.0,58,1.3,0,0,283.26
22.66,12.0,31,1.56,0,0,424.72
10.2,71.0,13,2.59,0,0,337.68
6.19,20.0,36,2.7,0,0,158.53
11.62,112.0,8,2.24,1,0,622.28
2.16,99.0,26,1.19,0,0,107.55
20.69,98.0,34,3.5,1,0,644.8
20.83,81.0,18,2.3,0,0,552.86
15.11,94.0,41,1.32,0,0,344.37
9.47,81.0,56,2.12,0,0,242.69
20.19,81.0,8,3.54,1,0,876.79
14.31,15.0,32,1.14,0,0,269.77
20.82,64.0,48,1.17,0,0,377.39
16.16,91.0,58,1.55,0,0,346.66
19.83,15.0,44,2.3,0,1,512.0
15.37,30.0,37,1.36,0,0,300.49
10.94,83.0,42,3.43,1,0,374.2
23.99,57.0,26,2.5,0,0,533.17
13.99,96.0,44,2.12,0,0,349.98
15.52,75.0,31,2.03,1,0,455.55
6.29,121.0,29,3.78,1,0,285.52
16.02,54.0,49,1.98,0,0,309.48
14.72,12.0,32,1.9,0,0,292.12
5.44,68.0,41,2.99,0,1,216.19
2.43,51.0,1,3.53,1,0,306.08
15.5,123.0,16,2.71,1,1,773.09
19.33,58.0,40,2.64,1,0,536.95
13.56,32.0,42,1.19,0,0,268.51
6.44,14.0,57,,0,0,152.33
17.0,60.0,43,2.69,0,1,519.77
2.92,28.0,27,1.62,0,1,144.32
11.6,51.0,1,3.31,1,0,751.71
4.92,66.0,18,2.53,0,0,175.57
5.43,46.0,26,1.46,0,0,143.84
5.86,73.0,30,3.03,1,0,260.94
10.28,89.0,24,1.51,0,1,389.43
2.23,72.0,55,2.58,0,0,134.33
10.55,43.0,36,2.11,1,0,316.17
13.28,93.0,17,3.14,1,0,506.71
12.6,93.0,7,2.45,1,0,611.4
10.19,15.0,48,1.07,0,0,199.22
21.14,16.0,50,1.25,0,1,498.03
4.49,43.0,49,2.31,0,0,131.33
13.14,77.0,55,1.48,0,0,277.94
2.49,24.0,13,2.26,0,0,121.09
2.71,52.0,42,2.63,1,0,141.5
14.77,82.0,45,2.39,0,0,334.54
14.58,46.0,10,1.99,0,1,515.48
22.07,120.0,40,2.42,1,1,816.6
14.39,77.0,22,2.09,1,0,470.97
24.03,87.0,11,1.68,0,0,727.93
2.17,70.0,13,3.07,1,0,224.9
3.35,105.0,25,3.28,1,0,180.92
2.06,122.0,29,2.12,1,0,159.07
5.45,122.0,23,,1,0,257.65
13.99,99.0,41,2.16,1,1,537.35
16.49,22.0,48,1.44,0,0,303.68
2.09,30.0,37,2.06,0,0,105.68
23.7,53.0,47,1.58,0,0,447.66
21.21,37.0,26,2.32,0,0,441.74
8.12,66.0,7,2.91,0,0,303.99
2.85,10.0,53,1.3,0,0,104.95
5.08,19.0,17,2.14,0,0,168.83
4.05,47.0,34,3.65,1,0,179.22
3.96,116.0,7,2.15,1,0,322.35
13.45,72.0,44,1.73,0,0,319.61
6.9,,44,1.25,0,0,234.63
9.6,106.0,7,3.08,1,0,560.26
24.75,106.0,6,3.14,1,1,1388.34
17.42,66.0,1,3.13,1,0,1046.94
23.78,57.0,7,2.88,1,0,894.88
4.42,74.0,49,3.29,1,0,204.48
10.17,53.0,16,1.07,0,0,271.92
14.31,17.0,55,2.92,0,0,322.86
2.84,124.0,4,2.24,1,0,322.69
1.1,55.0,19,1.24,0,0,92.41
17.09,122.0,1,3.68,1,0,1030.08
16.4,52.0,42,2.66,0,0,365.98
10.86,85.0,10,3.33,1,0,504.22
12.75,49.0,37,1.21,0,0,273.02
10.97,65.0,38,2.62,0,0,290.8
1.58,36.0,59,2.22,0,0,96.31
9.05,59.0,19,3.26,1,0,321.75
5.25,87.0,59,2.96,0,0,165.21
3.36,96.0,41,2.19,1,0,172.95
23.96,51.0,20,2.81,1,0,702.29
15.38,62.0,42,3.31,1,0,458.31
18.49,51.0,34,2.67,1,0,536.05
8.57,53.0,18,1.11,0,1,297.3
10.44,48.0,46,1.22,0,0,222.02
6.69,51.0,19,2.2,0,0,195.41
3.33,87.0,29,2.37,1,0,201.58
5.3,127.0,32,2.08,1,0,222.02
20.14,76.0,35,1.68,0,0,413.03
17.26,44.0,38,1.4,0,0,352.06
14.13,46.0,13,1.05,0,0,358.48
12.4,49.0,11,1.3,0,0,345.51
23.14,25.0,55,2.77,0,0,454.77
2.75,57.0,42,1.02,0,1,146.02
7.73,27.0,5,2.55,0,0,266.58
9.4,27.0,27,2.51,0,0,233.91
19.78,23.0,18,2.13,0,0,397.98
24.82,85.0,29,1.42,0,0,552.79
6.78,51.0,57,2.76,0,1,236.19
21.98,11.0,12,1.95,0,0,405.27
20.93,62.0,44,1.35,0,0,374.02
6.39,99.0,10,1.86,0,0,328.17
10.58,96.0,19,1.39,0,1,414.17
10.83,69.0,55,1.75,0,0,225.79
24.48,74.0,14,2.79,1,0,796.17
5.34,73.0,21,1.72,0,1,258.68
20.18,42.0,36,2.31,0,1,553.96
9.02,50.0,10,2.87,0,0,301.35
18.54,72.0,43,1.7,0,0,397.0
11.08,128.0,22,2.51,1,0,435.62
14.88,13.0,14,2.48,0,0,332.86
20.98,30.0,13,2.06,0,1,600.67
20.3,13.0,41,1.86,0,0,334.37
21.79,65.0,38,2.63,0,0,470.43
2.43,88.0,17,2.78,0,0,174.3
17.61,13.0,59,2.18,0,0,308.33
4.36,13.0,15,1.37,0,0,126.59
10.98,12.0,15,1.93,0,0,224.82
14.17,64.0,34,2.01,0,1,452.77
10.67,108.0,22,2.66,1,0,418.49
13.47,92.0,27,1.52,0,1,448.89
24.92,41.0,19,1.94,0,0,510.73
4.25,67.0,50,1.89,0,1,214.32
17.21,,57,1.42,0,1,447.6
10.5,106.0,5,3.61,1,0,698.5
4.19,43.0,17,2.77,0,0,171.39
4.81,72.0,32,2.52,0,0,173.7
23.78,98.0,54,1.8,0,0,458.79
22.11,19.0,11,1.74,0,0,449.42
22.77,41.0,35,2.43,0,1,602.62
24.8,44.0,43,3.02,1,0,655.27
6.0,68.0,37,3.0,1,0,251.19
9.53,16.0,26,1.25,0,1,260.97
17.06,54.0,32,3.04,1,0,491.52
12.61,11.0,18,2.8,0,0,262.12
11.04,49.0,1,1.97,1,0,722.36
9.59,50.0,40,2.48,1,0,299.2
15.25,62.0,35,2.02,0,0,313.84
14.81,65.0,55,2.37,0,0,301.29
4.87,79.0,1,1.98,1,0,436.52
12.32,67.0,21,2.75,0,0,323.4
14.28,94.0,24,1.08,0,0,380.09
14.69,85.0,11,2.72,0,0,503.04
6.04,107.0,11,1.86,1,0,336.63
18.81,116.0,36,2.11,1,0,575.95
1.6,91.0,54,2.6,0,0,98.91
9.52,66.0,20,3.52,1,0,357.64
19.73,12.0,54,2.96,0,0,400.2
14.53,78.0,47,2.03,1,0,388.93
7.27,31.0,31,2.05,0,0,183.5
17.68,90.0,17,1.15,0,0,486.13
14.62,70.0,44,1.31,0,0,301.46
20.11,47.0,9,1.35,0,0,500.17
18.64,25.0,5,1.13,0,0,448.01
15.64,108.0,11,3.59,1,0,713.57
12.72,95.0,41,1.25,0,0,292.56
4.2,56.0,10,3.06,1,0,234.99
7.27,70.0,22,2.25,0,0,211.21
11.06,84.0,32,1.4,0,0,261.11
15.38,,7,3.0,0,0,655.13
13.33,83.0,12,2.49,1,1,639.61
7.92,53.0,45,2.81,0,0,200.46
1.16,80.0,47,3.7,1,0,128.79
12.91,94.0,24,3.7,1,0,498.9
7.86,12.0,36,2.51,0,0,187.03
18.63,22.0,18,1.51,0,0,381.4
1.57,116.0,11,2.04,1,0,187.9
15.04,90.0,13,2.94,1,0,609.29
23.6,63.0,51,1.72,0,1,607.52
5.19,27.0,12,2.66,0,0,154.83
12.32,49.0,8,2.49,0,0,378.95
3.19,90.0,28,1.55,0,1,180.61
16.02,19.0,33,1.03,0,0,304.66
14.21,50.0,51,1.47,0,1,408.06
10.78,53.0,53,2.13,0,0,248.85
13.51,97.0,15,1.16,0,0,423.57
22.52,47.0,6,3.12,1,0,814.36
5.71,75.0,8,3.14,1,0,342.37
1.54,95.0,1,2.14,1,0,256.05
21.68,53.0,1,2.99,1,0,1256.85
14.85,38.0,36,,0,0,312.56
22.38,46.0,5,2.76,1,0,850.72
15.33,128.0,1,3.71,1,0,940.23
20.44,81.0,11,2.02,1,0,727.68
11.31,39.0,46,1.81,0,0,254.72
19.0,,27,2.77,0,0,455.95
22.91,56.0,37,1.77,0,0,451.91
14.73,43.0,26,1.85,0,0,321.28
5.34,101.0,39,3.14,1,0,235.16
7.45,25.0,18,2.33,0,0,184.63
5.77,113.0,43,1.85,1,0,219.33
6.92,38.0,46,1.91,0,0,162.14
8.35,24.0,24,1.67,0,0,184.55
14.32,60.0,51,2.26,0,1,409.37
15.11,65.0,57,2.11,0,0,316.12
11.24,97.0,21,2.3,0,0,334.22
15.77,51.0,49,2.31,0,0,329.52
2.96,29.0,12,1.51,0,0,131.56
3.11,86.0,1,2.29,1,0,343.29
5.12,73.0,53,1.74,0,1,185.41
13.43,41.0,31,2.28,1,0,391.62
6.14,41.0,40,2.37,0,1,226.97
7.8,63.0,53,2.21,0,0,221.81
10.61,51.0,8,1.43,0,0,324.09
20.48,69.0,24,3.57,1,0,640.12
1.33,18.0,56,1.92,0,0,85.95
16.59,28.0,58,1.25,0,0,299.54
17.05,45.0,46,2.23,1,1,577.95
20.17,81.0,25,2.08,0,0,489.25
23.39,67.0,47,1.68,0,0,449.12
1.48,40.0,36,3.5,1,0,133.93
4.69,22.0,31,1.99,0,0,149.81
22.27,15.0,7,2.83,0,0,484.86
12.0,38.0,35,1.2,0,0,248.66
14.55,75.0,20,2.34,0,0,403.04
16.91,83.0,17,2.77,0,0,478.47
17.3,40.0,11,1.59,0,0,444.13
23.36,111.0,5,2.07,1,0,1296.29
24.93,50.0,55,1.91,0,0,465.43
18.28,,57,2.92,0,1,525.48
7.89,96.0,28,3.07,1,1,376.14
22.11,37.0,46,2.29,0,0,433.85
2.18,70.0,5,3.14,1,1,301.77
6.55,52.0,26,1.88,1,0,259.51
22.54,80.0,49,1.89,0,0,441.8
7.15,60.0,56,1.16,0,1,268.89
6.3,104.0,27,2.43,1,0,276.37
4.32,84.0,23,3.44,1,0,228.19
21.62,62.0,54,2.31,0,1,564.58
13.0,66.0,35,2.99,0,0,322.54
17.2,35.0,31,1.34,0,0,333.15
6.74,,43,1.79,0,0,145.14
19.19,21.0,43,2.62,0,0,344.47
19.24,25.0,6,1.43,0,0,444.71
8.5,93.0,2,2.11,1,0,599.48
10.86,61.0,47,1.86,0,0,226.43
6.03,128.0,43,2.57,1,1,323.6
24.44,92.0,51,2.96,0,0,561.98
16.49,80.0,16,1.91,0,1,596.04
23.43,85.0,24,2.72,0,1,740.49
8.28,33.0,44,2.78,0,0,217.68
19.77,67.0,9,1.32,0,0,595.58
19.38,78.0,34,3.23,1,1,702.84
17.6,78.0,17,1.56,0,0,460.76
24.18,,40,1.99,1,0,592.53
10.45,80.0,50,2.75,0,0,281.7
4.14,99.0,5,,0,1,371.36
17.12,97.0,37,1.69,0,0,388.87
18.5,100.0,3,2.45,1,0,1102.49
14.8,57.0,43,1.4,0,1,400.54
5.96,71.0,45,1.87,0,0,138.54
13.11,120.0,28,2.66,1,1,552.02
8.49,43.0,2,2.62,1,0,514.32
11.26,89.0,37,2.83,0,0,328.89
16.49,108.0,30,2.48,1,0,533.16
18.89,78.0,16,1.06,0,0,486.0
6.57,91.0,30,2.16,1,0,262.38
10.73,55.0,23,2.44,0,0,282.11
7.46,26.0,43,2.18,0,0,169.94
5.77,94.0,25,2.9,0,0,220.45
19.8,39.0,37,2.39,0,1,539.82
22.82,58.0,47,1.39,0,0,411.09
9.89,90.0,1,2.04,1,1,671.54
19.03,72.0,1,2.84,1,0,1115.15
22.53,,48,2.33,0,0,490.49
21.31,67.0,53,1.33,0,0,384.29
5.39,48.0,15,2.2,0,0,200.18
23.95,80.0,30,2.73,0,0,545.09
10.04,76.0,1,3.26,1,1,689.07
9.14,80.0,34,2.33,0,0,246.22
2.5,,6,2.58,0,0,156.14
12.67,,28,1.21,0,0,291.85
3.62,19.0,45,,0,0,124.82
6.96,29.0,20,1.08,0,0,161.69
8.61,18.0,22,1.29,0,0,173.38
20.41,79.0,16,2.83,0,0,551.17
22.01,29.0,30,1.44,0,0,410.14
8.26,73.0,16,2.32,0,0,277.94
21.61,94.0,30,2.38,0,0,519.91
21.57,16.0,8,2.29,0,0,473.51
19.35,103.0,44,2.91,1,0,565.67
4.52,57.0,31,,0,1,230.51
17.57,86.0,47,2.64,1,0,520.9
23.68,73.0,27,2.83,0,0,556.62
17.38,76.0,25,1.02,0,1,530.79
8.96,54.0,52,1.11,0,0,219.96
13.01,26.0,41,1.99,0,0,260.8
16.5,90.0,28,2.46,1,0,518.14
13.25,52.0,49,1.82,0,0,279.37
3.88,75.0,15,3.0,0,0,176.54
8.49,,1,3.35,1,1,580.36
20.26,22.0,10,2.75,0,0,464.24
21.67,85.0,18,1.74,0,0,585.01
4.3,36.0,10,1.48,0,0,141.93
23.86,99.0,17,2.54,0,0,696.12
8.89,56.0,33,2.62,0,0,227.58
16.9,49.0,37,2.1,0,0,367.55
19.04,108.0,11,3.59,1,0,822.28
20.49,,5,3.73,1,0,988.18
23.7,54.0,6,1.94,0,1,907.22
8.51,89.0,38,1.45,0,0,259.34
21.6,83.0,35,2.03,0,0,470.35
4.16,46.0,20,,0,0,149.92
17.92,24.0,48,1.59,0,0,291.81
18.81,114.0,35,,1,0,620.37
17.27,48.0,31,3.19,1,0,521.54
7.06,91.0,26,1.43,0,0,209.49
21.95,64.0,50,2.18,0,1,591.07
5.05,18.0,39,1.63,0,0,128.16
2.29,73.0,11,2.71,0,1,187.31
18.22,50.0,54,,0,0,353.17
12.41,24.0,57,2.65,0,0,274.91
21.38,45.0,19,1.4,0,0,419.86
10.2,45.0,8,1.07,0,0,306.53
5.04,74.0,28,2.7,0,0,171.86
21.07,67.0,7,2.57,1,0,855.62
14.17,,33,1.36,0,0,303.86
5.54,74.0,54,1.18,0,0,165.43
18.29,63.0,20,2.03,0,0,441.52
13.27,15.0,5,1.3,0,0,296.53
15.5,114.0,28,2.93,1,0,519.15
12.06,57.0,38,2.45,0,1,408.1
20.89,108.0,10,2.87,1,0,925.41
20.91,83.0,36,2.81,0,1,634.86
18.03,37.0,44,1.31,0,0,339.33
3.53,25.0,37,1.99,0,1,154.38
21.13,35.0,19,1.33,0,0,427.07
17.1,59.0,21,2.75,0,0,422.69
17.73,93.0,11,3.66,1,1,868.96
9.71,87.0,39,1.8,0,0,249.58
22.1,22.0,57,1.61,0,0,370.3
18.41,74.0,33,1.56,0,0,382.61
3.7,44.0,16,2.72,0,0,147.05
10.79,88.0,41,2.36,0,0,268.82
22.27,38.0,17,2.76,0,0,475.13
2.13,40.0,25,1.24,0,1,144.49
24.07,21.0,43,1.95,0,0,459.46
17.3,108.0,1,3.15,1,0,1029.17
16.15,71.0,43,3.59,1,0,476.12
7.49,19.0,17,1.76,0,0,177.69
6.97,44.0,37,2.43,1,0,239.99
23.61,66.0,43,3.63,1,0,630.43
8.16,48.0,28,1.1,0,0,178.41
19.61,30.0,28,1.96,0,0,381.6
10.43,25.0,17,1.92,0,1,341.9
4.34,38.0,40,1.29,0,0,132.52
1.26,118.0,1,2.59,1,0,271.13
14.06,110.0,49,3.25,1,0,450.09
24.42,121.0,8,2.53,1,0,1186.59
9.86,92.0,20,1.62,0,0,298.65
9.57,90.0,10,2.56,0,0,388.23
9.26,23.0,6,2.98,0,0,272.13
13.49,50.0,49,2.56,0,1,404.7
11.58,83.0,59,2.69,0,0,263.89
22.12,98.0,54,2.88,0,0,468.4
13.13,50.0,8,2.6,0,0,418.69
13.19,53.0,20,2.96,0,0,335.85
4.32,112.0,30,3.29,1,0,219.94
24.59,25.0,52,2.32,0,0,453.33
7.0,63.0,15,3.19,1,0,282.37
2.76,60.0,11,3.6,1,0,188.44
16.92,98.0,1,3.17,1,0,1023.34
15.29,78.0,18,3.32,1,0,540.77
10.96,80.0,10,1.43,0,0,386.95
11.13,16.0,23,2.83,0,0,253.04
19.84,67.0,28,2.69,1,0,576.11
5.7,90.0,16,2.12,1,0,275.62
20.69,44.0,50,2.6,0,0,408.91
16.57,97.0,1,2.51,1,0,986.15
11.06,19.0,43,1.37,0,1,290.76
11.99,47.0,27,,0,0,281.88
7.16,41.0,15,1.07,0,0,204.82
19.05,71.0,36,1.18,0,0,379.65
13.31,97.0,51,2.19,0,0,296.99
8.7,59.0,34,2.73,0,0,242.37
15.31,50.0,54,1.9,0,0,314.52
24.9,86.0,30,3.05,1,0,742.8
11.45,11.0,7,2.62,0,0,267.44
23.1,51.0,52,1.71,0,0,432.79
9.28,13.0,44,2.31,0,0,249.17
2.31,10.0,44,1.7,0,0,72.51
5.9,31.0,40,2.29,0,0,151.3
11.05,20.0,20,1.44,0,0,250.28
6.27,50.0,26,3.76,1,0,267.96
1.01,23.0,40,1.15,0,0,69.54
22.96,96.0,42,2.01,0,0,509.02
21.25,112.0,16,2.37,1,1,956.55
18.82,98.0,32,3.0,1,0,591.03
5.03,27.0,54,1.86,0,1,227.1
3.89,70.0,16,1.61,0,0,153.72
2.62,33.0,44,1.5,0,0,105.21
18.38,36.0,18,1.36,0,0,379.17
23.29,44.0,11,2.57,0,0,567.5
11.33,107.0,1,2.24,1,0,750.72
3.86,31.0,44,2.55,0,0,117.81
13.3,20.0,15,1.97,0,0,289.86
9.37,80.0,53,1.14,0,0,225.17
10.0,97.0,4,2.13,1,1,670.27
15.91,85.0,43,2.79,0,1,483.59
18.25,13.0,10,2.21,0,0,358.58
3.65,75.0,13,1.37,0,1,215.2
1.85,74.0,23,2.41,0,0,126.46
24.86,57.0,19,3.45,1,0,738.28
6.59,68.0,9,1.66,0,0,257.55
2.29,32.0,9,2.11,0,0,139.87
5.56,13.0,58,1.59,0,0,129.29
1.93,92.0,1,1.96,1,0,300.37
10.4,92.0,8,1.8,0,0,458.47
20.26,79.0,6,3.3,1,0,931.04
9.19,49.0,30,1.92,0,0,218.43
11.66,60.0,10,1.81,0,0,352.69
17.21,18.0,57,1.73,0,0,319.15
13.21,32.0,14,1.92,0,0,313.09
21.67,52.0,21,2.44,1,1,746.75
21.78,40.0,34,3.02,1,0,576.37
1.24,85.0,27,,0,0,97.36
19.67,19.0,53,2.61,0,0,368.41
12.06,36.0,42,1.35,0,0,274.92
24.73,58.0,24,3.07,1,0,720.89
12.6,31.0,41,1.9,0,0,265.21
24.69,98.0,46,2.55,0,0,538.95
19.11,20.0,29,2.65,0,0,384.58
6.97,84.0,48,1.41,0,0,178.04
13.92,129.0,8,3.15,1,0,811.63
24.81,55.0,1,2.18,1,0,1382.46
21.58,38.0,56,1.25,0,0,385.65
3.34,39.0,8,2.86,0,0,180.01
17.95,20.0,40,1.33,0,0,308.04
9.29,96.0,19,2.26,1,0,375.29
1.17,74.0,12,1.26,0,0,127.08
10.68,15.0,29,1.94,0,0,209.97
6.63,86.0,40,2.84,0,0,206.73
20.65,44.0,34,1.53,0,0,405.97
9.1,68.0,55,2.08,0,0,219.01
20.86,23.0,19,1.82,0,0,388.98
1.01,82.0,39,2.47,1,0,113.03
8.39,55.0,41,2.14,0,0,234.08
6.79,31.0,51,2.12,0,0,178.3
6.61,69.0,54,,0,0,171.65
2.64,94.0,9,2.7,0,0,233.79
5.49,11.0,22,1.11,0,0,155.99
14.33,78.0,36,1.17,0,0,314.21
7.99,24.0,46,2.98,0,1,273.82
11.02,59.0,54,2.5,0,0,254.92
10.04,93.0,11,2.61,0,0,404.94
22.02,99.0,46,2.21,0,0,476.47
22.73,95.0,1,2.64,1,0,1306.59
12.83,72.0,58,2.26,0,0,267.61
8.92,97.0,45,1.19,0,0,249.68
3.56,44.0,49,,0,0,140.01
23.88,97.0,35,2.08,0,0,548.31
2.45,65.0,10,3.71,1,0,198.67
8.14,95.0,49,2.27,0,0,230.59
8.15,66.0,1,2.1,1,1,586.26
8.69,28.0,51,1.96,0,0,214.27
4.94,76.0,43,1.92,1,0,192.26
19.8,75.0,1,3.29,1,0,1152.5
3.94,49.0,7,2.0,0,0,214.06
16.24,102.0,23,2.54,1,1,682.72
3.97,48.0,23,2.94,0,0,149.75
2.69,51.0,1,3.68,1,0,302.52
22.83,83.0,29,3.71,1,1,857.21
5.56,119.0,47,2.24,1,0,245.62
20.71,57.0,20,2.46,0,0,521.55
14.07,118.0,45,3.69,1,1,572.88
2.87,42.0,30,2.14,0,0,82.02
23.93,88.0,42,1.43,0,0,474.32
6.93,41.0,53,2.64,0,0,195.58
21.63,61.0,1,3.56,1,0,1242.71
5.05,15.0,53,2.41,0,0,158.96
21.49,39.0,38,1.59,0,0,424.39
1.32,,55,1.38,0,1,103.55
13.28,11.0,25,2.25,0,0,291.65
19.47,119.0,35,2.77,1,0,627.92
23.44,94.0,19,3.14,1,0,778.73
22.82,21.0,7,1.22,0,0,501.94
20.67,,49,1.27,0,0,365.92
22.32,60.0,22,1.73,0,1,650.25
5.78,57.0,29,1.52,0,0,190.6
7.82,48.0,36,2.24,0,0,211.39
7.94,90.0,24,1.74,0,0,263.03
10.05,79.0,19,2.37,0,0,293.59
10.44,99.0,6,2.54,0,0,562.38
14.07,10.0,57,1.37,0,0,264.44
4.84,25.0,34,2.84,0,0,153.72
17.59,55.0,16,2.57,0,0,459.02
5.02,72.0,43,2.25,0,0,187.43
8.45,98.0,37,3.62,1,0,306.79
13.08,56.0,58,1.53,0,0,257.52
20.11,25.0,51,1.84,0,0,352.3
18.75,55.0,11,1.17,0,0,524.37
16.49,119.0,16,2.71,1,0,666.07
4.74,78.0,2,2.81,1,1,456.45
14.13,89.0,17,3.03,1,0,545.1
3.1,58.0,27,1.13,0,0,119.08
10.06,35.0,16,1.06,0,0,247.09
10.92,72.0,1,2.64,1,0,732.32
1.96,29.0,18,1.38,0,0,120.56
7.58,116.0,22,3.32,1,0,327.47
23.94,81.0,9,2.34,0,0,800.27
23.89,91.0,8,1.65,0,0,864.35
9.46,80.0,19,1.89,1,1,445.71
2.03,20.0,31,1.36,0,1,149.17
5.3,64.0,8,2.38,0,0,262.03
10.41,56.0,33,2.98,0,0,238.22
23.75,117.0,35,2.45,1,0,725.31
4.39,59.0,51,2.6,0,0,137.1
19.32,32.0,54,2.73,0,0,380.53
3.61,70.0,31,1.1,0,0,130.19
24.55,46.0,1,3.63,1,0,1393.65
10.16,54.0,26,2.73,1,0,348.42
19.61,88.0,24,2.93,0,0,518.18
9.22,18.0,52,2.08,0,1,291.73
16.06,94.0,47,1.47,0,0,333.52
5.61,46.0,40,2.95,0,0,182.66
4.5,98.0,24,2.29,1,0,229.71
23.51,37.0,33,2.76,0,0,479.63
23.02,15.0,32,,0,0,399.15
22.3,19.0,44,2.35,0,0,395.97
16.01,24.0,7,1.82,0,0,380.68
20.4,97.0,31,2.94,0,0,532.01
2.66,13.0,25,1.37,0,0,112.31
9.03,97.0,31,2.62,1,0,327.1
8.53,24.0,39,2.28,0,0,206.21
16.26,46.0,24,2.96,0,0,389.68
9.54,11.0,13,1.61,0,0,213.32
4.56,86.0,29,2.59,1,0,196.52
15.32,37.0,14,1.92,0,0,386.85
20.55,108.0,43,2.31,1,0,582.09
10.17,126.0,47,3.43,1,1,448.28
4.17,112.0,15,1.98,1,0,265.27
5.72,80.0,47,2.41,0,0,160.31
6.7,77.0,45,2.07,0,0,177.88
8.2,28.0,47,1.48,0,0,182.82
16.43,17.0,28,1.99,0,0,341.69
15.42,70.0,33,3.46,1,0,471.22
17.71,23.0,5,1.89,0,1,521.37
9.7,38.0,50,1.24,0,0,189.68
20.78,18.0,47,1.08,0,0,337.1
5.9,109.0,25,3.36,1,0,290.35
12.26,69.0,50,1.66,0,0,286.82
20.22,54.0,27,2.86,0,0,443.68
5.32,83.0,22,2.23,0,0,214.35
3.64,93.0,21,2.67,1,1,251.6
22.21,54.0,45,2.13,0,0,426.8
9.23,12.0,48,1.91,0,0,192.7
17.41,85.0,50,2.81,0,0,406.4
1.61,75.0,6,2.72,1,0,213.04
17.56,20.0,39,1.21,0,0,300.23
8.59,112.0,35,2.99,1,0,325.85
2.34,15.0,20,2.25,0,0,72.81
15.64,85.0,25,2.53,0,0,413.3
6.78,50.0,31,2.87,0,0,200.24
10.28,81.0,40,1.89,0,1,342.53
2.93,50.0,57,1.7,0,0,133.47
4.53,86.0,17,1.98,0,0,184.97
8.15,71.0,54,2.8,0,1,302.74
3.15,18.0,12,2.96,0,0,133.8
22.86,93.0,12,2.94,0,0,761.92
1.15,49.0,10,2.26,1,0,147.24
12.61,80.0,17,2.79,1,0,484.78
3.96,36.0,49,1.52,0,0,111.58
8.38,62.0,38,1.74,0,0,207.01
23.23,43.0,18,1.86,1,0,652.9
4.88,49.0,48,2.12,1,0,187.26
24.18,88.0,15,2.59,1,0,812.82
5.94,,17,1.73,0,0,153.31
18.8,83.0,54,1.56,0,1,507.57
14.12,59.0,55,1.46,0,0,294.12
22.23,57.0,8,2.5,0,0,692.48
14.3,32.0,33,1.59,0,0,266.82
13.83,18.0,8,2.41,0,0,331.86
5.69,75.0,25,1.74,0,1,245.74
4.99,28.0,38,2.6,0,0,154.45
23.0,81.0,13,1.33,0,1,766.93
8.87,99.0,29,1.32,0,0,262.49
9.93,90.0,35,3.16,1,0,365.65
19.24,50.0,15,3.63,1,1,747.82
9.13,12.0,8,1.29,0,0,188.67
23.85,100.0,10,1.95,1,0,934.33
18.71,91.0,29,2.87,0,0,475.4
15.34,26.0,44,1.23,0,0,273.78
22.14,112.0,1,2.3,1,0,1277.1
2.19,39.0,49,,0,0,128.72
7.17,89.0,9,2.61,0,0,322.1
12.16,17.0,44,1.69,0,0,248.5
6.45,50.0,25,2.91,0,0,192.94
18.85,35.0,38,2.14,0,0,380.11
23.06,14.0,52,1.14,0,0,404.05
11.17,78.0,26,2.41,0,0,300.38
9.21,63.0,21,2.87,1,0,345.63
24.08,87.0,54,2.15,0,0,468.25
11.68,78.0,14,2.99,0,0,388.55
12.74,45.0,45,1.31,0,0,276.46
9.44,128.0,9,3.11,1,0,548.91
22.83,56.0,49,2.72,1,0,594.43
14.65,109.0,1,2.34,1,0,889.5
19.29,80.0,51,2.39,0,0,412.22
20.48,55.0,17,2.34,0,0,511.88
9.2,88.0,30,2.71,0,0,259.61
11.41,79.0,5,2.76,0,0,535.92
21.36,41.0,51,2.12,0,0,434.96
9.72,99.0,3,2.45,1,0,684.51
20.05,51.0,43,2.06,0,0,391.93
23.58,79.0,20,2.52,1,0,733.12
15.96,36.0,22,1.55,0,0,326.54
18.8,44.0,2,2.9,1,0,932.86
20.32,70.0,19,2.32,0,0,516.56
21.28,100.0,40,2.98,1,0,634.11
10.48,89.0,26,2.91,0,0,312.92
2.23,91.0,32,2.4,1,0,161.33
10.65,84.0,50,1.74,0,0,245.49
17.17,98.0,8,2.34,0,0,702.29
11.81,75.0,25,2.2,0,1,422.48
18.98,16.0,20,1.0,0,0,323.31
9.57,47.0,50,1.62,0,0,233.64
16.23,90.0,19,2.31,1,1,669.83
5.47,10.0,27,2.68,0,0,147.52
18.98,121.0,11,3.53,1,0,898.07
14.1,85.0,36,1.57,0,0,325.59
5.9,58.0,52,1.2,0,0,171.84
8.01,81.0,6,1.41,0,0,383.0
18.97,59.0,1,2.15,1,0,1110.88
12.58,51.0,51,1.47,0,0,253.66
6.18,25.0,13,1.47,0,1,206.61
24.21,42.0,49,1.96,0,0,455.74
18.16,98.0,30,1.64,0,0,428.31
23.97,92.0,53,2.12,0,0,477.51
11.25,25.0,39,1.69,0,0,229.43
12.4,25.0,10,2.63,0,0,302.45
22.55,57.0,58,2.9,0,0,453.19
13.6,128.0,35,2.61,1,0,437.91
17.97,64.0,13,1.1,0,1,633.58
7.05,67.0,14,2.28,1,0,284.52
11.72,82.0,53,1.2,0,0,273.25
3.96,91.0,30,1.69,0,0,163.77
5.94,32.0,45,2.29,0,0,159.08
1.02,39.0,38,2.04,0,0,69.85
1.94,70.0,51,1.49,0,0,101.58
24.45,97.0,14,2.53,0,0,746.61
6.82,84.0,46,1.26,0,0,186.1
16.92,35.0,34,1.46,0,0,320.6
21.14,,8,2.35,0,0,468.24
14.22,29.0,43,1.39,0,0,288.26
4.68,83.0,28,3.16,1,1,265.4
18.47,57.0,3,3.75,1,0,941.06
15.41,43.0,9,2.66,0,0,411.2
18.55,43.0,36,2.12,1,0,477.49
19.47,124.0,3,2.84,1,0,1130.27
24.41,99.0,29,1.84,0,0,602.66
14.77,23.0,44,2.98,0,1,413.9
9.2,129.0,1,3.73,1,0,627.1
16.56,22.0,29,1.25,0,0,295.29
2.64,99.0,55,2.82,0,0,131.59
22.54,50.0,22,1.39,0,0,453.53
3.87,118.0,40,2.44,1,0,193.47
8.87,96.0,5,2.51,1,1,603.6
20.58,96.0,27,1.57,0,0,496.99
15.34,61.0,28,3.51,1,0,464.25
10.45,19.0,57,1.66,0,0,227.96
12.36,78.0,38,2.63,0,0,313.84
21.51,77.0,51,2.99,0,0,450.01
9.16,89.0,18,3.48,1,1,459.02
21.87,,54,1.69,0,0,371.58
3.12,20.0,52,2.42,0,0,110.82
19.64,77.0,6,2.07,0,0,748.45
21.34,96.0,17,2.57,0,0,593.31
5.36,76.0,24,1.31,0,0,189.67
11.33,29.0,11,2.28,0,0,292.54
4.97,104.0,3,3.35,1,0,441.5
17.96,42.0,55,2.52,0,0,351.78
13.85,19.0,38,2.93,0,0,297.3
16.25,76.0,58,1.12,0,0,307.81
5.72,64.0,5,1.69,0,0,277.39
6.08,41.0,57,1.95,0,0,182.29
2.0,84.0,2,2.42,1,0,288.74
8.73,68.0,55,1.62,0,0,204.9
14.43,70.0,47,2.15,1,0,407.17
21.59,124.0,35,3.43,1,1,865.19
17.01,97.0,5,2.82,0,1,986.28
11.45,97.0,29,1.16,0,0,305.43
23.87,61.0,53,1.31,0,0,429.19
18.26,19.0,33,1.46,0,0,330.62
23.32,15.0,56,2.02,0,0,399.43
13.66,10.0,21,2.58,0,0,263.79
7.21,55.0,11,,0,0,239.92
2.27,113.0,29,3.07,1,0,150.91
18.43,39.0,20,1.3,0,0,366.04
3.91,88.0,25,2.94,0,0,168.5
8.27,87.0,6,2.8,0,0,453.6
13.78,72.0,30,2.9,0,0,353.75
14.55,97.0,9,1.21,0,0,537.85
15.41,102.0,1,2.78,1,1,929.27
4.99,113.0,3,2.13,1,0,440.96
10.11,99.0,51,2.2,0,0,245.77
15.81,10.0,57,1.47,0,0,306.74
24.28,29.0,52,2.54,0,0,436.93
18.46,38.0,22,2.29,0,1,535.43
23.14,73.0,13,2.94,1,0,789.62
19.29,105.0,1,3.45,1,0,1114.35
15.2,,31,2.0,0,0,353.49
5.61,11.0,53,1.54,0,0,112.09
17.0,81.0,58,2.24,0,0,367.14
15.96,63.0,35,2.91,0,0,373.23
15.46,98.0,25,2.2,0,1,531.34
12.75,27.0,18,2.26,0,0,312.77
13.69,90.0,20,2.87,0,0,410.5
9.03,39.0,6,2.03,0,0,326.83
13.46,17.0,22,2.99,0,0,300.14
5.74,51.0,22,1.32,0,0,160.16
20.32,38.0,39,2.07,0,0,383.14
5.46,60.0,18,,0,0,187.43
3.04,92.0,22,1.91,0,0,150.24
11.47,63.0,13,2.14,1,0,408.78
16.8,91.0,29,1.45,0,0,405.02
11.51,49.0,29,2.22,1,1,445.26
7.64,25.0,11,1.64,0,0,212.68
14.4,59.0,7,1.27,0,0,459.12
9.33,50.0,42,2.62,0,0,247.69
23.39,63.0,16,1.44,0,0,570.05
23.14,53.0,58,1.83,0,0,445.45
13.06,99.0,10,,1,0,587.45
8.87,78.0,24,1.21,0,0,263.96
18.69,88.0,9,2.79,0,0,686.42
1.88,32.0,35,2.67,0,0,95.65
12.39,80.0,28,2.68,0,0,328.92
9.07,59.0,37,2.62,1,0,280.21
23.09,78.0,39,2.08,1,0,628.64
1.29,12.0,48,1.22,0,0,62.87
14.27,12.0,28,2.21,0,0,284.39
18.78,40.0,20,2.66,0,0,400.74
12.64,46.0,41,3.6,1,0,395.46
3.05,10.0,43,1.58,0,0,131.99
24.34,95.0,22,2.44,1,0,776.3
13.43,36.0,9,1.2,0,0,344.57
15.74,104.0,7,3.35,1,0,846.54
6.68,79.0,19,,0,0,221.23
12.6,93.0,45,1.96,0,1,412.24
11.3,48.0,53,2.86,0,1,326.75
2.8,42.0,1,3.3,1,0,304.29
3.55,98.0,8,1.91,1,0,270.0
21.1,41.0,21,1.82,1,0,529.66
6.76,86.0,4,3.37,1,0,497.02
5.68,29.0,27,2.11,0,1,237.34
13.12,66.0,31,3.24,1,0,405.55
19.45,123.0,22,2.11,1,0,667.58
2.49,28.0,48,2.74,0,0,101.87
14.84,64.0,17,2.55,0,0,431.71
3.86,72.0,40,2.78,0,0,153.59
1.88,94.0,36,1.68,0,0,119.02
2.27,82.0,39,2.35,1,0,148.8
21.02,93.0,41,1.3,0,1,611.18
3.83,14.0,5,2.86,0,0,171.59
2.08,29.0,8,1.35,0,0,113.44
11.51,85.0,5,1.24,0,0,564.87
21.26,70.0,22,1.39,0,0,456.52
7.3,101.0,7,3.34,1,1,575.77
11.12,83.0,29,2.78,0,0,320.14
1.96,102.0,15,3.42,1,0,189.23
11.78,31.0,19,2.13,0,0,258.18
14.86,77.0,35,3.79,1,0,473.8
14.7,21.0,45,1.14,0,0,272.97
8.98,83.0,14,2.73,0,0,314.81
8.57,70.0,57,1.86,0,0,199.78
3.56,87.0,29,2.71,1,0,210.94
9.8,26.0,8,1.26,0,0,264.6
3.39,61.0,9,1.07,0,0,156.05
19.4,85.0,38,2.43,1,0,548.9
24.19,65.0,42,1.35,0,0,459.66
24.28,,42,1.97,0,0,457.58
21.76,99.0,28,1.29,0,0,528.82
15.42,82.0,28,,0,1,493.13
17.82,60.0,44,2.75,0,1,561.11
7.84,85.0,23,2.84,0,0,260.87
16.14,65.0,14,3.73,1,0,594.69
11.94,84.0,56,2.36,0,0,268.8
12.57,38.0,32,2.54,0,0,277.43
19.19,68.0,47,2.67,0,1,540.32
7.77,17.0,15,2.32,0,0,184.0
8.63,34.0,27,1.66,0,0,196.1
23.19,123.0,9,2.11,1,0,1068.76
2.35,60.0,15,2.27,1,1,220.57
12.66,43.0,30,3.48,1,0,394.52
22.91,45.0,17,2.39,0,0,556.05
15.65,82.0,26,2.71,1,0,503.65
14.11,122.0,4,1.86,1,0,899.56
6.99,35.0,50,1.53,0,0,183.29
9.24,45.0,41,2.46,0,0,200.69
21.45,98.0,36,2.02,0,0,501.44
14.42,32.0,53,1.87,0,0,282.25
13.35,80.0,14,2.43,1,1,615.74
3.39,84.0,43,2.21,0,0,140.44
1.38,53.0,51,2.93,0,0,108.8
24.13,59.0,55,2.8,0,1,657.21
10.05,93.0,20,1.06,0,0,293.78
15.48,18.0,43,1.96,0,0,265.42
2.91,127.0,1,2.46,1,1,372.6
17.39,56.0,21,2.02,0,0,384.9
23.38,80.0,30,3.01,1,0,679.43
14.82,22.0,52,1.4,0,0,277.22
4.03,67.0,30,2.56,0,1,229.54
14.96,75.0,55,1.95,0,0,326.14
19.39,120.0,1,3.78,1,0,1151.97
10.75,67.0,42,1.05,0,0,215.83
22.12,75.0,50,1.38,0,0,427.56
16.57,42.0,30,2.38,0,0,371.39
22.58,108.0,14,3.19,1,1,1028.75
15.96,87.0,17,2.16,0,0,447.54
4.15,36.0,50,2.94,0,0,131.2
8.43,59.0,11,1.83,0,1,375.06
5.84,68.0,28,1.83,0,0,193.4
22.81,117.0,1,3.62,1,0,1286.8
19.25,118.0,1,2.88,1,1,1113.26
17.23,36.0,54,1.71,0,0,332.05
8.22,98.0,48,3.24,1,0,321.0
5.42,95.0,48,3.04,1,0,220.31
19.15,81.0,20,1.61,0,0,474.53
12.38,124.0,25,2.4,1,1,559.58
6.42,43.0,37,1.79,0,1,241.53
15.8,58.0,18,1.14,0,0,380.36
1.97,97.0,54,2.89,0,1,142.19
8.83,26.0,56,1.37,0,0,197.41
12.25,79.0,52,1.39,0,0,255.31
4.55,77.0,19,3.09,1,0,234.19
24.63,122.0,49,3.25,1,0,709.1
6.02,40.0,45,3.27,1,1,289.15
4.13,47.0,6,1.75,0,0,212.39
5.88,65.0,35,3.55,1,0,251.31
19.46,78.0,17,2.09,0,0,516.07
11.21,77.0,22,1.88,0,0,345.75
14.57,34.0,24,2.62,0,0,330.27
1.5,67.0,6,1.49,0,1,222.58
1.83,54.0,11,2.72,0,0,137.52
11.7,31.0,58,2.08,0,0,230.98
20.6,87.0,7,3.6,1,0,947.39
22.25,52.0,2,2.2,1,0,1157.53
3.08,126.0,1,3.67,1,0,344.76
13.92,34.0,18,2.38,0,0,302.62
22.92,49.0,17,3.04,1,1,839.55
10.31,57.0,2,2.64,1,0,657.08
20.91,64.0,37,2.91,0,0,470.32
4.21,66.0,21,2.69,1,0,212.55
23.45,65.0,15,2.0,0,0,593.71
19.03,65.0,37,2.56,0,0,402.76
23.59,58.0,15,1.57,0,1,706.08
17.24,35.0,42,1.58,0,0,324.33
9.72,41.0,37,3.35,1,0,327.33
23.52,83.0,22,1.26,0,0,548.83
7.61,69.0,32,2.65,0,0,217.31
8.97,123.0,35,3.05,1,0,354.15
17.82,,20,2.88,1,0,571.44
19.37,12.0,34,,0,0,347.44
23.31,83.0,49,2.57,0,1,686.4
5.92,92.0,14,2.61,0,0,228.65
20.15,90.0,46,1.97,0,0,445.07
18.73,62.0,7,1.78,0,0,592.8
2.53,53.0,36,1.49,0,0,105.75
10.29,62.0,30,3.31,1,0,370.43
7.79,67.0,4,3.08,1,0,488.62
8.31,41.0,25,1.41,0,0,209.48
24.59,85.0,55,2.59,0,0,506.07
16.43,29.0,59,2.76,0,0,324.62
18.22,15.0,54,1.12,0,0,321.32
24.44,12.0,11,2.54,0,0,481.31
10.05,12.0,57,2.71,0,0,226.44
20.24,32.0,29,2.98,0,0,404.97
11.43,82.0,38,1.48,0,0,286.91
21.87,42.0,29,1.74,0,0,424.34
5.34,45.0,13,2.93,0,1,262.46
23.74,73.0,12,1.19,0,0,640.89
6.25,21.0,57,2.05,0,0,163.7
8.83,71.0,39,2.01,0,0,212.22
19.15,35.0,48,2.21,0,0,363.8
10.45,46.0,32,1.66,0,0,224.14
15.6,57.0,14,2.85,0,0,429.01
11.67,83.0,18,1.54,0,0,314.34
18.82,83.0,23,3.1,1,0,607.7
6.48,20.0,5,1.99,0,0,208.12
2.4,92.0,23,1.53,0,0,131.94
8.2,108.0,8,2.18,1,0,493.29
12.38,63.0,48,3.71,1,1,465.44
5.03,28.0,24,2.12,0,0,168.54
9.52,109.0,32,3.01,1,1,423.15
10.6,65.0,52,2.57,0,0,240.43
2.38,88.0,30,1.96,1,0,166.2
15.0,92.0,45,2.43,0,0,351.91
22.22,96.0,2,2.13,1,0,1267.98
4.64,50.0,32,3.28,1,0,212.71
15.35,72.0,46,1.28,0,0,293.81
16.95,120.0,18,3.46,1,0,672.63
11.06,26.0,11,2.36,0,0,280.46
17.83,24.0,47,1.77,0,0,316.29
10.86,79.0,9,1.72,0,0,416.29
13.11,101.0,8,2.1,1,0,635.68
1.18,41.0,13,2.81,0,0,128.22
17.6,49.0,24,1.24,0,0,372.89
16.87,20.0,56,1.94,0,1,441.68
1.92,22.0,30,1.47,0,0,60.52
9.84,90.0,29,2.99,0,1,379.34
24.5,67.0,46,2.97,1,0,633.46
11.1,121.0,14,2.1,1,0,511.71
13.05,37.0,10,2.34,0,0,357.62
22.84,57.0,11,2.98,0,0,639.41
18.21,64.0,40,2.21,0,0,407.54
14.97,25.0,53,1.91,0,0,279.4
20.15,45.0,40,1.59,0,0,380.16
21.74,49.0,24,1.18,0,0,453.1
11.97,29.0,50,1.46,0,0,239.78
12.4,11.0,22,2.11,0,0,258.68
10.27,116.0,2,3.31,1,0,726.22
24.2,41.0,21,3.56,1,0,675.5
17.73,78.0,9,2.59,0,0,591.3
3.0,79.0,35,1.25,0,0,124.08
21.71,59.0,50,2.55,0,0,477.81
12.53,87.0,35,2.96,1,0,387.49
2.65,33.0,25,1.94,0,0,99.45
14.19,120.0,46,2.95,1,1,601.42
11.01,18.0,7,1.02,0,0,265.53
22.07,49.0,30,1.14,0,0,433.78
5.9,49.0,21,2.05,0,0,169.06
20.84,11.0,34,1.35,0,1,472.25
14.38,82.0,27,2.09,0,0,345.92
2.31,15.0,29,1.71,0,0,95.12
24.32,58.0,44,3.61,1,0,654.85
13.3,28.0,8,2.9,0,0,366.85
7.98,42.0,45,2.96,0,0,211.64
12.27,70.0,15,2.8,0,0,366.2
21.59,39.0,45,2.97,0,0,422.2
8.32,71.0,42,2.41,0,0,211.36
5.62,22.0,22,2.92,0,0,158.46
4.1,27.0,37,2.28,0,0,91.79
8.15,11.0,40,2.62,0,0,192.94
19.72,12.0,42,1.26,0,0,314.76
12.32,15.0,22,2.37,0,0,288.25
6.46,67.0,48,,1,1,331.41
4.99,86.0,53,,0,0,132.8
8.99,123.0,10,2.17,1,0,498.91
23.56,41.0,26,2.05,0,0,464.39
9.23,69.0,25,2.41,0,0,274.21
24.71,40.0,54,2.54,0,1,649.15
12.65,70.0,48,2.05,0,1,400.41
5.3,18.0,35,1.43,0,0,110.61
22.39,76.0,35,2.85,0,0,509.96
12.05,63.0,31,2.55,0,0,313.31
18.03,88.0,56,1.54,0,0,362.61
24.61,107.0,35,3.42,1,0,765.0
2.2,56.0,44,2.5,1,0,142.77
3.32,68.0,41,1.62,0,0,122.39
18.29,40.0,7,2.73,0,0,538.32
7.76,84.0,35,2.75,0,0,223.5
5.42,70.0,38,1.8,0,0,183.5
1.94,79.0,20,1.82,1,0,151.02
1.52,12.0,28,1.37,0,0,94.44
19.59,59.0,14,2.82,0,0,502.91
4.23,10.0,33,2.8,0,0,149.33
12.23,47.0,32,2.71,1,0,354.35
15.54,71.0,17,1.61,0,0,415.87
11.28,73.0,41,1.61,0,0,264.91
1.65,50.0,43,2.79,0,0,88.08
19.8,26.0,55,1.65,0,1,493.75
1.25,81.0,10,2.02,0,0,137.25
19.29,82.0,8,3.26,1,0,854.8
22.44,99.0,34,1.42,0,0,512.77
11.39,41.0,33,2.31,1,0,329.64
13.85,56.0,53,1.72,0,0,303.59
12.45,69.0,8,2.31,0,0,453.59
10.34,88.0,39,3.43,1,0,346.83
22.3,24.0,32,2.09,0,0,434.05
22.45,89.0,33,2.07,1,0,628.23
9.06,85.0,4,2.69,1,0,610.37
15.76,85.0,58,1.26,0,1,401.91
23.25,41.0,20,1.98,1,0,618.19
24.09,124.0,28,2.98,1,0,795.51
13.22,38.0,33,2.91,0,0,312.89
11.87,38.0,12,2.68,0,0,333.06
7.69,89.0,43,2.55,0,0,224.67
24.01,70.0,22,2.45,0,0,544.25
4.43,75.0,13,2.79,0,0,202.9
14.92,53.0,26,2.51,0,0,343.02
7.78,13.0,22,2.25,0,0,182.29
7.7,48.0,41,1.73,0,0,197.25
10.72,69.0,51,1.2,0,0,251.6
24.97,58.0,37,1.92,0,1,664.08
2.32,14.0,52,2.85,0,0,113.49
14.89,105.0,39,2.97,1,0,489.5
2.98,54.0,52,1.37,0,0,106.6
4.71,69.0,6,2.3,0,0,240.63
11.55,17.0,30,1.93,0,0,250.09
13.25,59.0,21,2.86,0,0,348.62
7.21,45.0,8,1.32,0,0,226.62
8.59,109.0,3,3.22,1,1,631.32
3.09,50.0,56,2.36,0,0,134.0
8.28,49.0,4,3.77,1,0,448.72
24.2,45.0,53,2.13,0,0,465.76
23.67,77.0,9,,0,0,799.08
9.04,53.0,32,1.85,1,0,296.18
14.7,115.0,43,2.05,1,0,496.78
22.83,26.0,44,1.69,0,0,420.8
1.15,60.0,43,3.04,1,0,119.69
20.46,86.0,26,1.9,0,0,497.85
23.76,93.0,35,2.21,1,0,675.09
3.19,22.0,23,2.18,0,0,132.97
4.87,87.0,31,2.93,1,1,276.33
24.06,54.0,37,2.05,0,0,446.52
13.9,,53,1.18,0,0,265.07
1.34,64.0,54,2.85,0,0,99.48
7.18,59.0,10,2.18,0,0,278.46
11.8,29.0,27,1.53,0,0,238.25
17.63,49.0,18,2.37,0,0,432.1
18.6,10.0,35,1.64,0,0,320.82
24.89,116.0,47,2.81,1,1,882.48
7.9,95.0,37,1.68,0,0,227.3
13.92,116.0,11,3.56,1,0,658.51
13.8,73.0,5,2.99,0,0,610.86
10.74,44.0,16,1.32,0,0,246.9
5.06,74.0,7,1.05,0,1,335.82
24.46,62.0,49,1.44,0,0,448.49
21.48,70.0,40,2.18,0,0,479.41
12.96,14.0,28,1.35,0,0,258.05
15.48,78.0,45,2.62,0,0,360.25
6.45,98.0,52,1.82,0,0,171.14
14.05,69.0,18,2.22,0,0,389.87
17.68,129.0,31,2.71,1,0,626.04
13.36,58.0,22,3.61,1,0,449.84
24.77,115.0,21,1.87,1,0,806.72
15.67,96.0,14,3.26,1,0,654.99
9.9,17.0,19,2.3,0,0,259.83
19.53,83.0,46,2.3,0,1,559.02
5.09,57.0,19,2.63,1,0,239.06
10.23,20.0,48,1.03,0,0,226.59
9.33,101.0,1,3.18,1,0,648.42
11.36,39.0,55,2.66,0,0,261.77
19.76,14.0,50,1.17,0,0,337.28
12.62,97.0,18,1.88,0,0,380.07
20.06,116.0,33,2.13,1,0,588.09
14.84,95.0,36,3.02,1,1,589.61
9.21,75.0,24,3.37,1,0,361.09
20.44,36.0,51,2.33,0,1,544.87
6.72,41.0,51,1.64,0,0,165.81
6.39,23.0,54,1.28,0,0,164.17
13.11,80.0,22,3.39,1,0,467.72
7.26,75.0,35,1.65,0,0,224.67
1.22,13.0,13,1.04,0,0,62.09
16.56,20.0,52,2.14,0,1,467.12
13.27,57.0,6,1.49,0,0,470.84
11.69,46.0,57,2.68,0,0,279.21
24.21,22.0,51,1.29,0,0,394.32
14.71,82.0,49,1.87,0,0,336.86
21.72,81.0,1,2.31,1,0,1240.4
4.35,36.0,6,2.38,0,0,162.69
14.66,75.0,52,2.1,0,0,333.25
21.83,56.0,59,2.58,0,0,441.11
14.99,115.0,22,2.72,1,0,567.39
18.23,21.0,40,1.01,0,0,326.46
9.93,76.0,27,1.43,0,0,274.53
3.22,35.0,24,3.0,0,0,164.74
11.99,88.0,37,1.81,0,0,289.34
10.47,66.0,24,,1,0,378.09
21.81,74.0,32,3.61,1,0,666.31
6.86,22.0,29,1.04,0,0,145.78
24.2,65.0,52,2.32,0,0,456.55
24.0,,20,1.58,0,0,569.3
6.94,52.0,42,1.56,0,1,248.31
9.35,120.0,41,2.25,1,0,324.15
22.49,92.0,43,2.65,0,0,510.01
24.2,93.0,11,1.75,0,1,911.03
11.64,98.0,38,1.93,1,0,355.81
8.7,96.0,37,1.19,0,0,239.92
13.63,21.0,38,1.3,0,0,260.73
17.51,38.0,21,,0,0,386.38
7.56,14.0,53,1.85,0,0,179.19
18.68,88.0,34,,1,0,595.9
2.24,73.0,8,2.63,0,0,186.54
2.18,52.0,17,2.68,0,1,186.81
10.27,75.0,30,1.57,0,0,248.48
9.48,15.0,17,1.54,0,0,197.25
8.58,124.0,26,2.92,1,0,363.92
12.78,24.0,47,1.84,0,0,272.32
8.7,57.0,6,2.82,1,0,407.22
5.61,88.0,8,1.91,1,0,342.34
8.43,86.0,15,3.74,1,0,375.89
24.4,41.0,27,1.92,1,0,640.46
10.87,14.0,45,1.36,0,0,216.54
11.67,76.0,1,3.16,1,0,756.2
14.84,15.0,11,1.31,0,0,288.69
24.6,51.0,19,1.21,0,0,507.97
6.8,60.0,11,1.31,0,1,306.43
17.35,92.0,47,1.12,0,1,479.13
18.18,25.0,52,1.5,0,0,321.68
15.58,85.0,30,1.54,0,0,389.39
3.13,97.0,30,2.0,0,0,157.64
17.24,82.0,16,1.88,0,0,467.89
2.54,76.0,56,1.95,0,1,170.05
15.31,120.0,34,,1,0,509.65
18.75,39.0,49,1.46,0,0,372.92
6.06,36.0,6,1.27,0,0,209.51
21.2,97.0,44,2.76,0,0,511.31
1.73,51.0,19,2.27,0,0,92.61
21.25,73.0,48,1.12,0,0,402.3
12.05,59.0,35,2.92,0,0,273.53
6.22,48.0,41,2.39,0,0,153.44
4.21,16.0,38,1.3,0,0,112.63
23.88,82.0,16,2.94,0,0,651.74
2.74,55.0,1,2.53,1,0,326.24
5.78,65.0,44,2.97,0,0,199.83
9.35,50.0,26,2.01,1,1,391.24
15.89,48.0,30,2.12,1,1,568.1
14.08,10.0,14,2.31,0,1,373.95
4.02,83.0,10,1.84,1,0,272.22
7.95,74.0,19,1.84,1,1,374.8
6.73,93.0,34,2.58,0,0,204.26
6.13,60.0,44,1.34,0,0,170.58
10.87,17.0,33,2.84,0,1,326.48
17.9,80.0,52,1.85,0,0,360.32
6.22,46.0,27,2.75,0,0,169.62
9.8,123.0,33,2.64,1,0,381.0
10.38,44.0,38,2.86,1,0,298.73
24.43,85.0,11,1.63,0,0,721.69
23.91,60.0,43,3.12,1,0,638.29
20.2,123.0,41,2.44,1,0,608.26
6.8,14.0,18,1.45,0,1,265.4
2.63,32.0,41,1.16,0,0,88.15
8.61,66.0,6,1.12,0,0,372.76
7.4,110.0,31,2.41,1,1,361.82
13.14,104.0,1,3.27,1,0,845.73
19.67,34.0,42,1.41,0,0,362.12
21.6,28.0,50,1.6,0,0,412.95
21.28,41.0,16,3.61,1,1,784.67
9.63,51.0,1,3.08,1,0,639.59
17.49,51.0,49,2.84,0,0,369.72
8.51,34.0,11,2.82,0,0,249.72
2.46,87.0,44,1.93,1,0,163.74
17.84,91.0,40,2.91,0,0,419.9
1.24,40.0,9,1.1,0,0,104.59
10.82,97.0,20,3.65,1,0,423.93
8.91,70.0,32,2.09,0,0,247.06
17.64,83.0,41,2.87,1,1,648.23
19.39,18.0,27,2.43,0,0,380.12
8.3,30.0,6,2.76,0,0,274.32
20.48,63.0,44,2.23,0,0,450.43
8.05,80.0,54,1.85,0,0,204.95
11.71,22.0,25,1.22,0,0,241.27
18.45,,6,2.58,0,0,805.65
17.63,22.0,6,1.26,0,0,403.49
24.7,91.0,12,3.25,1,0,921.47
6.4,37.0,43,2.06,0,0,149.86
16.9,98.0,31,1.77,0,0,392.77
15.63,55.0,50,2.23,0,0,331.88
22.96,57.0,9,,0,0,653.33
4.75,99.0,13,2.88,0,0,211.78
19.04,49.0,18,1.53,0,0,439.5
14.64,93.0,1,3.69,1,0,897.0
7.59,36.0,5,2.92,0,0,323.7
12.39,88.0,44,2.63,0,0,313.82
9.01,12.0,26,2.76,0,0,219.63
14.9,68.0,19,2.38,0,0,388.7
22.34,27.0,29,1.08,0,0,378.25
14.66,63.0,45,2.95,1,0,418.01
16.16,70.0,36,2.49,0,0,396.99
13.45,66.0,35,2.88,0,0,340.8
2.23,53.0,46,2.14,0,0,111.89
6.59,86.0,17,3.39,1,0,316.81
12.81,81.0,21,2.41,0,0,386.64
8.45,46.0,38,1.56,0,1,281.8
5.36,46.0,9,1.31,0,0,204.97
13.1,112.0,41,3.3,1,0,455.35
8.75,54.0,46,1.47,0,1,277.03
7.19,39.0,34,1.49,0,0,173.07
12.14,54.0,44,3.09,1,0,388.18
4.2,85.0,49,,0,0,158.25
23.27,36.0,57,2.16,0,0,425.69
21.82,56.0,34,2.77,0,0,461.04
17.98,86.0,8,2.22,1,0,760.16
3.55,40.0,29,1.5,0,1,149.2
19.62,86.0,7,2.27,0,1,913.38
20.39,54.0,32,3.46,1,0,591.97
19.43,63.0,24,2.08,0,0,444.62
3.74,78.0,27,1.02,0,0,159.2
16.45,81.0,17,3.15,1,0,574.56
21.02,71.0,25,2.63,0,1,658.0
14.86,34.0,48,1.55,0,1,391.52
16.51,21.0,9,1.11,0,0,328.57
12.0,18.0,56,2.04,0,0,235.53
13.69,129.0,3,1.88,1,0,859.07
1.83,46.0,43,1.83,0,0,111.38
16.34,18.0,26,1.04,0,1,398.56
2.95,108.0,13,2.25,1,0,205.57
11.44,64.0,9,1.78,0,0,383.82
8.02,55.0,8,1.22,0,1,346.1
14.09,80.0,25,1.23,0,0,355.38
4.2,50.0,22,,0,0,166.84
17.6,16.0,9,1.08,0,0,351.09
20.08,14.0,43,2.38,0,0,378.19
4.92,61.0,17,2.63,0,0,188.63
3.5,90.0,30,1.26,0,0,160.37
4.49,84.0,20,1.39,0,0,163.5
22.05,46.0,15,2.28,0,0,511.66
13.68,69.0,7,1.63,0,0,480.71
12.21,45.0,8,1.95,0,0,356.58
3.56,10.0,53,2.67,0,0,96.23
16.59,10.0,13,1.28,0,0,320.68
21.83,87.0,34,2.24,0,0,460.99
20.88,69.0,55,2.88,0,0,450.92
16.03,50.0,49,1.11,0,0,302.23
2.81,74.0,16,1.12,0,0,158.78
3.7,17.0,58,2.11,0,0,108.62
2.18,,43,3.72,1,1,193.19
7.18,86.0,7,2.24,1,0,410.29
4.26,99.0,25,1.66,0,0,142.24
7.24,45.0,47,1.2,0,0,180.26
10.24,13.0,46,1.72,0,0,213.26
23.63,81.0,15,1.89,1,1,928.92
15.65,41.0,21,2.58,1,0,449.7
21.04,56.0,9,2.11,0,0,626.39
18.05,59.0,11,3.75,1,0,665.44
3.7,39.0,59,2.64,0,0,157.32
18.66,91.0,25,2.64,0,0,472.61
7.6,69.0,1,2.26,1,0,572.32
16.34,10.0,20,1.17,0,0,301.5
9.18,97.0,34,3.01,1,0,348.49
24.94,76.0,26,2.04,0,0,594.38
7.33,32.0,27,2.03,0,0,179.1
7.7,54.0,24,1.22,0,0,191.4
23.34,31.0,53,1.99,0,0,420.06
1.59,58.0,12,1.3,0,0,120.61
17.72,57.0,50,1.84,0,0,334.93
18.41,72.0,53,1.12,0,0,337.12
21.07,57.0,45,2.71,0,0,433.61
24.39,83.0,32,1.83,1,0,680.87
24.41,60.0,57,2.88,0,0,517.39
2.57,71.0,34,2.73,0,0,132.16
20.72,88.0,6,2.51,0,0,831.05
16.51,50.0,36,2.97,0,1,516.61
16.54,89.0,23,1.11,0,0,427.55
4.08,36.0,17,2.28,0,0,149.07
16.6,66.0,46,2.7,0,0,347.81
24.58,,28,1.25,0,0,478.11
22.88,21.0,14,2.17,0,0,459.03
11.54,121.0,41,2.59,1,0,371.73
1.96,91.0,9,1.87,0,0,187.42
9.7,99.0,21,3.63,1,0,391.41
20.83,73.0,56,2.08,0,0,442.7
17.84,13.0,29,1.19,0,0,306.17
12.02,48.0,11,2.87,0,0,360.38
2.32,58.0,39,2.17,1,1,169.74
11.25,71.0,31,2.79,0,0,318.51
12.26,54.0,56,2.94,0,0,286.63
23.29,70.0,25,2.76,0,0,548.04
16.39,40.0,47,2.35,0,0,344.32
8.48,88.0,22,3.29,1,1,415.16
13.61,70.0,15,3.2,1,0,505.09
2.59,81.0,28,2.72,1,0,173.38
24.34,57.0,25,1.55,0,1,689.95
9.64,59.0,41,2.37,1,0,304.12
12.47,93.0,31,2.46,0,0,313.91
9.53,29.0,19,2.25,0,0,254.66
17.38,55.0,45,2.97,1,0,508.25
16.89,66.0,9,2.31,0,0,539.25
18.17,28.0,21,2.55,0,0,380.86
7.44,22.0,12,2.5,0,1,279.95
8.58,29.0,52,1.21,0,1,271.23
4.01,85.0,51,1.73,0,0,161.67
16.73,58.0,28,1.53,0,0,368.0
1.96,65.0,12,2.88,1,1,237.18
15.34,74.0,44,1.92,1,0,431.75
21.87,80.0,41,3.32,1,0,598.46
22.38,19.0,46,1.21,0,0,359.45
11.78,115.0,1,2.34,1,0,773.4
12.02,63.0,48,3.37,1,0,396.97
2.85,82.0,20,1.1,0,0,128.36
17.1,78.0,25,2.32,0,0,411.3
20.71,40.0,16,2.85,0,0,463.96
6.87,63.0,21,2.24,0,0,240.51
11.11,67.0,48,2.43,0,0,290.57
21.13,69.0,37,2.58,0,0,449.54
22.05,20.0,15,1.44,0,0,398.81
6.84,82.0,44,2.16,0,0,201.85
14.21,95.0,41,1.62,0,0,324.14
5.62,79.0,34,2.3,1,0,241.63
3.45,94.0,5,2.18,1,0,340.24
22.87,56.0,32,2.17,0,0,478.35
20.69,70.0,47,2.59,0,0,433.42
19.24,89.0,34,2.75,0,0,419.21
2.17,83.0,50,1.86,0,0,90.65
21.25,43.0,18,1.75,0,0,474.71
11.51,101.0,45,3.17,1,0,400.16
9.22,88.0,47,2.56,0,0,218.76
14.12,121.0,15,2.31,1,0,574.95
3.19,84.0,26,2.39,1,1,211.75
19.16,14.0,31,2.07,0,0,338.82
14.98,60.0,38,1.89,0,1,456.07
5.48,67.0,12,2.41,0,0,205.34
5.52,12.0,47,2.01,0,0,156.76
5.42,32.0,37,1.22,0,1,232.31
2.37,49.0,31,2.13,1,0,153.42
15.11,86.0,49,3.6,1,0,471.94
21.17,,15,2.25,1,0,667.36
1.42,57.0,51,1.1,0,0,79.99
2.18,36.0,55,2.46,0,0,106.57
14.75,45.0,33,2.37,0,0,338.06
20.67,97.0,20,2.2,0,1,699.58
8.84,63.0,8,2.0,0,0,318.2
9.39,,48,2.94,0,0,232.36
15.31,12.0,29,1.24,0,0,283.34
7.58,108.0,1,,1,0,559.93
1.64,42.0,13,2.93,1,1,170.44
18.65,49.0,47,1.04,0,0,339.94
16.02,99.0,33,2.62,1,0,490.17
14.94,79.0,10,2.57,0,0,539.7
18.8,88.0,34,1.94,0,0,421.93
17.21,109.0,22,3.55,1,0,629.77
5.94,32.0,17,2.29,0,0,166.5
9.46,99.0,41,3.33,1,0,316.16
4.03,39.0,7,2.61,0,0,168.63
4.12,,29,3.18,1,1,262.53
17.23,79.0,1,3.3,1,0,1043.63
21.61,57.0,14,2.39,0,1,691.97
24.11,94.0,55,2.1,0,0,487.6
16.08,54.0,10,2.13,0,0,440.98
5.42,46.0,5,1.38,0,0,224.94
3.54,31.0,5,2.65,0,0,171.19
20.51,91.0,1,2.42,1,0,1185.05
14.89,11.0,20,2.07,0,0,309.44
15.84,53.0,18,2.3,1,0,506.52
19.76,57.0,1,3.19,1,0,1140.13
17.88,59.0,20,2.95,0,0,443.98
21.03,24.0,11,2.6,0,0,475.09
2.35,46.0,54,2.24,0,0,107.78
18.94,11.0,29,2.14,0,0,337.42
21.42,93.0,19,1.98,0,0,599.8
7.87,83.0,13,1.41,0,0,296.4
16.37,78.0,15,1.7,0,0,470.57
8.54,41.0,11,1.81,0,1,323.47
23.99,105.0,47,3.69,1,0,731.76
1.8,96.0,33,2.65,1,1,187.3
14.92,,27,2.17,0,0,349.23
5.0,14.0,7,2.84,0,0,162.34
18.09,124.0,1,2.84,1,0,1067.67
5.22,57.0,1,2.3,1,0,467.82
6.65,57.0,16,1.76,0,0,222.78
12.86,49.0,7,1.75,0,0,412.52
22.96,77.0,11,2.43,0,0,679.29
6.08,65.0,27,1.59,0,0,169.27
4.46,13.0,42,2.46,0,0,130.88
19.22,26.0,19,2.78,0,1,537.57
13.01,61.0,27,1.67,0,1,398.53
22.88,72.0,46,1.27,0,0,449.07
4.52,51.0,9,2.28,0,0,184.69
16.5,42.0,45,1.72,0,0,347.61
6.59,125.0,43,2.87,1,0,269.14
4.76,27.0,57,2.27,0,0,134.06
17.4,66.0,23,2.62,1,0,557.15
15.25,88.0,23,2.85,0,0,426.12
19.12,70.0,28,1.8,0,0,411.69
8.43,34.0,27,,0,0,183.46
11.75,70.0,32,2.77,0,0,290.38
10.73,19.0,21,1.27,0,1,334.23
24.62,89.0,13,1.25,0,0,676.12
8.01,43.0,47,3.67,1,1,366.91
8.08,70.0,11,2.22,1,0,364.37
9.51,41.0,5,1.3,0,0,330.98
14.55,63.0,34,2.87,1,0,455.05
7.06,68.0,55,1.09,0,0,176.52
22.97,27.0,13,2.24,0,0,494.16
7.38,84.0,44,1.91,0,0,208.99
22.5,81.0,10,2.28,0,0,721.91
3.48,74.0,19,1.57,0,0,174.99
16.76,11.0,51,2.81,0,0,294.66
22.77,30.0,10,1.54,0,0,510.91
5.05,92.0,57,2.28,0,0,166.35
24.24,51.0,51,2.89,0,0,474.94
11.87,34.0,22,1.8,0,0,252.87
23.7,62.0,58,1.32,0,1,588.84
17.24,18.0,28,1.14,0,0,298.98
8.24,81.0,32,3.73,1,1,369.79
5.52,37.0,59,2.53,0,0,138.58
8.29,46.0,54,2.84,0,0,218.38
3.23,70.0,54,2.4,0,0,119.06
4.45,98.0,24,2.48,1,0,222.57
3.51,41.0,23,1.25,0,0,112.27
11.15,50.0,32,2.86,0,0,290.8
20.09,84.0,27,1.98,0,0,443.91
4.39,124.0,18,2.59,1,0,265.43
4.13,33.0,56,2.16,0,0,128.35
16.44,74.0,31,1.21,0,1,487.93
5.73,89.0,17,1.62,0,0,225.39
3.34,97.0,15,2.28,0,0,187.33
5.0,19.0,19,1.2,0,0,133.77
23.17,89.0,24,2.07,1,0,686.92
20.72,72.0,10,2.02,0,0,613.47
9.5,95.0,29,2.25,0,0,243.85
16.74,74.0,59,1.37,0,0,329.21
13.89,67.0,35,1.07,0,0,305.64
17.25,85.0,15,2.92,0,0,510.24
17.38,55.0,8,1.05,0,0,482.2
16.09,98.0,19,1.0,0,0,427.6
7.39,37.0,52,1.65,0,0,167.82
1.94,90.0,28,1.44,0,0,103.48
11.93,119.0,8,2.95,1,0,666.3
22.38,68.0,28,2.79,0,0,524.84
14.67,43.0,17,2.76,1,0,456.9
20.98,50.0,9,,0,1,690.34
24.8,69.0,51,2.82,0,1,685.63
4.93,71.0,30,1.38,0,0,152.15
17.6,20.0,34,1.98,0,0,325.21
17.18,29.0,46,2.28,0,0,324.52
24.52,129.0,32,2.46,1,0,766.91
24.65,,42,3.28,1,1,829.65
17.48,71.0,52,2.41,0,0,355.2
6.85,46.0,45,2.64,1,0,247.72
20.17,73.0,7,1.18,0,0,669.14
3.57,97.0,46,1.82,1,0,165.43
19.74,13.0,22,1.74,0,0,352.77
22.84,111.0,16,1.96,1,1,970.95
10.19,23.0,55,2.56,0,0,240.18
16.14,125.0,22,2.47,1,0,576.35
11.32,32.0,34,2.33,0,0,229.46
11.51,98.0,6,1.69,0,1,659.26
8.45,45.0,13,2.59,0,0,246.59
19.29,129.0,1,3.58,1,0,1124.63
23.47,33.0,40,2.68,0,0,491.53
23.58,91.0,25,1.97,0,0,573.08
5.19,30.0,58,1.17,0,0,136.0
21.99,102.0,22,2.54,1,0,730.7
18.7,56.0,40,1.85,0,0,375.11
7.07,78.0,36,2.92,0,0,242.47
2.61,54.0,1,2.93,1,1,331.12
7.43,40.0,27,2.28,0,0,191.86
22.89,99.0,10,2.56,0,0,821.0
16.2,13.0,26,2.14,0,0,308.13
18.31,43.0,25,3.0,1,1,655.88
7.17,53.0,23,1.49,0,0,218.47
18.27,70.0,12,1.12,0,0,496.44
1.67,102.0,2,3.24,1,0,264.94
10.01,92.0,24,2.7,0,1,393.96
16.04,65.0,18,2.62,1,1,639.68
4.51,59.0,17,2.1,0,0,151.86
20.75,42.0,45,1.61,0,0,369.26
6.64,13.0,57,1.9,0,0,156.84
16.65,66.0,55,1.42,0,0,314.1
10.72,71.0,11,2.52,0,0,396.57
15.31,97.0,56,1.98,0,0,352.88
3.58,73.0,2,2.89,1,0,376.99
1.41,43.0,31,,0,0,83.39
22.83,41.0,37,3.04,1,0,584.81
7.47,52.0,7,1.41,0,0,287.72
20.67,81.0,21,1.77,0,0,519.57
24.98,88.0,1,2.63,1,0,1415.11
6.07,30.0,42,1.9,0,0,146.73
7.36,51.0,41,2.25,1,0,254.45
16.91,45.0,13,,0,0,433.77
24.17,10.0,55,1.86,0,0,401.12
22.98,51.0,10,2.22,0,0,597.51
13.07,25.0,12,2.23,0,0,308.17
20.08,58.0,48,2.21,0,0,421.87
4.26,45.0,20,2.92,1,0,196.97
24.46,22.0,52,2.65,0,0,451.61
24.14,54.0,24,2.63,0,0,540.81
4.93,48.0,20,2.63,1,0,219.38
8.19,67.0,48,3.07,1,0,282.2
3.4,73.0,7,1.21,0,0,244.36
7.52,43.0,52,1.18,0,0,188.71
20.58,,29,1.96,0,0,421.25
10.08,74.0,19,2.8,0,0,293.61
3.12,98.0,15,2.3,0,0,204.61
9.21,91.0,26,3.14,1,1,433.79
24.55,83.0,36,1.32,0,0,483.92
16.11,75.0,10,1.91,0,0,496.04
10.99,43.0,1,2.6,1,0,693.06
5.0,34.0,27,2.57,0,0,165.45
24.67,119.0,23,2.08,1,0,796.71
20.7,72.0,11,2.08,0,1,753.91
7.76,49.0,34,2.82,0,0,202.64
2.68,108.0,10,3.58,1,0,251.26
2.36,65.0,5,2.7,0,0,208.91
3.89,62.0,7,2.55,1,0,242.43
14.94,93.0,40,2.88,0,0,369.78
23.29,42.0,1,3.41,1,0,1260.16
12.92,74.0,26,2.7,0,0,325.16
21.23,60.0,41,2.86,0,0,453.3
11.7,34.0,33,2.87,0,0,285.0
18.01,89.0,20,1.48,0,0,477.9
18.56,50.0,55,1.26,0,1,476.34
5.18,14.0,48,2.38,0,0,139.06
9.67,73.0,13,2.13,0,1,385.1
16.3,15.0,29,1.65,0,0,283.98
2.7,115.0,32,3.17,1,0,174.49
9.68,55.0,26,1.12,0,0,259.66
13.84,32.0,45,1.09,0,1,367.05
24.91,47.0,6,1.71,0,0,709.92
12.39,14.0,5,1.39,0,0,270.48
20.59,100.0,4,3.24,1,0,1176.72
11.37,11.0,39,2.9,0,0,264.97
20.11,12.0,28,2.32,0,0,378.35
15.29,16.0,54,2.31,0,0,277.98
22.28,129.0,18,1.81,1,0,812.34
10.86,85.0,48,2.02,0,0,240.2
15.5,89.0,41,3.43,1,1,621.84
16.12,69.0,50,2.31,0,0,316.23
11.02,104.0,4,2.26,1,1,726.18
4.46,74.0,42,2.7,0,0,157.82
3.25,101.0,14,3.73,1,0,252.8
1.4,63.0,56,1.56,0,1,146.49
21.96,62.0,16,,0,0,497.3
6.68,48.0,17,2.48,1,0,274.14
6.08,10.0,27,1.13,0,0,141.15
18.66,24.0,13,2.75,0,0,422.07
8.68,128.0,1,3.66,1,0,634.06
13.15,45.0,33,2.27,0,0,299.85
4.9,19.0,31,2.53,0,1,208.91
24.03,59.0,33,2.34,0,0,488.11
21.44,40.0,8,1.75,0,0,544.27
21.73,123.0,1,3.06,1,0,1215.52
10.76,78.0,11,2.67,0,1,498.02
19.3,25.0,47,2.62,0,0,348.99
4.45,88.0,52,1.16,0,0,148.22
1.21,51.0,46,1.93,0,0,83.89
1.48,65.0,41,2.59,1,0,131.86
15.08,69.0,28,3.3,1,1,564.41
11.93,11.0,16,2.0,0,0,228.55
13.43,76.0,31,1.7,0,0,312.33
1.18,122.0,48,3.21,1,0,166.83
11.14,65.0,26,1.95,0,0,286.2
18.23,33.0,19,1.51,0,0,397.34
11.62,76.0,47,2.78,0,0,287.2
18.57,49.0,14,1.23,0,0,419.98
6.59,102.0,29,1.84,1,0,244.29
20.52,78.0,44,1.29,0,0,415.91
15.12,98.0,47,2.13,1,0,426.24
6.06,70.0,24,2.08,0,0,185.98
6.68,61.0,36,2.25,0,1,240.34
16.07,115.0,14,2.7,1,0,659.85
20.92,75.0,1,2.21,1,0,1210.36
10.98,70.0,23,2.06,1,1,467.86
7.2,16.0,31,1.98,0,0,144.57
21.81,129.0,20,2.93,1,0,809.05
17.06,99.0,15,1.61,0,0,518.02
11.75,29.0,33,1.44,0,1,355.19
12.71,42.0,48,1.16,0,1,346.24
5.9,92.0,24,1.05,0,0,192.39
16.04,56.0,37,2.01,1,0,438.83
9.61,15.0,10,2.48,0,1,353.78
24.9,95.0,12,1.69,0,0,759.32
12.52,90.0,49,1.05,0,0,271.49
12.66,29.0,51,2.02,0,0,244.58
14.58,51.0,6,2.07,0,0,488.73
23.0,72.0,59,1.86,0,0,456.98
20.22,50.0,31,1.22,0,1,574.62
11.83,99.0,42,2.51,0,0,303.72
18.25,111.0,14,3.18,1,0,744.32
15.07,16.0,34,1.79,0,0,290.51
12.82,80.0,33,1.76,0,1,420.2
5.62,68.0,1,2.11,1,0,465.12
12.13,76.0,19,2.51,0,0,374.7
6.9,55.0,27,3.0,1,0,257.86
22.96,86.0,15,1.17,0,1,781.81
9.05,89.0,34,2.56,1,0,341.16
23.85,91.0,28,2.81,0,1,752.98
13.79,53.0,45,1.9,0,0,272.54
16.16,86.0,19,1.65,0,0,466.86
14.03,40.0,9,2.29,0,0,380.78
4.11,106.0,3,2.21,1,0,414.34
10.02,12.0,8,2.05,0,1,308.91
3.38,,31,2.34,0,0,145.96
15.95,75.0,46,2.71,0,0,370.0
11.72,116.0,1,3.19,1,1,762.97
19.67,114.0,31,2.57,1,0,588.81
6.29,16.0,55,2.54,0,0,135.26
4.95,36.0,57,2.8,0,0,171.2
10.75,16.0,17,1.96,0,0,230.85
23.24,,25,1.01,0,0,419.82
18.05,51.0,15,2.76,0,0,447.93
11.05,94.0,16,1.33,0,0,322.68
13.41,65.0,8,2.05,1,1,646.08
3.02,100.0,39,2.42,1,0,169.63
24.63,29.0,40,1.76,0,0,422.88
16.99,88.0,17,2.6,0,0,522.79
7.85,126.0,1,2.58,1,0,574.24
15.06,88.0,25,1.1,0,0,375.83
3.63,60.0,13,2.27,0,0,191.49
24.18,113.0,27,3.14,1,0,796.61
5.19,11.0,48,2.63,0,0,137.06
16.55,39.0,59,1.8,0,0,335.46
6.89,26.0,21,1.17,0,0,193.36
18.22,76.0,31,2.11,0,0,416.86
19.64,81.0,5,1.24,0,1,954.0
17.16,52.0,55,1.03,0,0,327.73
15.75,,9,2.56,0,0,477.92
22.42,43.0,6,2.61,1,1,928.52
2.89,97.0,29,2.05,0,0,159.39
8.94,38.0,29,2.33,0,0,227.61
6.96,81.0,16,1.8,0,0,230.33
24.71,43.0,15,1.1,0,0,524.63
10.35,48.0,24,2.31,1,0,333.36
18.58,67.0,52,1.39,0,0,352.23
17.43,90.0,31,2.95,0,0,442.31
6.09,,21,2.48,0,0,244.28
6.74,33.0,34,1.9,0,0,156.05
7.75,65.0,7,1.13,0,1,377.75
10.87,95.0,15,1.23,0,0,382.46
6.62,90.0,53,2.63,0,0,214.38
1.47,100.0,27,,1,0,162.41
22.11,112.0,41,1.86,1,0,634.05
24.17,118.0,3,3.62,1,0,1381.1
9.2,102.0,12,2.56,1,0,441.89
9.12,81.0,1,2.23,1,1,633.54
1.17,56.0,1,2.0,1,0,249.63
17.33,80.0,38,2.54,0,0,393.82
20.81,99.0,9,1.94,0,0,785.26
4.52,105.0,1,3.46,1,1,432.99
4.83,57.0,30,1.45,0,0,155.79
19.96,79.0,41,2.36,0,1,601.21
15.79,42.0,44,1.24,0,0,278.92
2.08,47.0,10,1.18,0,0,105.81
15.94,10.0,15,1.27,0,0,305.63
8.41,64.0,15,2.62,0,0,241.1
9.85,64.0,47,2.31,0,0,222.36
19.47,49.0,34,2.13,1,0,528.84
20.46,94.0,32,2.57,1,0,637.09
10.61,63.0,10,3.33,1,1,532.22
23.73,111.0,14,2.37,1,0,901.8
10.76,37.0,24,2.84,0,0,292.22
19.52,60.0,30,2.83,0,0,456.72
12.61,55.0,39,2.11,0,0,286.79
22.54,111.0,34,3.06,1,0,686.96
22.79,38.0,49,2.31,0,0,408.97
3.1,58.0,36,2.32,1,0,175.32
23.48,88.0,29,1.73,0,0,529.73
20.81,44.0,24,2.07,1,0,561.19
19.99,58.0,44,2.85,0,0,430.5
5.82,94.0,19,3.25,1,0,268.15
20.32,55.0,14,1.09,0,0,458.69
21.4,24.0,49,2.1,0,0,383.01
7.94,81.0,39,1.69,0,0,231.19
23.85,78.0,21,3.43,1,0,744.28
2.2,31.0,8,1.69,0,0,134.55
4.6,101.0,10,3.09,1,0,286.71
13.9,108.0,23,2.13,1,0,478.39
14.82,113.0,29,2.92,1,0,519.9
16.48,,25,1.59,0,0,332.19
1.41,46.0,45,1.33,0,0,98.71
24.05,32.0,35,2.24,0,0,468.13
2.07,127.0,13,3.08,1,0,207.59
4.43,43.0,38,3.77,1,0,196.06
1.34,82.0,32,3.14,1,0,125.56
14.6,47.0,36,2.03,0,0,318.48
23.37,,8,2.83,0,0,536.51
16.98,50.0,8,3.46,1,1,779.06
20.74,,5,2.1,0,0,584.02
1.32,65.0,34,2.82,1,0,128.84
14.01,48.0,23,2.88,0,0,346.33
12.03,65.0,52,2.23,0,0,272.84
12.98,90.0,26,3.23,1,0,438.13
2.73,42.0,12,1.17,0,1,187.05
17.43,29.0,9,2.44,0,0,424.91
13.08,91.0,2,2.33,1,0,837.35
19.36,43.0,53,1.23,0,0,332.68
12.65,84.0,1,3.5,1,0,813.55
4.59,115.0,29,3.18,1,0,213.83
16.56,13.0,57,1.82,0,0,296.01
5.14,22.0,56,1.86,0,0,149.19
21.94,68.0,15,1.39,0,0,565.71
15.71,76.0,17,1.02,0,0,360.98
4.77,62.0,29,1.7,0,0,176.25
24.1,56.0,45,2.1,1,1,783.41
13.44,80.0,33,1.84,0,0,324.16
2.75,54.0,59,2.67,0,1,142.01
16.04,56.0,24,1.23,0,0,346.63
7.08,87.0,39,1.18,0,0,189.27
20.29,35.0,30,2.8,0,0,411.12
20.63,70.0,45,3.29,1,0,580.65
24.49,40.0,24,1.11,0,0,441.25
13.04,89.0,43,1.16,0,0,290.0
11.92,69.0,47,2.37,0,1,390.4
19.08,10.0,45,1.74,0,0,331.75
4.18,55.0,51,2.45,0,0,141.69
14.13,73.0,38,2.61,1,1,545.92
14.11,99.0,48,2.94,0,0,354.91
3.15,63.0,10,2.39,0,0,168.6
11.03,68.0,21,1.09,0,0,296.06
21.48,50.0,54,1.66,0,0,405.88
21.55,60.0,31,2.13,0,0,497.87
3.38,14.0,45,1.28,0,0,106.76
3.18,97.0,47,1.01,0,0,119.95
7.3,19.0,23,1.16,0,0,168.6
21.99,47.0,46,2.05,0,0,432.69
4.09,44.0,36,2.26,0,0,140.68
18.28,75.0,47,1.19,0,1,492.44
3.43,58.0,17,3.13,1,0,192.36
15.96,47.0,42,2.23,0,1,471.83
9.55,92.0,35,3.68,1,1,430.16
19.93,59.0,35,2.68,0,0,440.54
6.61,87.0,20,2.89,0,0,282.64
16.34,43.0,7,2.93,0,0,490.05
6.66,43.0,10,2.68,1,0,292.03
18.13,70.0,54,1.98,0,1,495.52
21.97,98.0,55,1.56,0,1,613.79
4.04,79.0,20,2.02,0,1,200.96
21.8,18.0,8,1.3,0,1,566.57
15.25,61.0,9,2.34,0,0,483.8
4.05,91.0,58,1.05,0,1,171.29
11.26,40.0,32,1.47,0,0,232.08
4.86,95.0,27,1.42,0,0,181.66
17.81,77.0,46,2.88,0,1,511.86
19.21,42.0,23,1.29,0,0,418.43
3.54,68.0,29,2.78,0,0,147.17
13.15,44.0,23,1.25,0,0,283.84
20.55,22.0,7,2.3,0,0,464.33
23.47,88.0,12,1.64,0,0,707.4
13.32,70.0,30,1.63,0,0,287.75
23.81,57.0,35,3.0,0,0,515.7
13.86,47.0,23,1.45,0,0,322.65
10.46,74.0,59,1.41,0,0,248.75
21.36,63.0,21,2.18,0,0,520.66
12.83,40.0,5,2.48,0,1,535.4
12.33,,57,2.97,0,0,280.83
12.77,90.0,17,2.4,0,0,400.62
21.32,61.0,37,2.92,1,0,593.43
20.97,38.0,16,1.82,0,0,467.68
10.68,74.0,36,2.19,0,0,304.96
9.0,57.0,28,2.2,0,0,264.25
12.81,75.0,38,1.44,0,0,278.3
14.75,64.0,18,3.14,1,1,601.51
6.72,60.0,36,2.21,1,0,274.02
20.05,65.0,3,2.78,1,1,1150.5
12.68,40.0,42,2.32,1,0,362.34
9.02,41.0,8,1.63,0,0,313.5
3.56,82.0,52,2.23,0,1,191.44
6.73,85.0,19,1.93,1,0,275.14
23.78,14.0,40,1.02,0,0,395.24
8.32,79.0,18,2.06,1,1,397.68
5.05,26.0,27,1.34,0,1,160.67
12.06,62.0,43,1.4,0,0,264.1
8.37,122.0,9,3.35,1,0,533.46
1.84,38.0,29,1.89,0,0,132.56
8.76,115.0,37,2.74,1,0,322.25
14.06,17.0,14,2.29,0,0,315.58
14.24,52.0,14,2.46,0,0,374.17
9.56,54.0,1,1.81,1,0,654.55
11.74,43.0,56,2.71,0,0,257.48
24.17,99.0,9,2.98,0,0,900.97
10.06,44.0,33,1.24,0,0,206.36
7.2,72.0,14,3.1,1,0,322.43
6.84,60.0,1,1.8,1,0,538.07
11.99,28.0,26,1.1,0,1,337.3
19.23,10.0,51,1.57,0,0,326.71
5.94,90.0,17,3.49,1,0,304.12
18.02,72.0,20,3.11,1,0,588.3
1.51,35.0,18,1.89,0,0,103.52
11.05,51.0,40,1.88,0,0,230.76
19.62,93.0,6,,1,1,1123.03
9.13,54.0,19,1.62,0,0,249.98
14.53,66.0,43,3.56,1,0,443.41
5.92,60.0,20,2.14,0,0,196.86
18.81,37.0,19,1.97,0,0,398.8
2.25,93.0,12,1.93,0,0,153.83
21.46,47.0,38,3.67,1,0,579.26
5.76,,54,2.45,0,0,182.24
21.99,40.0,18,1.29,0,0,442.2
9.46,14.0,6,1.87,0,0,230.62
18.34,50.0,49,2.38,1,0,491.1
8.66,94.0,16,2.97,0,0,310.41
22.74,81.0,28,1.83,0,0,513.29
4.04,35.0,6,1.14,0,0,160.44
5.28,69.0,22,1.82,0,0,172.05
12.83,55.0,8,1.64,0,1,507.8
2.97,21.0,32,2.2,0,0,119.04
5.7,22.0,29,1.45,0,0,141.79
23.65,113.0,35,1.87,1,0,677.75
24.44,47.0,34,1.99,1,0,624.05
10.03,81.0,1,2.37,1,0,679.06
23.16,74.0,49,1.7,0,0,445.53
14.08,48.0,6,3.47,1,0,559.58
7.47,13.0,48,1.54,0,0,154.16
17.86,64.0,59,1.06,0,0,343.84
16.81,94.0,49,2.56,0,0,373.88
24.74,80.0,23,2.74,0,0,585.72
7.36,64.0,8,1.98,0,0,299.47
17.13,66.0,6,1.57,0,1,748.71
2.25,66.0,28,2.54,0,0,91.36
3.73,48.0,49,1.02,0,0,98.41
1.09,37.0,15,2.85,0,0,113.49
24.99,35.0,28,2.73,0,0,503.43
20.25,82.0,43,2.09,0,0,424.89
19.88,79.0,13,1.56,0,0,569.87
13.23,31.0,11,1.07,0,0,318.85
8.2,,33,3.0,0,0,238.27
4.63,54.0,39,2.52,0,0,146.62
7.83,54.0,18,2.48,1,0,299.64
10.02,74.0,7,1.04,0,0,394.06
19.15,27.0,5,2.28,0,0,466.69
13.95,50.0,27,3.77,1,0,446.78
2.86,13.0,56,2.41,0,0,90.76
1.43,43.0,50,1.17,0,0,62.61
3.46,57.0,38,1.8,0,0,109.47
10.85,92.0,47,1.22,0,1,358.3
23.4,57.0,14,2.82,0,0,618.15
16.3,115.0,9,2.46,1,0,787.34
20.24,49.0,15,2.47,0,1,630.54
12.19,68.0,44,1.17,0,0,258.87
9.68,57.0,37,1.26,0,0,258.82
3.6,80.0,26,3.16,1,0,211.77
22.02,61.0,32,3.49,1,0,642.28
19.8,73.0,24,1.4,0,0,466.19
5.03,85.0,36,1.84,0,0,170.36
13.29,58.0,12,2.24,0,0,386.77
12.7,64.0,55,2.59,0,1,395.59
16.0,24.0,57,2.26,0,0,340.74
23.71,13.0,59,1.19,0,0,391.15
14.91,47.0,11,2.89,1,0,536.96
13.97,69.0,50,2.77,0,0,337.43
2.21,99.0,40,2.74,0,0,124.05
2.51,12.0,6,2.17,0,0,142.51
5.5,16.0,52,2.99,0,0,163.3
1.78,88.0,56,1.21,0,1,146.76
18.84,123.0,28,2.76,1,0,642.56
18.36,26.0,15,2.55,0,0,418.62
4.27,49.0,8,2.08,1,0,241.75
21.07,89.0,22,2.95,0,0,538.59
4.71,35.0,14,1.71,0,1,211.21
8.23,31.0,27,1.7,0,0,194.14
6.98,24.0,28,1.43,0,0,150.56
9.94,67.0,48,1.58,0,0,237.4
7.11,69.0,15,2.16,0,0,254.4
12.73,85.0,59,1.86,0,0,275.99
10.78,78.0,35,2.19,1,0,318.68
24.68,12.0,32,2.62,0,0,462.56
2.34,69.0,31,1.12,0,0,78.55
4.41,62.0,52,2.67,0,0,170.45
2.27,33.0,12,1.55,0,1,164.65
16.02,64.0,58,1.99,0,0,333.05
2.31,11.0,41,1.76,0,0,83.0
21.07,77.0,51,2.14,0,0,456.11
13.29,32.0,51,2.59,0,1,374.96
13.65,98.0,43,3.78,1,1,568.25
14.48,96.0,1,2.41,1,0,908.7
5.1,96.0,49,2.11,0,1,232.03
5.74,81.0,47,1.93,0,0,185.29
8.65,81.0,1,3.8,1,0,583.96
15.24,21.0,45,2.62,0,0,335.68
6.04,82.0,8,1.79,0,0,325.28
3.79,114.0,42,2.75,1,0,204.97
24.28,10.0,52,,0,0,383.92
1.53,93.0,1,3.31,1,0,257.98
20.26,52.0,30,2.69,0,1,586.18
19.91,71.0,54,2.93,0,0,464.19
8.13,24.0,11,2.13,0,0,213.03
4.26,46.0,16,3.14,1,0,209.44
4.5,37.0,14,1.89,0,0,154.11
17.74,15.0,14,2.22,0,0,345.58
16.43,59.0,33,2.5,1,0,484.28
19.79,127.0,1,3.28,1,0,1165.49
23.5,81.0,43,,1,0,613.73
17.61,47.0,56,1.06,0,0,342.53
4.74,101.0,31,3.23,1,0,216.13
6.84,85.0,15,2.86,0,0,290.22
21.21,12.0,38,2.26,0,0,382.1
6.02,67.0,4,3.25,1,0,410.26
2.74,21.0,18,2.65,0,0,86.75
17.88,89.0,42,1.72,0,0,390.6
10.66,53.0,6,1.22,0,0,409.69
23.08,54.0,33,3.67,1,0,656.83
16.61,64.0,14,2.88,0,1,585.17
3.17,94.0,36,1.88,0,0,144.21
23.75,91.0,33,1.43,0,0,503.64
7.21,57.0,54,2.78,0,0,194.46
9.09,45.0,1,3.22,1,0,625.88
10.65,73.0,48,1.02,0,0,227.55
2.23,90.0,8,1.22,0,0,177.89
12.92,126.0,27,3.77,1,1,611.36
3.96,44.0,50,1.08,0,0,112.47
10.62,91.0,28,1.57,0,0,285.95
9.42,20.0,45,2.1,0,0,188.73
19.55,62.0,16,2.17,1,0,604.98
20.28,66.0,14,1.46,0,0,507.24
4.68,90.0,48,1.71,0,0,154.11
9.8,79.0,30,1.54,0,0,276.5
9.96,97.0,18,2.61,0,0,328.34
4.63,76.0,6,2.8,1,0,305.15
20.16,102.0,14,2.36,1,0,770.08
17.97,89.0,38,1.63,0,0,399.4
5.57,38.0,39,1.08,0,0,138.4
9.8,81.0,39,1.9,1,1,392.21
3.54,37.0,26,2.44,0,0,133.63
16.08,25.0,42,1.23,0,1,400.68
3.91,106.0,11,2.75,1,0,289.34
24.66,97.0,32,2.68,0,0,572.75
19.74,27.0,27,1.74,0,0,377.97
10.37,57.0,20,1.69,0,1,367.28
14.89,56.0,17,3.55,1,0,488.93
22.87,83.0,41,2.73,0,0,516.62
14.3,64.0,44,3.56,1,0,440.26
5.19,87.0,30,2.94,1,0,240.35
10.09,126.0,17,3.7,1,0,477.34
21.24,89.0,25,3.44,1,0,653.13
16.46,28.0,19,1.83,0,0,353.27
16.62,113.0,7,3.06,1,0,889.7
21.8,84.0,18,1.24,0,0,550.79
22.46,80.0,16,2.9,1,0,762.46
23.08,14.0,13,1.53,0,0,417.38
3.28,15.0,12,1.57,0,0,113.92
14.06,12.0,18,1.25,0,1,371.19
18.77,84.0,47,2.52,1,0,536.47
19.17,84.0,11,1.96,0,0,622.5
15.56,70.0,7,2.2,0,0,572.66
5.0,87.0,30,2.41,1,0,249.73
20.14,33.0,27,2.58,0,1,592.62
18.28,57.0,21,2.04,0,1,569.13
3.07,35.0,45,2.28,0,0,150.59
12.13,58.0,59,1.56,0,0,253.71
5.18,99.0,29,2.63,0,0,209.0
9.1,127.0,17,3.05,1,0,437.78
1.43,64.0,15,2.72,0,1,200.91
10.61,13.0,36,1.32,0,1,280.61
14.2,58.0,57,1.76,0,0,293.61
15.87,113.0,1,2.03,1,0,942.75
16.92,53.0,31,1.43,0,0,332.15
21.07,38.0,48,1.79,0,0,405.0
6.17,35.0,32,2.79,0,0,149.97
3.89,122.0,33,2.91,1,1,217.96
21.44,124.0,20,2.46,1,0,783.52
4.76,92.0,13,2.49,0,0,269.4
24.39,70.0,34,1.04,0,0,486.67
21.22,49.0,7,1.74,0,0,617.54
13.02,28.0,47,2.2,0,1,363.76
24.55,91.0,35,2.17,0,1,693.84
3.34,23.0,57,2.22,0,0,120.78
8.27,44.0,14,1.42,0,0,239.86
16.32,121.0,45,2.47,1,1,613.2
9.4,28.0,36,2.86,0,0,207.17
23.28,98.0,5,2.95,0,0,1119.81
2.58,88.0,50,1.62,0,0,122.07
14.19,12.0,12,2.29,0,0,311.58
15.18,96.0,43,1.48,0,0,322.93
16.67,59.0,14,1.74,0,0,417.74
7.14,51.0,18,3.38,1,0,275.29
9.75,93.0,38,2.8,1,0,335.92
21.25,104.0,13,3.5,1,0,832.51
5.68,19.0,57,2.26,0,0,129.65
20.84,66.0,1,3.06,1,0,1193.77
14.5,85.0,13,1.07,0,1,546.35
19.29,77.0,58,2.5,0,0,396.41
18.13,30.0,36,2.96,0,0,388.92
5.98,29.0,23,1.95,0,0,163.24
14.65,56.0,33,2.12,1,0,419.79
21.83,55.0,33,2.95,0,0,490.15
11.37,43.0,20,1.58,0,0,254.18
24.2,87.0,43,1.82,0,0,522.68
11.85,49.0,38,1.95,1,1,459.77
4.43,59.0,1,2.02,1,0,390.17
10.35,73.0,9,1.43,0,0,356.66
23.84,,10,2.1,0,0,681.72
8.67,118.0,11,2.92,1,1,536.02
21.83,48.0,21,2.21,0,0,464.9
22.15,71.0,40,2.17,0,0,444.78
9.4,88.0,46,1.99,0,0,272.09
3.0,92.0,36,2.6,0,0,141.82
18.39,99.0,59,2.87,0,0,416.6
8.48,21.0,59,1.54,0,0,163.72
19.79,33.0,44,1.26,0,0,347.95
11.62,92.0,8,2.65,1,0,582.91
12.65,42.0,36,1.05,0,0,252.21
19.67,78.0,47,2.77,0,0,455.52
10.18,82.0,42,1.48,0,0,248.26
11.64,87.0,17,2.1,0,0,380.21
10.03,55.0,51,1.23,0,0,235.94
9.82,128.0,17,2.91,1,0,446.95
13.62,16.0,16,1.08,0,0,254.23
20.41,52.0,26,2.54,0,0,459.99
9.68,16.0,34,2.91,0,0,202.26
13.58,70.0,57,1.61,0,0,311.15
17.1,71.0,16,2.32,1,0,557.53
7.47,94.0,14,1.9,0,0,284.91
7.66,98.0,6,,1,1,551.91
23.4,118.0,30,2.18,1,0,723.59
18.36,39.0,32,2.61,0,0,413.3
14.85,13.0,27,1.4,0,1,387.28
16.55,43.0,28,1.01,0,1,460.77
1.7,48.0,22,2.85,1,0,152.0
15.83,69.0,12,1.23,0,0,476.06
13.23,85.0,24,2.4,0,0,360.68
14.1,33.0,7,1.33,0,1,491.56
9.63,64.0,11,2.63,0,0,310.58
2.96,68.0,17,2.74,1,0,167.76
5.64,63.0,39,,0,0,171.83
23.82,60.0,37,1.37,0,0,463.46
10.81,31.0,55,1.29,0,0,229.33
12.2,29.0,50,2.26,0,0,273.04
2.27,46.0,39,1.51,0,1,116.22
1.9,60.0,26,1.77,0,0,111.52
18.21,82.0,38,1.96,0,1,554.11
13.91,95.0,40,1.46,0,0,349.65
13.21,59.0,41,2.59,0,1,394.48
6.83,89.0,42,2.88,0,0,219.62
18.87,105.0,20,2.66,1,1,767.07
5.04,101.0,35,3.64,1,1,273.45
5.56,53.0,14,2.77,0,0,201.23
12.06,32.0,41,1.33,0,0,241.46
7.87,50.0,44,2.15,1,0,237.22
6.94,63.0,11,1.95,0,0,263.75
16.49,94.0,36,2.85,1,0,489.27
16.62,100.0,5,2.48,1,0,944.48
20.79,61.0,21,1.63,0,0,480.09
11.03,31.0,12,1.86,0,0,299.37
2.75,12.0,11,2.38,0,0,140.84
7.57,85.0,50,1.17,0,0,180.41
24.52,104.0,37,3.22,1,0,736.94
15.31,97.0,2,3.65,1,0,951.56
18.03,52.0,37,2.53,0,0,418.21
1.18,99.0,10,1.38,0,0,163.47
13.44,70.0,50,1.17,0,0,263.85
1.9,62.0,9,1.98,0,0,139.68
14.66,42.0,20,2.91,0,0,366.46
23.1,64.0,39,3.44,1,0,647.49
24.24,59.0,52,2.13,0,0,461.87
13.97,56.0,18,1.29,0,1,468.22
12.0,67.0,38,2.43,0,1,356.2
23.68,75.0,54,2.63,0,0,478.47
17.17,88.0,38,2.87,0,1,561.68
2.56,22.0,29,2.22,0,0,97.45
12.18,51.0,26,2.03,0,0,273.2
6.77,54.0,1,3.04,1,1,555.8
12.28,15.0,45,2.89,0,0,263.83
11.93,94.0,22,2.26,0,0,357.31
14.97,81.0,14,2.32,1,0,582.27
9.56,129.0,7,3.07,1,0,641.59
4.94,44.0,46,2.76,0,0,130.46
13.09,91.0,38,2.13,0,0,331.83
20.92,45.0,15,2.81,1,0,630.3
16.94,87.0,33,2.47,0,0,391.13
9.12,27.0,55,2.32,0,0,215.85
23.45,52.0,13,1.11,0,0,564.88
22.89,29.0,44,2.45,0,0,440.91
6.02,88.0,26,1.82,0,0,209.32
1.95,62.0,35,2.88,0,0,127.93
18.79,87.0,39,3.74,1,0,591.2
20.86,66.0,25,2.7,1,0,607.44
24.23,127.0,1,3.74,1,0,1373.24
22.36,85.0,45,1.62,0,0,441.85
15.41,10.0,50,2.37,0,0,316.94
13.72,,1,1.95,1,0,869.91
1.67,41.0,11,1.29,0,0,96.09
6.92,76.0,16,2.73,0,0,284.22
12.03,19.0,47,2.79,0,0,240.26
16.08,35.0,55,2.07,0,0,302.08
14.37,83.0,23,1.68,0,0,360.82
18.82,74.0,51,1.9,0,0,396.76
7.71,89.0,14,3.54,1,0,375.41
14.56,58.0,17,1.42,0,0,368.41
3.12,71.0,41,2.39,1,0,191.05
10.93,122.0,15,3.37,1,0,492.59
19.0,74.0,41,2.87,0,0,454.31
17.64,65.0,20,1.99,1,0,522.58
24.78,78.0,37,2.61,0,0,535.08
7.67,35.0,52,2.29,0,0,171.34
12.96,74.0,26,1.46,0,0,314.71
8.91,21.0,15,2.51,0,0,246.38
11.57,45.0,19,2.46,0,0,316.63
21.57,33.0,49,1.28,0,0,381.68
17.42,51.0,51,2.0,0,0,324.88
22.18,64.0,22,2.52,0,0,512.41
5.88,64.0,35,1.38,0,0,158.05
21.96,98.0,51,1.93,0,0,440.82
2.43,17.0,38,1.24,0,0,82.91
22.33,115.0,23,2.41,1,1,908.54
8.9,70.0,45,1.44,0,0,209.32
8.55,66.0,11,2.81,1,1,449.95
13.29,85.0,22,1.28,0,0,345.39
23.58,72.0,36,1.77,0,1,649.68
2.15,41.0,14,1.55,0,0,139.93
9.45,69.0,13,2.49,0,0,320.11
21.56,74.0,46,3.2,1,0,605.64
10.51,25.0,56,1.19,0,0,192.69
5.78,45.0,31,2.91,0,0,189.71
11.2,65.0,30,2.49,0,0,293.49
10.25,39.0,25,2.23,0,0,240.89
22.97,71.0,23,2.76,1,0,678.41
19.29,88.0,24,1.36,0,0,439.58
13.12,60.0,3,3.72,1,0,761.35
24.72,65.0,8,1.02,0,0,699.33
12.17,49.0,19,2.38,0,0,321.14
2.4,63.0,56,2.01,0,0,118.83
7.29,39.0,27,2.81,0,1,261.15
11.47,128.0,36,2.56,1,0,423.57
4.77,29.0,46,2.04,0,1,201.46
23.74,83.0,20,2.48,0,0,601.73
19.4,40.0,1,1.9,1,0,1012.01
7.44,83.0,23,1.11,0,0,226.43
15.18,27.0,30,1.42,0,0,310.36
18.31,66.0,8,1.29,0,0,546.22
23.59,68.0,32,1.01,0,0,454.17
22.16,22.0,44,2.25,0,0,414.78
13.36,41.0,53,2.59,0,0,302.2
19.59,125.0,29,,1,0,685.26
14.49,79.0,39,1.88,0,0,324.99
14.26,72.0,38,2.36,1,0,417.5
3.75,74.0,44,2.73,0,0,153.5
4.03,12.0,25,2.69,0,1,190.96
13.71,44.0,31,3.05,1,0,422.42
7.45,51.0,21,2.35,1,0,264.83
1.5,42.0,51,2.82,0,0,84.19
18.35,36.0,44,1.36,0,0,370.26
1.78,52.0,7,1.89,1,0,170.89
15.29,114.0,48,3.39,1,0,487.2
13.94,114.0,1,2.93,1,1,861.61
24.25,45.0,35,1.49,0,0,449.2
12.62,67.0,27,2.34,0,0,296.74
2.53,73.0,46,2.53,0,1,159.02
14.24,89.0,27,3.49,1,0,482.0
21.19,60.0,13,1.56,0,0,539.82
24.92,13.0,9,1.05,0,0,441.51
11.33,83.0,38,,1,0,350.95
8.69,27.0,49,2.71,0,0,197.05
22.76,57.0,32,2.22,1,0,622.51
5.59,15.0,52,1.84,0,0,130.69
15.77,68.0,48,1.51,0,0,344.69
10.74,72.0,58,1.03,0,0,234.85
1.99,52.0,8,2.8,0,0,152.88
9.33,78.0,36,1.27,0,0,246.5
7.37,84.0,7,2.53,0,0,368.2
17.47,78.0,38,1.69,0,0,398.07
23.77,,36,2.36,1,0,614.06
7.43,32.0,16,2.88,0,0,227.3
20.48,20.0,40,2.31,0,0,385.02
2.33,70.0,51,2.37,0,0,124.93
13.91,88.0,50,2.52,0,0,361.2
2.69,128.0,26,2.48,1,0,171.09
23.42,26.0,35,2.13,0,0,440.48
19.39,59.0,17,1.54,0,0,458.05
16.79,92.0,43,3.47,1,0,498.92
20.77,99.0,26,2.2,0,0,524.18
16.54,23.0,31,1.49,0,0,281.69
24.25,78.0,49,3.6,1,0,663.67
18.13,94.0,1,2.96,1,0,1105.09
23.19,18.0,46,1.99,0,0,391.08
13.41,72.0,46,1.07,0,0,286.19
3.81,66.0,20,,1,0,192.55
13.68,44.0,53,2.9,0,0,296.6
4.04,119.0,13,2.93,1,0,263.78
15.22,99.0,48,2.69,1,0,463.92
12.58,95.0,27,1.72,0,0,334.58
15.94,39.0,48,1.54,0,0,314.71
1.24,99.0,32,2.15,0,0,80.86
5.68,48.0,6,1.26,0,0,249.47
12.79,61.0,7,2.84,0,0,429.82
23.81,97.0,41,2.15,1,1,832.5
10.21,74.0,17,2.49,0,0,323.57
11.18,85.0,40,1.61,0,0,279.02
18.15,120.0,15,2.25,1,0,705.8
15.49,98.0,50,2.12,0,0,350.36
8.17,38.0,49,2.53,0,1,301.01
10.86,67.0,43,2.45,0,0,269.39
6.22,51.0,18,1.47,0,0,197.51
24.18,67.0,32,2.46,1,0,638.59
4.14,92.0,32,2.74,0,0,139.73
9.92,19.0,9,2.45,0,0,256.03
1.62,20.0,49,2.43,0,0,60.0
6.32,113.0,32,2.34,1,0,254.93
19.73,99.0,11,3.38,1,0,843.26
5.83,,44,1.72,0,0,147.57
2.92,88.0,33,2.6,1,0,191.01
12.39,80.0,50,1.58,0,0,268.9
1.24,78.0,39,1.24,0,0,95.94
3.03,99.0,12,2.64,1,1,243.09
20.38,37.0,25,1.03,0,0,396.86
19.52,29.0,29,1.91,0,0,390.37
22.96,68.0,35,2.45,0,1,657.13
21.51,21.0,19,2.92,0,0,442.42
17.4,,51,1.16,0,0,288.62
2.26,39.0,23,1.56,0,1,151.76
19.79,42.0,55,1.99,0,0,393.3
21.29,19.0,17,1.34,0,1,541.5
20.18,48.0,36,1.23,0,0,371.77
13.2,85.0,35,1.9,0,0,318.28
6.59,105.0,8,2.96,1,0,391.22
21.29,69.0,29,2.64,0,0,467.34
18.45,80.0,13,3.8,1,0,710.31
24.54,108.0,17,3.35,1,0,870.53
4.74,46.0,23,1.44,0,0,163.05
6.42,87.0,21,2.5,0,0,231.28
6.08,99.0,48,2.07,0,0,169.03
20.02,17.0,20,1.9,0,0,340.63
5.49,66.0,36,2.87,0,0,174.39
2.6,76.0,35,2.4,0,0,125.63
24.97,37.0,55,2.36,0,0,516.05
1.6,53.0,47,1.82,1,0,127.37
21.05,50.0,39,3.53,1,0,586.94
9.77,38.0,14,2.59,0,0,280.99
21.2,63.0,12,1.6,0,0,564.67
14.31,85.0,59,1.58,0,0,332.51
22.64,18.0,53,1.11,0,0,372.68
23.23,75.0,39,1.9,1,0,630.28
1.22,58.0,1,3.14,1,0,260.56
2.81,16.0,29,1.37,0,0,107.23
7.01,26.0,31,2.85,0,0,191.54
17.06,57.0,48,2.68,0,1,470.68
22.32,90.0,18,2.5,1,0,754.37
12.04,96.0,54,1.76,0,0,266.74
15.57,85.0,55,,0,0,343.61
5.52,110.0,18,1.98,1,0,270.49
20.32,128.0,42,1.86,1,0,586.27
24.22,117.0,14,2.7,1,0,930.17
7.45,,36,2.89,0,0,192.42
12.88,98.0,38,2.83,0,0,346.3
3.07,84.0,33,2.62,0,0,137.31
14.42,114.0,46,3.06,1,0,453.87
13.07,46.0,32,3.51,1,0,409.8
4.47,101.0,8,2.83,1,0,331.76
11.61,,28,1.36,0,0,283.34
9.02,54.0,29,3.17,1,0,295.59
13.52,76.0,57,2.84,0,0,323.69
15.06,62.0,23,1.04,0,0,361.35
1.2,50.0,12,1.5,0,0,95.83
19.26,26.0,12,1.53,0,0,377.35
18.11,66.0,10,1.2,0,0,517.02
9.79,83.0,36,2.25,1,0,328.07
2.27,110.0,5,2.57,1,0,318.0
19.12,84.0,53,2.88,0,0,442.52
23.92,73.0,47,2.72,0,0,491.55
6.76,29.0,55,2.89,0,0,201.38
8.76,10.0,59,1.24,0,0,191.49
5.41,94.0,17,1.06,0,0,207.24
14.85,70.0,21,2.02,1,0,474.68
4.72,26.0,28,2.83,0,0,149.7
9.55,128.0,22,2.11,1,0,386.24
17.73,80.0,1,2.95,1,1,1058.38
14.44,85.0,10,1.46,0,0,483.73
10.28,37.0,6,1.04,0,0,305.03
11.09,88.0,27,1.97,1,0,380.66
14.49,99.0,20,2.42,0,0,446.09
1.14,94.0,21,2.16,1,0,126.85
2.88,47.0,35,2.26,1,0,144.99
22.15,41.0,25,1.75,0,0,426.17
2.87,90.0,1,3.11,1,0,328.24
17.96,99.0,22,1.94,0,0,478.42
23.08,108.0,43,3.69,1,0,687.18
7.5,47.0,20,1.87,0,0,201.49
9.89,116.0,32,2.2,1,0,345.69
14.65,28.0,22,2.07,0,0,327.29
22.16,45.0,8,2.7,1,0,742.66
23.61,,53,,0,0,493.56
18.75,79.0,30,2.87,0,0,447.54
3.08,25.0,10,2.67,0,1,192.39
17.06,93.0,5,2.58,1,0,949.91
10.85,91.0,6,1.43,0,0,499.25
12.3,41.0,29,2.83,0,0,326.57
2.18,68.0,1,2.57,1,0,289.84
5.59,91.0,34,3.34,1,0,259.43
19.97,90.0,34,2.98,0,0,465.88
11.9,108.0,3,2.95,1,0,773.11
8.24,38.0,34,1.96,0,1,282.09
10.22,42.0,36,3.2,1,0,326.57
21.51,90.0,15,2.19,1,0,774.12
18.98,77.0,26,1.98,0,0,438.44
7.54,53.0,49,1.62,0,0,185.72
3.82,34.0,16,1.33,0,0,137.5
7.05,31.0,46,2.22,0,0,165.22
23.1,81.0,47,2.95,1,0,645.64
14.96,84.0,34,2.52,0,0,414.99
13.8,47.0,40,3.55,1,0,410.47
15.31,53.0,10,1.44,0,0,430.56
9.78,92.0,21,3.36,1,0,366.18
20.37,125.0,28,2.53,1,0,649.55
13.56,106.0,9,3.06,1,0,659.93
3.8,36.0,59,2.7,0,0,113.05
4.1,20.0,58,1.51,0,0,119.33
13.88,36.0,34,2.2,0,0,298.21
23.48,16.0,19,1.96,0,0,438.96
8.4,84.0,40,2.58,0,0,242.31
21.87,96.0,37,3.19,1,0,647.85
19.34,98.0,33,2.54,0,1,626.44
6.95,48.0,11,1.58,0,0,208.55
1.87,60.0,19,2.41,0,0,142.81
3.44,,56,2.21,0,0,140.92
18.48,30.0,55,1.91,0,0,355.25
5.79,129.0,23,2.56,1,0,280.77
9.91,66.0,18,1.66,0,1,373.96
13.04,90.0,4,1.82,1,1,824.97
18.41,26.0,28,1.34,0,0,361.7
3.72,70.0,32,1.92,1,0,168.59
10.75,23.0,6,2.7,0,0,298.62
12.64,126.0,1,3.52,1,0,783.27
13.98,11.0,57,2.69,0,0,273.41
20.64,99.0,39,2.64,0,0,474.57
5.12,35.0,32,1.44,0,1,199.02
20.39,61.0,34,2.78,1,0,583.11
17.63,,44,3.62,1,0,525.77
14.34,15.0,30,2.52,0,1,412.13
17.79,28.0,36,1.0,0,0,333.61
10.89,65.0,19,1.92,0,0,317.75
4.32,30.0,47,1.02,0,1,181.29
16.98,51.0,26,1.56,0,0,359.67
13.59,29.0,27,1.87,0,0,274.62
16.34,118.0,4,3.59,1,1,992.55
9.11,83.0,19,3.11,1,0,380.1
22.76,40.0,57,1.72,0,0,393.47
15.1,18.0,31,1.98,0,0,269.91
3.05,59.0,53,2.63,0,0,139.83
11.8,90.0,30,1.6,0,0,324.08
19.15,92.0,22,2.23,0,0,528.13
20.06,41.0,5,1.52,0,0,589.18
12.87,113.0,1,2.76,1,0,807.73
22.47,79.0,26,1.85,1,0,627.27
7.42,61.0,41,,0,0,208.07
10.85,78.0,35,1.1,0,0,246.57
22.57,116.0,36,2.25,1,0,670.5
22.51,66.0,6,2.47,1,0,947.39
17.46,,17,2.25,0,0,322.62
21.62,40.0,42,3.24,1,1,722.41
3.13,17.0,33,1.16,0,0,87.69
21.76,19.0,7,1.09,0,0,446.18
8.69,78.0,8,2.6,0,0,354.97
5.28,105.0,10,3.22,1,1,403.42
6.74,50.0,14,2.66,0,0,228.06
11.03,57.0,18,2.35,0,0,305.32
7.03,120.0,47,3.3,1,0,285.29
8.69,87.0,45,2.56,1,0,279.03
4.24,72.0,31,2.98,1,0,214.45
8.11,98.0,23,2.61,0,0,296.18
14.73,108.0,37,2.14,1,0,433.44
11.6,60.0,53,1.85,0,0,242.61
9.32,73.0,34,2.48,0,0,246.19
18.91,91.0,43,2.07,0,0,433.55
22.44,32.0,8,2.36,0,0,554.04
19.16,61.0,51,1.59,0,0,371.81
8.97,121.0,30,1.86,1,0,345.08
18.87,84.0,52,1.06,0,0,382.64
4.65,52.0,36,2.89,0,1,195.73
4.13,83.0,31,2.89,0,1,194.32
9.3,19.0,27,1.42,0,1,277.68
20.38,82.0,23,1.29,0,0,485.67
6.91,116.0,28,1.84,1,0,291.49
2.52,126.0,5,2.26,1,0,352.52
4.16,40.0,13,2.47,1,0,164.78
21.61,25.0,27,1.48,0,0,386.23
16.21,28.0,50,2.59,0,0,318.11
7.08,85.0,48,,0,0,177.46
14.33,44.0,45,1.96,1,0,401.81
13.66,64.0,46,2.39,0,0,314.51
16.73,71.0,44,2.04,0,0,346.47
6.6,14.0,53,1.26,0,0,151.83
21.75,16.0,59,2.48,0,0,412.26
8.42,87.0,12,1.17,0,0,308.56
17.66,42.0,13,1.35,0,0,408.78
1.39,45.0,8,2.1,1,0,149.7
9.94,121.0,41,3.68,1,1,439.72
9.44,15.0,52,2.4,0,0,227.05
14.04,60.0,58,1.82,0,0,296.83
2.75,51.0,34,3.44,1,0,175.23
19.96,84.0,39,1.43,0,0,429.1
6.23,13.0,38,2.86,0,0,148.22
17.25,116.0,1,3.19,1,0,1028.5
20.28,10.0,36,2.12,0,0,367.54
14.49,61.0,12,2.59,0,0,423.36
18.78,62.0,27,,0,0,421.86
16.88,23.0,36,2.77,0,0,357.27
9.53,30.0,42,2.66,0,0,208.52
20.41,40.0,47,1.4,0,0,357.5
8.07,50.0,39,1.48,0,0,192.24
14.71,66.0,50,1.13,0,0,290.14
18.89,16.0,26,1.44,0,1,490.61
10.09,70.0,41,1.69,0,0,204.16
8.27,24.0,31,1.06,0,0,170.03
12.02,18.0,25,1.63,0,1,373.73
20.63,69.0,56,2.54,0,0,424.08
23.32,65.0,33,2.68,0,0,500.43
14.08,97.0,17,1.02,0,0,409.8
16.88,24.0,57,1.01,0,0,300.82
22.68,94.0,41,1.29,0,0,476.93
3.37,97.0,41,2.75,0,0,164.71
6.57,46.0,36,2.74,1,0,207.85
18.01,33.0,49,2.97,0,0,359.81
20.77,66.0,46,2.77,0,0,452.97
21.57,96.0,44,2.78,0,0,500.6
10.96,103.0,28,2.06,1,0,401.86
3.14,34.0,38,1.95,0,0,127.98
11.51,81.0,58,2.99,0,0,285.97
6.54,43.0,55,1.3,0,0,168.02
7.99,63.0,14,2.15,0,0,245.98
19.53,125.0,9,2.49,1,0,955.13
2.81,73.0,21,2.58,1,0,166.4
20.86,37.0,20,2.78,0,0,439.1
11.26,10.0,46,2.18,0,0,222.89
15.31,76.0,36,3.32,1,0,463.46
3.15,39.0,30,2.35,0,0,134.29
9.1,34.0,56,2.06,0,0,209.68
3.15,99.0,21,3.38,1,0,213.5
24.08,11.0,55,2.94,0,1,605.67
20.37,67.0,1,3.73,1,1,1160.09
12.03,57.0,38,2.58,0,0,276.3
6.37,37.0,45,1.97,0,1,262.94
23.4,96.0,15,1.33,0,0,688.26
9.27,63.0,1,1.89,1,0,637.2
4.86,81.0,43,1.46,0,1,219.75
14.52,27.0,29,1.68,0,0,274.76
23.65,59.0,19,2.06,1,1,844.35
1.09,,42,1.45,0,0,86.68
6.71,17.0,5,1.17,0,1,287.56
23.52,99.0,16,2.05,0,0,677.18
5.11,65.0,22,1.25,0,0,148.96
3.72,70.0,45,2.49,0,0,149.17
14.68,48.0,41,1.67,0,0,332.56
21.68,123.0,7,3.14,1,0,1174.98
12.45,27.0,22,2.77,0,0,266.86
24.87,98.0,9,1.97,1,1,1184.76
17.3,27.0,51,2.98,0,0,367.92
2.78,122.0,1,3.09,1,0,343.61
24.83,51.0,43,1.11,0,0,472.75
10.79,62.0,17,1.63,0,0,275.29
7.9,42.0,16,2.77,0,0,249.05
14.39,30.0,14,2.19,0,1,429.75
8.3,80.0,30,1.57,0,0,212.16
3.07,69.0,31,2.88,0,1,182.52
1.03,23.0,26,2.57,0,0,67.89
11.79,42.0,37,2.47,0,0,247.72
21.08,13.0,47,2.78,0,0,407.1
14.74,82.0,10,3.34,1,1,745.23
24.98,41.0,1,2.37,1,0,1306.47
7.88,49.0,54,2.17,0,0,196.08
7.73,59.0,47,2.68,0,0,212.86
4.83,72.0,45,1.36,0,1,214.17
4.94,88.0,40,2.13,1,0,231.23
7.84,103.0,37,2.12,1,0,308.17
20.03,59.0,5,1.39,0,0,696.99
22.74,19.0,15,1.21,0,0,414.94
24.4,94.0,45,2.68,0,0,524.35
6.57,32.0,26,2.64,0,0,196.91
22.15,46.0,33,1.3,0,0,428.65
8.88,81.0,38,2.41,0,0,254.49
3.71,19.0,46,2.25,0,0,113.94
21.88,34.0,7,1.55,0,0,561.73
16.27,72.0,25,2.25,1,0,469.49
4.95,26.0,17,1.5,0,1,233.41
11.32,33.0,15,2.46,0,0,277.23
7.89,58.0,54,1.64,0,0,196.24
18.68,39.0,50,1.56,0,0,369.21
11.88,104.0,31,1.84,1,0,392.84
24.74,90.0,12,2.82,0,0,774.23
2.31,37.0,14,2.51,0,0,102.39
9.52,22.0,42,1.95,0,0,201.8
12.57,66.0,19,2.89,0,1,427.09
13.08,,2,2.39,1,0,827.07
8.58,19.0,58,2.35,0,1,263.0
18.5,74.0,34,1.61,0,0,409.48
21.99,93.0,40,1.63,0,0,467.25
23.53,16.0,34,,0,0,431.07
20.32,69.0,35,2.57,0,0,438.62
21.41,72.0,45,1.59,0,0,419.46
14.21,94.0,9,1.16,0,0,519.43
20.82,65.0,13,2.52,1,0,692.47
8.28,80.0,53,2.52,0,0,227.84
10.56,47.0,38,1.2,0,0,226.56
8.61,63.0,17,2.34,0,0,265.11
12.22,54.0,53,2.78,0,0,280.65
7.85,67.0,29,1.36,0,1,280.96
24.08,50.0,18,2.72,0,1,768.78
8.51,54.0,15,1.1,0,0,231.59
3.35,73.0,24,3.13,1,0,215.02
13.64,85.0,11,2.58,0,0,486.87
2.37,115.0,1,2.69,1,0,317.44
3.65,97.0,29,2.21,1,0,195.49
6.27,118.0,37,3.65,1,0,261.47
12.14,93.0,7,1.04,0,0,519.43
11.4,49.0,27,2.91,1,0,365.15
20.19,129.0,45,2.55,1,0,629.01
18.75,26.0,50,1.92,0,1,489.0
11.23,83.0,36,2.07,0,0,316.34
9.01,70.0,21,2.07,0,0,253.41
8.6,20.0,55,1.41,0,1,290.07
19.58,26.0,55,2.36,0,0,353.37
2.25,84.0,32,1.04,0,0,107.11
1.31,54.0,15,1.84,1,1,164.66
20.09,13.0,55,1.96,0,0,356.75
12.45,128.0,13,2.88,1,0,549.89
4.14,62.0,37,1.55,0,0,136.46
6.65,56.0,15,2.1,0,0,223.7
23.38,55.0,37,2.03,0,0,452.86
21.63,38.0,27,1.7,0,0,423.37
18.03,70.0,1,3.1,1,1,1080.42
12.57,82.0,12,2.92,0,0,434.33
13.49,57.0,34,1.98,0,0,295.53
24.41,95.0,1,3.37,1,0,1368.02
24.18,74.0,51,1.5,0,0,479.61
6.17,42.0,42,3.32,1,0,210.51
20.47,13.0,26,2.3,0,0,371.62
5.73,28.0,31,2.28,0,0,175.51
6.12,50.0,44,2.79,0,0,186.11
17.23,61.0,36,2.27,1,0,478.53
10.72,81.0,40,1.74,0,0,253.74
23.36,64.0,39,1.97,1,0,622.98
3.14,43.0,30,3.25,1,0,165.28
13.28,62.0,23,2.69,0,0,343.71
23.04,60.0,31,1.81,0,1,630.67
22.7,117.0,1,2.51,1,0,1300.98
4.76,14.0,20,2.32,0,0,162.07
9.8,59.0,28,1.15,0,1,314.39
15.86,59.0,28,1.59,0,0,331.96
4.83,98.0,24,2.53,1,0,232.02
24.23,60.0,33,2.84,1,0,684.61
22.95,88.0,49,1.95,0,0,452.36
5.01,32.0,39,,0,0,132.96
3.91,120.0,47,2.88,1,0,206.2
3.05,,54,2.85,0,0,99.12
22.83,89.0,43,1.85,1,0,605.58
5.65,63.0,39,2.36,0,0,153.52
10.99,55.0,14,3.05,1,0,402.75
11.77,45.0,30,3.65,1,0,360.83
15.38,50.0,15,2.29,0,0,395.5
2.72,63.0,54,2.25,0,0,106.34
6.44,19.0,23,2.54,0,0,189.97
23.36,38.0,44,1.54,0,0,419.6
22.8,68.0,49,,0,1,612.94
19.75,90.0,29,2.04,0,0,449.86
1.47,55.0,54,1.88,0,0,90.19
8.85,87.0,26,1.16,0,0,246.55
16.07,51.0,1,2.39,1,1,972.51
7.6,38.0,24,1.56,0,0,203.43
22.83,87.0,53,2.45,0,0,464.82
16.21,81.0,39,,0,0,346.93
2.73,88.0,17,2.26,1,0,179.96
22.82,49.0,28,1.15,0,0,411.18
23.99,90.0,43,3.0,0,0,548.93
2.87,52.0,27,2.38,0,0,127.2
13.78,126.0,32,3.57,1,0,519.9
8.28,46.0,41,2.09,1,0,255.64
10.43,21.0,11,2.6,0,0,251.26
5.31,89.0,43,2.63,0,0,216.28
14.87,22.0,48,1.3,0,0,283.04
23.99,100.0,3,2.12,1,0,1385.77
13.07,56.0,33,1.59,0,0,295.53
2.99,28.0,45,1.43,0,0,110.01
15.88,12.0,47,2.95,0,0,307.25
9.17,111.0,36,2.53,1,0,335.56
21.54,49.0,14,2.52,0,0,524.43
11.43,21.0,19,2.61,0,0,259.01
5.63,40.0,52,1.77,0,0,154.98
5.59,44.0,12,2.37,0,0,216.01
19.45,93.0,49,1.22,0,0,373.11
7.37,75.0,45,1.79,0,0,176.49
19.41,36.0,50,2.93,0,0,393.63
5.94,12.0,26,1.34,0,0,141.85
8.72,57.0,24,1.77,0,0,222.49
12.17,30.0,22,2.58,0,0,279.91
23.64,61.0,38,2.33,0,1,627.44
23.36,16.0,27,2.26,0,0,412.02
5.96,60.0,32,2.71,0,0,186.11
9.6,54.0,45,1.06,0,0,220.61
4.59,55.0,14,2.54,0,1,250.63
13.24,42.0,56,2.77,0,0,294.45
12.05,45.0,47,1.03,0,0,245.7
22.62,56.0,17,2.92,1,0,699.28
23.32,15.0,14,1.7,0,0,402.12
10.21,30.0,55,1.1,0,0,208.55
12.8,47.0,5,1.84,0,0,434.35
22.51,43.0,33,2.29,0,0,451.04
20.36,58.0,50,2.84,0,0,421.03
1.09,100.0,35,3.04,1,0,116.81
8.68,67.0,9,2.71,0,1,430.2
11.12,85.0,48,1.24,0,1,348.85
6.51,51.0,23,2.22,1,0,248.4
5.79,27.0,56,2.94,0,1,236.51
1.91,71.0,54,2.77,0,0,121.06
16.44,15.0,53,1.47,0,0,288.64
7.3,86.0,24,2.24,0,0,238.34
2.26,98.0,12,1.73,0,0,212.12
6.54,57.0,29,1.94,0,0,177.47
20.25,97.0,5,2.72,0,1,1129.04
21.44,50.0,30,3.27,1,0,587.06
12.59,72.0,38,2.28,1,0,376.42
10.99,60.0,10,2.43,1,1,524.09
24.47,63.0,1,2.38,1,0,1390.45
5.81,64.0,54,2.56,0,0,164.09
6.17,58.0,54,1.98,0,0,176.06
8.0,93.0,55,2.9,0,1,302.16
5.15,48.0,7,3.43,1,0,291.25
10.1,47.0,5,1.42,0,0,381.96
22.86,14.0,12,2.57,0,0,451.85
15.77,80.0,1,2.81,1,0,933.94
10.89,73.0,14,2.31,1,1,513.01
23.43,113.0,33,2.53,1,0,717.78
2.16,72.0,55,2.94,0,0,148.09
6.05,26.0,29,1.97,0,0,145.88
14.58,62.0,33,2.44,0,0,352.28
15.77,45.0,7,1.95,0,0,486.06
1.95,45.0,57,1.74,0,0,68.29
10.67,22.0,33,2.59,0,0,256.45
16.58,29.0,22,2.7,0,0,357.33
17.75,60.0,57,1.14,0,0,311.9
16.32,122.0,12,2.36,1,0,717.9
8.69,125.0,18,2.82,1,0,422.29
3.24,25.0,57,1.63,0,0,139.69
11.25,15.0,10,2.57,0,0,282.15
4.09,84.0,32,,0,1,208.01
23.74,19.0,56,2.6,0,0,434.64
12.4,70.0,8,3.04,1,0,556.31
8.61,57.0,20,2.38,1,1,364.13
19.39,80.0,1,2.49,1,0,1149.84
12.95,56.0,15,1.37,0,0,344.38
8.44,63.0,15,2.31,1,1,415.55
20.49,89.0,9,2.43,0,0,750.55
21.81,98.0,35,1.75,0,0,488.98
17.15,98.0,49,2.37,0,0,414.02
2.13,79.0,39,2.83,1,0,134.38
14.59,54.0,31,1.29,0,0,298.11
19.32,92.0,37,2.0,0,0,432.22
4.28,83.0,38,2.51,0,0,167.32
6.49,10.0,54,1.6,0,0,151.27
22.18,36.0,40,,0,0,431.65
1.48,,50,1.4,0,0,70.79
19.07,37.0,9,1.27,0,1,573.85
12.37,57.0,30,1.72,0,0,281.54
11.72,44.0,52,1.78,0,0,232.59
1.17,12.0,56,2.52,0,0,97.77
20.67,47.0,39,1.92,0,0,397.07
9.64,129.0,14,1.96,1,0,486.45
13.98,53.0,18,2.27,0,0,352.43
17.26,14.0,9,1.94,0,0,347.71
17.86,83.0,16,1.66,0,0,478.59
23.94,16.0,17,2.6,0,0,472.86
13.75,128.0,42,2.11,1,1,553.34
10.59,51.0,31,2.83,0,0,285.98
23.89,66.0,31,1.67,0,0,492.75
16.41,94.0,20,1.92,0,0,459.93
8.16,38.0,55,2.86,0,0,218.68
4.04,90.0,58,2.52,0,0,138.86
21.22,102.0,1,1.95,1,0,1200.94
9.69,75.0,7,2.96,1,0,510.91
16.85,49.0,22,1.62,0,0,366.02
12.3,30.0,49,2.02,0,0,261.91
5.77,92.0,6,3.29,1,0,385.26
15.44,25.0,23,1.99,0,0,300.96
2.46,55.0,21,1.14,0,0,116.46
10.92,18.0,46,2.06,0,0,244.0
14.12,12.0,11,1.05,0,0,282.9
11.47,62.0,15,2.5,1,0,430.66
18.97,52.0,40,2.76,1,0,493.72
20.87,77.0,33,3.09,1,0,628.32
19.51,,57,2.01,0,0,353.25
1.93,65.0,1,2.1,1,0,282.66
5.66,41.0,18,2.86,0,0,168.99
13.88,29.0,7,2.3,0,0,376.36
23.44,55.0,36,1.63,0,0,465.41
21.04,64.0,13,2.93,0,0,582.15
21.22,18.0,15,,0,0,432.01
8.28,90.0,17,2.09,1,0,332.37
11.31,66.0,34,2.31,0,0,284.14
12.3,89.0,51,2.12,0,1,388.68
4.78,84.0,49,2.19,1,0,185.19
1.75,77.0,1,2.27,1,0,275.04
23.73,77.0,34,2.13,0,0,506.65
6.78,21.0,55,1.64,0,1,260.18
6.76,129.0,20,3.47,1,0,357.65
3.0,49.0,1,2.0,1,0,330.33
23.28,89.0,56,2.83,0,0,509.38
14.91,74.0,31,2.68,0,1,494.92
17.01,21.0,33,,0,0,347.39
22.88,91.0,39,2.33,1,0,651.75
9.29,60.0,42,2.43,0,0,225.26
15.92,,58,1.88,0,0,371.55
1.93,103.0,1,3.07,1,0,319.12
5.48,66.0,20,1.63,0,0,198.25
20.95,58.0,2,3.47,1,1,1235.01
19.4,39.0,29,1.08,0,0,369.94
9.42,94.0,28,2.38,0,0,275.66
10.04,91.0,45,2.66,0,0,280.05
13.81,63.0,35,3.09,1,0,445.84
1.01,65.0,45,2.18,1,0,108.64
6.79,75.0,49,2.37,1,0,236.42
6.0,65.0,55,2.03,0,0,164.19
7.01,89.0,25,1.66,0,0,226.93
20.34,,47,1.01,0,0,348.35
7.71,41.0,20,1.08,0,0,211.88
5.6,11.0,45,2.54,0,0,133.1
13.1,112.0,41,1.97,1,1,487.53
21.78,91.0,15,2.86,0,0,655.42
6.79,88.0,2,2.69,1,0,534.1
2.88,85.0,29,3.32,1,0,169.94
9.55,92.0,50,1.25,0,0,217.81
18.94,94.0,1,3.65,1,0,1103.81
14.22,21.0,41,1.07,0,1,369.35
20.6,116.0,5,1.88,1,0,1192.35
24.03,72.0,32,1.11,0,1,650.54
20.02,44.0,46,1.21,0,0,382.83
15.49,83.0,56,1.97,0,0,359.73
12.84,61.0,5,3.38,1,1,746.68
1.96,49.0,1,2.37,1,0,304.48
24.62,59.0,44,2.49,0,0,499.43
10.2,74.0,24,3.35,1,0,374.3
4.65,25.0,18,2.82,0,0,155.75
17.0,75.0,7,2.1,1,0,744.55
7.82,70.0,39,1.27,0,0,176.08
15.06,84.0,10,1.24,0,0,503.97
15.08,26.0,53,1.72,0,0,293.05
11.7,98.0,37,1.98,0,0,309.97
21.07,10.0,15,1.92,0,0,380.27
7.36,21.0,5,1.51,0,0,247.86
11.77,12.0,31,2.24,0,0,247.43
13.9,82.0,34,1.68,0,0,326.19
16.93,122.0,40,2.53,1,0,523.54
19.82,28.0,30,1.21,0,0,381.41
10.48,93.0,32,2.18,0,1,390.68
16.51,84.0,45,2.31,0,0,363.35
4.61,97.0,36,2.52,0,0,172.93
23.38,61.0,4,3.61,1,0,1094.08
10.19,40.0,6,3.33,1,0,445.78
18.51,62.0,57,1.47,0,0,370.63
1.49,53.0,59,1.47,0,0,92.24
5.92,49.0,30,3.63,1,0,248.94
12.69,114.0,44,3.38,1,0,440.04
22.08,17.0,47,2.56,0,0,426.42
13.65,26.0,26,2.44,0,0,284.57
23.32,79.0,20,1.53,0,0,540.27
12.61,16.0,22,2.69,0,0,256.52
12.77,102.0,1,,1,0,823.04
3.87,46.0,56,1.7,0,0,128.5
20.26,77.0,40,1.69,0,0,453.88
6.93,73.0,6,2.12,0,0,317.1
22.59,16.0,13,1.93,0,1,605.32
22.86,25.0,48,1.92,0,0,394.04
23.64,98.0,34,2.11,0,0,550.49
13.49,53.0,22,2.63,1,1,523.28
17.25,45.0,33,1.5,0,0,345.05
19.68,82.0,23,2.33,0,0,492.06
4.14,20.0,58,2.58,0,0,122.58
15.42,10.0,32,1.96,0,1,421.69
1.82,18.0,45,2.3,0,0,77.94
12.94,34.0,29,2.07,0,0,281.03
4.72,54.0,23,1.92,1,0,208.77
5.39,67.0,27,1.85,0,0,162.85
9.76,63.0,4,1.82,1,0,522.52
11.38,81.0,45,2.32,0,0,256.94
15.96,80.0,9,2.02,0,0,562.32
2.79,55.0,59,1.25,0,0,125.82
13.09,27.0,57,2.08,0,0,239.19
5.38,76.0,37,2.8,0,0,170.42
14.78,72.0,52,1.68,0,0,293.56
16.3,33.0,59,2.96,0,0,310.05
14.36,93.0,45,2.92,0,0,347.42
18.72,40.0,9,2.57,0,0,466.94
9.05,129.0,1,3.43,1,0,599.95
19.36,77.0,31,2.62,1,0,571.46
11.39,52.0,8,1.81,0,1,462.07
12.62,17.0,29,2.91,0,0,281.97
16.55,81.0,36,1.73,0,0,381.57
1.44,14.0,18,1.19,0,0,108.42
16.7,119.0,21,2.11,1,0,567.52
15.85,36.0,30,2.42,0,0,364.24
8.44,72.0,12,1.77,0,0,304.9
3.06,104.0,24,2.2,1,0,191.06
3.18,102.0,7,3.43,1,0,278.87
23.16,44.0,26,2.78,1,0,652.97
17.54,106.0,47,2.94,1,0,537.4
4.05,91.0,37,2.11,1,0,193.06
9.56,90.0,57,1.39,0,0,244.42
15.22,92.0,57,1.25,0,0,308.8
21.05,13.0,33,2.03,0,0,378.73
2.05,86.0,27,2.55,0,0,116.41
6.68,90.0,22,3.26,1,0,291.13
22.35,52.0,18,1.52,0,0,479.31
1.22,64.0,14,2.7,0,1,172.77
5.83,99.0,11,1.21,0,0,240.58
24.02,50.0,55,1.23,0,0,421.63
15.72,70.0,43,3.5,1,0,456.69
7.28,44.0,30,1.49,0,0,186.35
2.61,89.0,40,2.42,0,0,138.3
1.68,66.0,56,1.02,0,1,114.92
6.87,33.0,31,1.19,0,0,182.62
22.16,92.0,22,3.02,1,0,712.24
10.98,39.0,50,1.36,0,0,239.23
18.29,120.0,24,1.86,1,0,644.77
23.04,116.0,49,2.73,1,0,678.93
10.79,46.0,38,2.46,1,0,345.35
5.59,18.0,47,2.6,0,0,166.02
13.41,60.0,49,3.44,1,0,415.08
22.79,39.0,28,2.23,0,0,467.98
20.3,61.0,1,2.39,1,0,1164.21
2.58,86.0,35,2.72,1,0,150.31
17.62,101.0,21,3.2,1,0,602.18
14.73,70.0,1,1.94,1,0,913.62
22.78,13.0,14,1.66,0,0,398.52
3.94,19.0,47,2.64,0,0,134.47
13.82,39.0,9,1.81,0,0,391.13
22.11,46.0,3,3.05,1,0,976.69
10.84,24.0,7,1.19,0,0,272.81
12.57,28.0,33,2.55,0,0,282.6
2.69,83.0,6,1.2,0,0,237.7
7.68,48.0,22,2.72,0,0,215.33
8.79,42.0,8,2.01,1,0,341.58
23.68,61.0,59,2.78,0,0,452.12
7.78,121.0,23,2.53,1,0,349.48
12.06,97.0,9,2.25,0,0,486.82
17.11,52.0,40,3.49,1,0,521.28
4.89,53.0,9,1.02,0,0,176.99
12.67,90.0,6,,0,0,571.52
18.72,56.0,33,3.62,1,0,552.33
21.8,84.0,27,1.78,0,0,512.93
16.03,26.0,35,2.41,0,0,334.84
17.06,61.0,54,1.28,0,0,361.71
4.03,58.0,20,2.36,0,0,182.77
23.7,92.0,26,1.15,0,1,694.23
4.18,80.0,31,2.43,0,1,222.9
19.59,28.0,33,1.65,0,0,374.68
7.36,43.0,9,1.93,0,1,303.98
23.41,39.0,56,1.33,0,0,423.54
18.28,38.0,16,2.26,0,0,415.05
19.09,87.0,7,2.48,1,0,860.95
6.26,17.0,12,1.77,0,0,150.02
11.63,107.0,40,3.1,1,0,376.88
15.83,61.0,28,1.36,0,0,360.27
19.48,84.0,32,2.7,0,1,604.64
3.5,91.0,41,2.48,0,0,162.12
24.1,94.0,31,2.16,0,0,553.03
22.37,67.0,40,1.26,0,0,428.37
7.49,70.0,13,2.37,0,1,365.86
20.75,79.0,9,1.84,1,0,808.43
13.44,26.0,50,2.61,0,0,269.37
12.08,120.0,1,2.41,1,0,787.6
8.55,54.0,22,2.03,1,0,291.34
14.94,93.0,19,1.33,0,0,415.25
18.52,20.0,40,2.93,0,0,356.56
10.86,92.0,22,2.55,0,0,340.5
16.1,97.0,26,1.48,0,0,414.6
17.78,79.0,9,2.93,0,0,616.95
18.07,121.0,16,2.08,1,0,701.0
2.25,87.0,11,3.27,1,0,211.17
21.63,52.0,16,3.11,1,0,668.1
12.0,35.0,25,2.64,0,0,274.87
7.3,17.0,50,1.76,0,0,167.62
6.8,35.0,27,1.8,0,1,262.67
12.59,23.0,32,2.25,0,0,269.3
22.28,50.0,32,1.8,0,0,436.83
10.08,15.0,21,1.08,0,0,214.61
18.99,55.0,13,3.26,1,0,634.83
3.32,73.0,7,3.08,1,0,265.52
12.43,49.0,49,1.85,0,0,283.9
24.8,51.0,39,2.41,1,0,634.24
19.49,10.0,38,1.64,0,1,496.94
6.05,38.0,51,2.48,0,0,186.63
13.03,120.0,48,3.26,1,0,443.91
6.61,121.0,27,3.44,1,0,322.94
10.83,58.0,51,2.52,0,0,257.46
19.72,25.0,20,2.52,0,0,396.15
19.51,48.0,37,2.3,1,0,526.91
6.47,68.0,34,1.2,0,0,183.99
23.13,48.0,7,2.52,0,1,823.13
15.22,47.0,31,1.2,0,0,340.27
10.12,45.0,14,3.76,1,0,363.67
13.05,99.0,58,2.75,0,0,312.54
15.52,120.0,26,2.87,1,1,680.62
14.44,97.0,25,1.7,0,1,489.97
12.67,83.0,50,2.05,0,0,275.28
13.12,98.0,47,3.27,1,0,415.6
5.23,12.0,9,2.51,0,1,219.17
20.51,28.0,53,1.15,0,1,491.82
14.0,36.0,6,2.61,0,0,409.77
4.15,64.0,16,3.08,1,0,236.14
19.39,94.0,11,1.08,0,0,618.47
23.38,75.0,46,1.63,0,0,471.07
23.74,93.0,14,2.02,0,0,714.33
9.86,,56,1.38,0,1,292.65
4.25,72.0,44,1.31,0,0,140.51
13.44,97.0,1,1.83,1,0,870.23
3.7,59.0,20,2.82,0,0,155.2
23.42,17.0,45,1.11,0,0,386.66
5.41,60.0,32,1.73,0,0,177.14
7.07,81.0,42,2.21,1,0,286.16
10.76,72.0,24,2.48,0,1,382.66
10.2,40.0,30,2.41,0,0,272.51
20.07,98.0,9,3.41,1,0,888.67
11.95,91.0,45,2.23,0,0,278.39
5.1,99.0,34,2.18,0,1,232.58
7.41,97.0,16,1.81,0,0,281.53
13.22,90.0,1,3.07,1,0,843.76
4.54,66.0,14,1.23,0,1,231.32
15.68,44.0,21,3.17,1,0,500.23
14.58,84.0,25,1.21,0,0,351.25
18.15,61.0,59,2.72,0,1,533.45
23.5,97.0,20,2.01,0,1,771.87
22.89,104.0,31,2.86,1,0,710.58
23.71,21.0,49,2.17,0,0,430.83
6.87,32.0,26,,0,0,180.89
4.16,61.0,43,1.96,0,0,118.77
8.25,98.0,45,1.86,0,0,216.82
22.48,72.0,26,1.58,0,0,509.12
24.33,85.0,53,1.26,0,0,456.94
21.62,12.0,21,1.38,0,0,374.12
3.64,33.0,21,1.0,0,0,103.97
23.74,129.0,20,3.54,1,0,859.35
11.16,118.0,31,3.33,1,0,412.15
1.22,51.0,42,1.44,0,0,84.88
11.62,30.0,42,1.0,0,0,206.62
2.11,94.0,45,1.98,0,0,134.8
14.05,94.0,46,1.83,0,0,319.27
9.13,34.0,53,2.55,0,0,184.25
12.36,21.0,7,1.81,0,0,298.81
15.72,87.0,46,3.53,1,0,495.73
21.85,91.0,13,1.19,0,0,632.95
16.89,83.0,5,1.73,0,0,761.35
11.42,79.0,23,2.87,0,0,348.0
20.67,66.0,18,1.02,0,0,446.71
22.73,68.0,34,2.58,1,0,612.62
3.87,38.0,54,1.52,0,1,178.81
13.77,85.0,32,2.86,1,1,572.69
7.83,18.0,6,1.56,0,0,232.96
2.13,41.0,11,2.74,0,0,154.99
17.05,52.0,32,3.67,1,1,635.93
21.71,62.0,47,2.7,0,1,597.78
4.91,84.0,59,1.8,0,0,168.41
20.5,93.0,22,3.78,1,0,690.27
21.48,38.0,14,2.47,0,0,471.7
22.94,60.0,29,1.71,0,0,505.32
7.37,85.0,26,1.19,0,0,210.13
22.69,,15,2.33,0,0,585.86
8.7,50.0,44,2.46,0,0,198.96
14.26,125.0,39,,1,0,455.4
2.21,99.0,42,2.1,0,0,122.25
2.05,21.0,14,2.97,0,1,184.8
18.29,44.0,22,1.65,0,1,538.3
11.67,13.0,51,1.6,0,0,196.68
7.15,54.0,9,2.81,0,0,309.22
5.57,58.0,15,1.23,0,0,221.47
17.08,113.0,21,3.67,1,0,627.81
1.01,27.0,57,2.56,0,0,65.3
20.34,55.0,31,1.78,0,0,438.0
2.9,92.0,40,1.17,0,0,128.56
5.6,67.0,17,1.04,0,0,198.51
10.27,54.0,41,2.55,1,0,344.71
12.64,67.0,32,2.41,0,0,266.69
9.52,32.0,6,1.98,0,0,306.2
8.7,32.0,11,2.48,0,0,228.67
24.13,94.0,36,2.34,0,0,548.84
16.4,65.0,1,2.95,1,0,1003.02
1.56,43.0,23,2.93,0,1,108.47
11.32,50.0,19,2.46,0,0,310.74
22.0,86.0,27,2.83,0,0,552.97
8.23,66.0,28,1.48,0,0,214.37
3.27,34.0,50,2.43,0,0,133.3
19.2,93.0,42,3.0,1,0,580.14
15.54,53.0,56,2.85,0,0,371.81
14.69,52.0,22,2.82,1,0,428.83
2.29,63.0,28,1.56,0,0,98.82
4.37,66.0,48,2.57,1,0,183.78
15.94,17.0,57,1.44,0,0,274.99
5.99,52.0,26,1.44,0,0,152.94
13.1,109.0,36,2.74,1,0,422.98
14.08,86.0,10,2.79,0,0,506.27
7.8,93.0,51,1.38,0,0,210.04
23.76,94.0,1,2.38,1,0,1340.9
21.22,73.0,38,2.71,0,0,444.52
18.34,14.0,55,1.68,0,0,333.8
2.87,98.0,33,3.72,1,0,180.56
3.55,66.0,21,2.34,1,0,167.27
12.83,58.0,37,2.68,1,1,504.05
4.86,74.0,26,1.19,0,0,130.77
24.48,77.0,51,2.98,0,1,672.53
4.8,105.0,48,3.58,1,1,279.99
12.7,35.0,20,2.64,0,0,317.91
9.74,72.0,26,2.11,1,0,331.98
16.35,47.0,9,2.94,0,1,564.35
4.1,16.0,45,2.86,0,0,151.54
11.33,14.0,37,1.87,0,0,221.04
7.59,48.0,39,3.16,1,0,266.95
22.31,22.0,39,2.98,0,0,432.21
1.97,79.0,1,2.62,1,0,282.68
22.93,87.0,17,2.03,1,0,733.03
20.99,85.0,40,3.54,1,0,621.09
8.14,103.0,31,2.75,1,0,296.2
19.94,103.0,26,3.77,1,1,819.26
1.75,68.0,46,2.9,1,0,120.44
24.2,27.0,18,1.06,0,0,458.25
13.64,39.0,57,1.98,0,0,280.54
8.28,83.0,37,2.44,0,1,318.44
9.7,28.0,47,1.05,0,0,216.59
2.59,57.0,9,,0,0,150.92
24.74,18.0,39,1.31,0,0,431.98
1.94,124.0,36,3.09,1,1,184.96
16.72,10.0,58,2.91,0,0,330.92
11.63,99.0,45,2.25,0,0,256.19
23.77,117.0,41,3.19,1,0,720.48
6.9,48.0,42,1.79,0,0,174.57
13.77,64.0,26,2.13,0,0,342.8
12.58,91.0,1,2.89,1,0,820.63
17.87,80.0,59,2.52,0,0,399.93
2.63,73.0,58,2.71,0,0,133.42
5.65,33.0,44,2.33,0,0,175.32
6.15,36.0,38,2.96,0,0,180.7
18.72,105.0,1,3.46,1,0,1112.52
5.54,75.0,6,1.25,0,0,301.19
14.76,101.0,3,2.81,1,0,921.71
6.17,25.0,34,2.81,0,0,176.99
21.68,21.0,41,2.89,0,0,431.25
23.61,79.0,13,2.56,1,1,956.3
13.44,129.0,45,3.25,1,0,446.82
9.46,19.0,13,1.82,0,0,229.7
6.62,73.0,9,1.25,0,0,287.5
2.19,94.0,10,3.57,1,0,235.16
7.44,,30,2.86,0,0,271.14
16.7,98.0,11,2.01,0,0,595.97
13.81,43.0,1,1.84,1,0,782.09
23.66,99.0,18,2.63,0,1,799.94
10.51,32.0,35,1.95,0,0,224.83
17.65,58.0,26,1.15,0,0,363.26
12.74,43.0,27,2.18,1,0,376.83
13.3,10.0,44,1.3,0,0,243.3
7.43,104.0,43,3.17,1,1,347.82
11.92,48.0,35,1.6,0,0,249.74
12.3,12.0,23,1.26,0,0,235.34
17.96,66.0,10,2.84,0,0,541.92
23.58,68.0,50,2.91,0,1,661.28
8.9,88.0,44,1.28,0,0,236.75
2.01,27.0,47,1.46,0,0,97.49
12.91,60.0,40,2.98,1,0,414.11
14.07,95.0,4,2.1,1,0,871.9
5.04,61.0,53,1.32,0,0,141.28
19.25,47.0,6,2.47,1,0,718.69
24.64,34.0,30,2.9,0,0,499.47
23.7,41.0,8,2.92,0,0,656.75
5.73,79.0,55,2.68,0,0,189.0
22.01,49.0,53,2.39,0,0,435.22
17.91,93.0,9,2.44,0,0,670.65
11.89,38.0,34,1.94,0,0,268.69
13.97,78.0,28,2.06,0,0,338.96
21.39,44.0,50,2.27,0,0,411.34
12.52,122.0,33,3.26,1,0,451.0
9.96,115.0,29,1.99,1,0,369.25
12.84,42.0,9,,0,1,460.67
14.9,85.0,1,3.73,1,0,914.41
5.54,81.0,12,1.67,0,0,247.95
22.62,70.0,48,2.34,1,0,589.06
17.18,84.0,39,1.84,0,1,508.78
16.2,77.0,59,1.58,0,0,346.85
3.39,49.0,5,1.18,0,0,213.19
15.5,78.0,6,1.42,0,0,601.6
3.9,51.0,11,2.28,0,0,170.33
2.89,95.0,19,1.45,0,0,132.49
13.66,53.0,18,2.3,0,0,337.86
10.67,26.0,17,1.2,0,0,223.0
15.13,59.0,38,1.88,1,0,383.3
3.14,85.0,33,2.72,0,0,148.03
11.34,92.0,44,3.32,1,0,385.15
5.19,53.0,6,2.33,0,0,229.82
24.69,26.0,11,1.06,0,0,470.41
14.47,36.0,14,1.48,0,1,429.13
17.5,62.0,14,3.42,1,0,613.95
8.81,67.0,29,1.29,0,0,227.17
3.27,78.0,59,2.63,0,0,105.29
24.42,65.0,30,2.17,0,0,512.85
7.87,54.0,46,2.48,0,0,192.23
11.17,38.0,10,2.29,0,0,297.38
16.6,23.0,8,1.83,0,1,521.15
1.59,47.0,2,2.38,1,1,267.27
20.45,85.0,7,3.15,1,0,907.83
13.88,66.0,31,3.41,1,0,428.2
7.68,79.0,12,1.09,0,0,305.91
2.48,16.0,44,1.76,0,0,120.72
4.9,35.0,33,1.7,0,0,123.49
22.48,81.0,21,2.92,1,0,706.4
17.46,39.0,13,1.23,0,0,394.04
7.0,90.0,18,2.87,0,0,242.08
2.57,45.0,5,2.9,1,0,203.21
17.57,76.0,29,2.85,0,0,424.01
14.74,92.0,27,2.63,0,0,389.93
10.71,92.0,14,1.38,0,0,361.6
9.73,63.0,11,1.26,0,1,392.95
6.2,127.0,7,3.52,1,0,493.21
17.07,44.0,26,2.07,0,0,388.73
24.3,44.0,45,1.04,0,0,417.26
5.22,14.0,44,2.87,0,0,134.39
15.33,15.0,53,1.95,0,0,293.28
11.18,32.0,50,1.6,0,0,269.3
11.72,68.0,22,2.03,0,0,290.76
7.1,60.0,13,2.65,0,1,341.99
20.8,71.0,26,1.22,0,0,450.21
12.65,,47,2.52,1,0,383.63
14.04,10.0,59,1.64,0,1,382.6
8.31,88.0,41,3.48,1,0,306.21
5.36,37.0,52,2.56,0,1,207.65
3.06,80.0,56,1.8,0,0,101.36
18.14,76.0,3,3.13,1,1,1061.71
5.71,38.0,46,1.79,0,0,134.3
17.56,28.0,18,2.14,0,0,366.85
10.37,28.0,16,2.98,0,0,277.04
10.98,60.0,44,2.07,0,0,262.5
12.26,93.0,21,2.98,0,0,353.66
9.83,24.0,21,2.49,0,0,238.96
3.41,33.0,55,1.24,0,0,98.58
8.43,70.0,28,2.59,0,0,244.1
16.93,92.0,44,2.12,1,0,472.5
16.98,81.0,17,2.06,0,0,483.4
7.87,68.0,53,2.23,0,1,296.24
12.04,16.0,40,2.78,0,0,264.43
5.64,92.0,22,1.42,0,0,204.34
6.05,85.0,57,2.75,0,0,182.52
1.55,99.0,34,2.87,0,0,111.69
22.52,77.0,59,1.18,0,0,438.47
6.06,73.0,36,3.57,1,0,266.14
6.46,46.0,36,2.32,1,0,249.62
7.71,63.0,41,1.16,0,0,188.54
4.06,106.0,1,3.72,1,0,388.18
16.34,51.0,8,2.58,1,1,681.71
2.8,67.0,14,2.25,0,0,166.33
4.22,122.0,1,2.91,1,0,410.5
16.47,61.0,26,1.43,0,0,348.42
9.15,90.0,45,2.34,0,0,230.6
17.99,65.0,33,1.09,0,0,342.24
14.38,121.0,43,2.21,1,0,470.83
7.14,12.0,55,2.89,0,0,189.71
16.62,22.0,36,2.91,0,0,354.8
3.79,72.0,35,1.97,0,0,161.69
13.87,14.0,41,1.34,0,0,244.48
11.49,34.0,37,1.84,0,0,238.83
7.43,125.0,24,3.55,1,0,375.56
15.5,81.0,43,1.14,0,0,325.74
21.91,61.0,37,1.26,0,0,437.16
24.97,119.0,4,3.59,1,0,1384.68
15.59,14.0,39,1.83,0,0,292.12
10.71,68.0,53,1.17,0,0,202.87
6.4,34.0,32,1.28,0,0,155.8
7.17,119.0,49,3.56,1,0,299.86
12.51,97.0,46,1.98,0,0,309.64
9.81,23.0,13,1.33,0,0,221.84
22.93,86.0,45,2.79,0,0,488.69
9.84,126.0,5,3.49,1,0,687.95
9.96,61.0,49,1.05,0,0,226.56
10.2,34.0,31,2.16,0,0,240.71
21.08,81.0,36,1.49,0,0,448.7
16.62,65.0,45,2.07,0,0,357.3
15.74,91.0,25,1.56,0,0,384.27
9.02,46.0,16,1.63,0,0,260.0
20.63,109.0,1,,1,0,1174.11
1.92,45.0,16,2.88,1,0,159.75
21.9,,36,1.79,0,1,567.33
13.31,29.0,58,1.22,0,0,254.41
10.56,32.0,7,2.94,0,0,352.78
12.93,96.0,6,2.15,1,0,736.94
17.02,62.0,17,2.27,0,0,461.73
1.31,68.0,26,1.17,0,0,129.88
21.92,120.0,36,3.18,1,0,691.57
11.72,100.0,32,1.99,1,0,378.2
9.23,,57,1.46,0,0,218.27
4.32,89.0,32,,0,1,221.58
11.55,29.0,56,1.57,0,0,223.79
12.91,12.0,9,2.07,0,0,286.02
10.69,104.0,24,2.05,1,0,417.1
17.29,46.0,59,1.4,0,0,340.95
11.1,44.0,36,2.47,0,0,253.85
24.07,55.0,39,1.87,1,0,591.8
15.38,13.0,24,1.22,0,0,296.91
20.38,12.0,24,1.43,0,0,341.78
3.62,26.0,45,1.04,0,0,93.48
10.53,83.0,3,1.99,1,0,733.88
9.08,72.0,11,1.56,0,0,323.67
14.67,51.0,11,1.19,0,0,375.02
21.67,26.0,30,,0,0,434.24
2.88,63.0,27,1.93,1,0,172.3
2.74,46.0,54,2.72,0,0,113.54
21.41,11.0,35,2.65,0,1,561.21
6.11,53.0,38,2.0,1,1,264.3
17.05,49.0,8,1.85,1,0,600.01
14.03,54.0,41,1.9,1,0,381.36
20.99,46.0,39,2.18,0,0,415.66
4.0,97.0,24,3.14,1,0,236.2
4.11,55.0,39,2.24,0,1,161.07
14.36,,23,2.08,0,0,341.34
23.71,91.0,13,1.35,0,0,694.15
10.96,65.0,22,2.68,0,0,305.87
8.85,22.0,5,1.66,0,0,251.25
15.56,44.0,21,2.97,0,0,371.56
23.33,75.0,16,2.57,1,0,747.54
21.09,83.0,16,1.53,0,1,721.41
24.89,43.0,59,2.79,0,0,475.23
1.54,33.0,22,2.13,0,0,77.04
3.71,92.0,1,3.24,1,0,411.26
15.63,36.0,28,1.82,0,1,442.32
20.69,82.0,43,2.77,0,0,455.75
7.85,82.0,8,2.84,0,0,404.22
6.74,113.0,17,2.67,1,0,322.32
19.89,21.0,8,1.48,0,0,437.13
2.35,24.0,25,2.3,0,0,98.26
9.87,12.0,31,2.91,0,0,193.47
13.14,67.0,5,3.04,1,1,766.75
14.45,18.0,28,2.91,0,0,299.74
18.49,48.0,31,1.69,0,0,386.0
9.52,39.0,40,2.83,0,0,235.91
15.7,96.0,21,2.03,1,0,546.99
15.05,32.0,59,1.72,0,0,298.46
14.14,39.0,32,1.99,0,0,319.32
16.37,73.0,51,2.31,0,0,353.23
7.23,25.0,38,1.59,0,0,169.56
3.03,45.0,6,,0,0,169.65
3.86,39.0,45,2.81,0,0,132.56
6.39,85.0,20,3.4,1,0,288.14
13.0,89.0,49,1.23,0,0,283.76
21.17,59.0,9,1.96,1,0,757.93
17.83,87.0,28,2.0,0,0,438.68
19.94,95.0,13,3.33,1,0,752.69
9.42,46.0,11,1.25,0,0,306.02
10.71,92.0,21,2.28,0,0,317.85
10.45,90.0,52,2.06,0,0,263.65
5.6,101.0,1,3.25,1,0,489.96
2.47,104.0,30,2.67,1,0,166.12
15.18,38.0,44,2.39,0,0,313.55
24.74,97.0,34,1.32,0,1,717.83
5.0,92.0,56,1.43,0,0,179.29
2.12,52.0,47,2.81,0,0,104.2
19.71,83.0,45,1.66,0,1,556.77
7.06,45.0,59,2.97,0,0,186.01
20.91,26.0,18,1.09,0,0,383.7
17.89,93.0,36,2.79,1,0,517.79
23.7,56.0,42,2.45,1,0,589.18
10.81,41.0,50,2.99,0,0,247.72
16.89,55.0,47,3.78,1,0,521.53
12.16,60.0,24,1.47,0,0,294.12
16.13,98.0,23,2.33,1,0,521.87
11.79,32.0,46,2.5,0,0,248.35
5.53,55.0,48,3.58,1,0,244.19
13.19,41.0,57,2.33,0,1,393.64
13.69,75.0,30,2.73,0,0,349.45
20.45,79.0,23,1.13,0,0,489.09
18.65,83.0,12,2.28,0,0,563.54
16.93,71.0,42,2.4,0,0,360.52
3.72,39.0,24,1.38,0,1,191.68
18.29,75.0,1,3.36,1,0,1065.72
13.01,15.0,20,2.89,0,0,281.7
22.46,54.0,5,2.8,0,0,780.51
23.08,42.0,39,1.49,0,1,584.82
2.32,14.0,12,1.65,0,0,123.51
20.7,65.0,12,2.0,0,1,736.23
1.9,67.0,1,2.12,1,0,307.36
9.81,16.0,32,2.91,0,1,329.55
14.02,68.0,35,1.32,0,0,284.44
4.55,28.0,48,2.52,0,0,125.13
18.91,71.0,20,1.68,0,1,609.4
1.2,52.0,15,2.15,0,0,98.2
5.05,59.0,53,1.09,0,0,136.5
14.94,129.0,8,2.21,1,0,824.71
18.15,62.0,41,1.89,0,0,395.84
23.0,47.0,37,2.35,0,0,471.5
17.93,26.0,12,2.56,0,0,372.42
17.12,122.0,35,1.86,1,0,516.73
10.46,,28,2.1,1,0,348.99
1.03,46.0,17,2.46,0,0,116.37
3.88,46.0,37,3.43,1,0,207.51
13.83,47.0,20,1.47,0,1,404.68
17.2,90.0,40,1.46,0,0,393.39
11.02,68.0,48,1.98,1,0,323.31
18.54,90.0,33,2.1,1,0,527.7
13.52,120.0,15,1.82,1,0,572.22
2.78,54.0,11,2.98,1,1,236.65
5.61,55.0,33,3.61,1,0,237.19
21.16,20.0,59,1.3,0,0,335.67
18.4,42.0,57,2.5,0,0,369.43
22.47,29.0,38,2.15,0,0,404.86
3.82,68.0,12,,1,0,250.1
24.77,25.0,45,2.6,0,0,473.8
6.03,26.0,45,2.71,0,0,151.17
1.28,96.0,37,3.08,1,0,145.47
24.94,117.0,30,3.42,1,0,819.76
7.75,97.0,40,1.7,0,0,213.67
17.03,46.0,59,1.42,0,0,331.43
5.24,86.0,9,2.83,0,0,286.63
14.93,27.0,32,2.47,0,1,431.49
22.7,80.0,53,1.18,0,0,423.69
8.68,88.0,1,3.53,1,0,586.6
17.09,20.0,8,1.7,0,0,362.81
5.51,66.0,7,1.6,0,0,255.13
16.0,90.0,37,2.25,0,0,370.68
9.07,28.0,56,2.14,0,1,307.79
6.07,79.0,7,2.08,0,0,321.94
8.52,121.0,2,2.31,1,1,616.56
5.29,92.0,17,3.72,1,0,284.32
22.65,19.0,10,2.9,0,0,496.1
10.53,40.0,21,1.81,1,0,305.48
6.89,10.0,26,1.68,0,0,149.18
11.76,56.0,38,1.09,0,0,264.1
8.69,36.0,5,2.7,0,0,314.77
18.87,34.0,56,2.77,0,1,512.5
24.31,99.0,40,2.04,0,0,527.7
11.51,19.0,31,2.68,0,0,264.71
21.66,45.0,13,2.41,0,0,542.24
14.58,55.0,48,2.0,0,0,311.95
4.77,17.0,55,1.73,0,0,144.01
17.57,71.0,29,1.53,0,1,505.6
13.32,38.0,18,1.52,0,0,306.27
16.61,62.0,22,2.12,0,0,408.95
22.35,13.0,53,1.33,0,0,361.56
11.57,88.0,49,2.15,1,1,453.04
22.63,78.0,22,1.02,0,0,515.46
19.02,51.0,53,2.23,0,0,361.61
12.73,84.0,31,2.99,0,0,338.53
15.48,74.0,13,2.78,0,0,455.13
8.81,116.0,6,3.21,1,1,606.38
24.61,93.0,55,2.57,0,0,514.38
17.02,43.0,51,1.83,0,1,457.82
2.05,53.0,12,2.4,1,1,215.01
8.84,62.0,53,1.74,0,1,285.3
15.96,85.0,18,1.16,0,0,437.12
2.35,114.0,4,3.07,1,0,314.55
1.57,40.0,14,2.15,1,0,128.26
11.8,17.0,26,2.53,0,0,247.49
8.98,27.0,38,1.38,0,0,191.42
11.52,44.0,42,2.26,1,0,333.19
7.3,76.0,42,2.91,0,0,206.15
4.95,31.0,9,1.21,0,0,162.42
17.54,15.0,34,2.0,0,0,326.66
13.35,97.0,5,1.13,0,1,775.51
5.8,36.0,30,1.18,0,1,203.03
8.67,94.0,11,2.27,0,1,419.2
15.2,76.0,1,3.06,1,0,923.93
2.73,44.0,49,1.39,0,0,87.3
4.54,45.0,9,2.74,0,0,205.98
2.76,70.0,24,2.4,0,1,195.37
20.5,129.0,44,2.4,1,0,590.89
19.06,10.0,32,1.5,0,0,329.1
19.08,57.0,27,2.51,0,0,420.73
18.19,92.0,12,2.47,0,0,600.16
17.07,99.0,51,1.3,0,0,353.9
12.45,,10,2.5,1,0,659.75
16.41,76.0,45,1.43,0,0,350.16
1.92,86.0,52,1.59,0,0,95.55
15.92,78.0,1,2.38,1,0,960.46
19.67,89.0,15,2.95,0,1,717.25
13.01,12.0,17,2.5,0,0,277.78
9.58,35.0,6,2.56,0,1,407.97
7.66,78.0,53,1.55,0,0,181.55
16.43,64.0,6,1.0,0,0,548.92
17.63,12.0,17,1.12,0,0,330.93
21.9,65.0,23,2.11,0,0,504.04
9.22,37.0,37,1.57,0,0,210.91
19.47,52.0,41,1.39,0,1,519.17
14.47,69.0,49,1.9,1,0,383.59
22.19,126.0,19,3.55,1,0,836.16
13.67,27.0,52,2.2,0,1,410.35
13.42,44.0,32,2.01,1,0,365.98
14.87,95.0,50,2.53,0,0,340.41
18.98,70.0,44,2.51,0,0,425.23
24.15,10.0,22,1.58,0,0,431.18
2.77,73.0,33,1.38,0,0,103.41
2.28,23.0,41,2.63,0,0,104.95
23.5,50.0,15,1.66,0,0,553.21
13.72,82.0,49,2.69,0,1,430.67
15.76,77.0,45,1.09,0,0,319.67
12.58,92.0,41,2.8,1,0,401.7
3.25,98.0,49,1.36,0,0,146.79
19.43,40.0,27,2.34,0,0,408.75
18.93,98.0,17,3.79,1,0,687.46
8.48,75.0,39,1.83,0,0,225.84
8.35,46.0,7,1.2,0,0,304.27
21.11,59.0,51,1.64,0,1,543.8
2.74,105.0,12,3.58,1,0,221.6
22.15,53.0,46,3.33,1,0,595.28
7.16,24.0,13,1.46,0,0,197.75
15.23,34.0,52,2.91,0,1,425.76
23.46,83.0,24,2.24,0,0,562.97
17.27,17.0,28,1.34,0,0,316.88
10.95,97.0,11,,1,0,521.64
17.55,65.0,49,1.9,0,0,325.23
9.26,23.0,16,2.64,0,0,232.78
7.65,93.0,37,1.69,0,0,215.46
24.92,51.0,10,2.75,0,0,654.04
19.02,52.0,24,3.42,1,0,583.64
16.47,58.0,1,3.15,1,0,1014.02
9.53,43.0,52,1.52,0,0,212.96
2.18,129.0,17,3.74,1,0,213.15
1.75,55.0,50,2.1,0,0,82.51
14.3,97.0,11,2.82,0,0,525.44
19.29,64.0,30,1.43,0,0,421.86
13.9,94.0,7,2.97,0,0,631.28
21.18,73.0,29,2.63,0,0,492.39
1.8,66.0,7,2.9,0,0,161.52
9.8,97.0,19,1.42,0,0,329.32
6.69,81.0,43,1.86,0,0,183.03
11.73,73.0,8,1.2,0,0,412.16
2.74,14.0,42,1.27,0,0,78.8
23.9,98.0,49,1.57,0,0,489.63
6.36,82.0,48,3.7,1,0,275.03
23.14,26.0,25,2.33,0,0,432.31
11.22,98.0,58,1.63,0,0,272.56
24.65,55.0,34,2.91,0,0,509.02
14.3,42.0,11,2.48,0,0,391.15
23.34,78.0,17,2.81,0,0,610.52
1.13,24.0,54,2.85,0,1,101.81
18.96,51.0,47,2.5,0,0,388.85
22.67,54.0,1,2.29,1,0,1283.83
4.35,74.0,27,2.99,0,0,145.95
3.31,72.0,48,1.65,0,0,112.57
11.19,65.0,11,2.34,0,1,432.08
23.41,,14,2.69,0,0,585.88
14.02,91.0,18,1.35,0,0,398.9
13.66,79.0,9,2.22,0,0,489.04
4.39,43.0,23,,0,0,167.65
1.02,105.0,31,2.29,1,0,138.01
20.44,90.0,37,1.02,0,0,439.07
3.1,108.0,47,3.54,1,0,155.28
16.21,29.0,18,1.27,0,0,321.06
22.95,23.0,7,2.76,0,0,514.83
6.01,85.0,11,2.2,0,1,314.05
16.97,77.0,34,2.24,0,0,363.17
2.89,50.0,31,2.66,0,0,88.18
15.49,98.0,30,2.82,1,0,532.7
4.93,59.0,42,1.71,0,0,163.22
18.66,113.0,48,2.08,1,0,526.27
8.23,78.0,5,2.94,1,0,492.1
12.12,39.0,47,2.11,0,0,234.55
15.39,46.0,40,1.59,0,0,305.75
5.11,56.0,20,2.2,0,0,176.94
18.8,129.0,11,2.68,1,0,891.58
8.26,84.0,13,3.41,1,0,421.32
16.9,,39,2.12,0,1,514.86
4.8,13.0,42,2.87,0,0,157.36
17.51,15.0,52,2.04,0,0,339.52
4.08,54.0,39,3.57,1,0,185.33
11.21,,1,2.84,1,0,741.62
6.93,91.0,58,2.12,0,0,203.3
18.96,90.0,43,1.73,0,0,418.96
7.29,69.0,31,1.8,0,0,219.91
22.16,98.0,55,2.87,0,0,493.85
22.4,67.0,1,2.25,1,0,1267.97
5.71,86.0,6,1.24,0,0,321.1
15.73,41.0,57,2.66,0,0,343.6
3.11,57.0,53,2.15,0,0,105.14
10.4,28.0,56,1.57,0,0,223.47
18.12,40.0,19,1.86,0,0,413.51
16.83,118.0,48,2.85,1,0,521.57
15.99,69.0,5,2.18,0,0,641.24
7.78,53.0,10,2.64,0,0,272.94
10.07,32.0,34,1.79,0,0,218.92
3.47,36.0,48,2.35,0,0,148.14
18.26,10.0,31,2.67,0,0,319.02
13.09,31.0,21,2.69,0,0,331.23
18.01,17.0,44,,0,0,322.72
6.97,78.0,28,1.7,0,0,212.7
8.79,63.0,44,2.99,1,1,358.93
9.02,42.0,55,2.77,0,0,249.53
1.62,21.0,26,2.58,0,0,90.46
9.19,13.0,19,2.17,0,0,208.84
20.28,103.0,39,3.77,1,0,635.44
22.54,88.0,25,1.88,0,0,546.08
13.44,69.0,31,2.68,0,1,433.59
11.93,18.0,20,2.64,0,0,278.93
1.74,51.0,51,2.82,0,0,94.67
22.1,92.0,8,3.78,1,0,973.81
1.31,116.0,1,2.79,1,0,275.56
23.67,83.0,56,1.39,0,0,449.07
12.74,99.0,18,2.72,1,0,489.2
9.21,23.0,17,2.71,0,0,228.06
23.18,60.0,9,2.67,0,0,684.58
1.59,104.0,34,2.47,1,0,149.98
14.95,,37,1.09,0,1,414.01
14.17,31.0,49,2.02,0,1,424.53
6.26,61.0,31,2.75,1,0,231.25
11.29,99.0,12,1.17,0,0,385.4
16.65,73.0,43,2.59,0,0,373.77
18.45,33.0,23,1.57,0,0,380.21
1.02,69.0,4,3.09,1,0,214.7
23.48,79.0,36,2.0,1,0,651.2
4.95,90.0,43,2.72,0,1,233.7
6.61,62.0,13,3.28,1,0,295.72
7.32,49.0,25,2.58,1,0,243.39
1.91,42.0,58,2.26,0,0,111.11
3.95,111.0,8,2.17,1,0,307.4
24.67,14.0,29,2.97,0,0,487.34
8.57,36.0,12,2.59,0,0,280.04
3.77,71.0,8,2.58,0,0,224.98
3.57,34.0,51,1.31,0,1,168.1
18.27,75.0,9,1.04,0,0,580.96
21.51,29.0,40,2.17,0,1,572.5
7.17,52.0,48,1.29,0,0,169.8
1.5,76.0,10,2.56,0,0,166.7
6.35,67.0,34,,0,0,173.51
2.36,80.0,34,2.48,1,0,164.5
3.48,103.0,32,1.95,1,0,169.44
11.36,85.0,31,3.79,1,0,414.2
6.52,69.0,45,2.91,0,0,167.96
13.38,54.0,49,2.06,1,0,363.89
7.08,36.0,23,1.67,0,0,191.89
23.57,67.0,46,1.78,0,0,461.31
22.74,33.0,47,1.59,0,0,419.93
14.6,44.0,22,2.87,0,1,470.37
9.51,62.0,15,3.24,1,0,367.26
10.15,17.0,41,2.91,0,0,231.76
10.88,95.0,47,2.75,0,0,296.99
18.46,55.0,48,3.31,1,0,495.69
11.84,79.0,21,2.39,0,0,358.82
21.56,100.0,25,3.53,1,0,678.0
23.66,97.0,15,3.17,1,0,882.42
9.06,38.0,59,1.38,0,0,199.71
14.46,72.0,15,2.3,0,0,429.16
3.28,35.0,20,2.03,0,0,123.6
5.81,18.0,13,2.96,0,0,178.29
10.92,28.0,55,2.02,0,0,231.67
5.95,80.0,27,1.08,0,1,280.64
22.04,64.0,33,2.33,1,0,594.45
4.8,63.0,17,3.63,1,1,311.23
11.94,78.0,46,3.72,1,0,359.86
15.54,56.0,7,2.46,0,0,495.93
17.6,70.0,53,1.11,0,0,373.91
10.19,38.0,10,1.05,0,1,364.13
21.86,29.0,24,1.96,0,0,446.25
14.64,44.0,9,3.8,1,0,526.85
11.55,75.0,40,3.54,1,1,457.68
2.61,71.0,34,2.87,0,0,117.37
12.15,89.0,26,3.05,1,1,523.57
20.7,29.0,10,2.72,0,0,464.16
15.75,20.0,35,1.64,0,0,294.19
20.97,94.0,20,1.05,0,1,652.08
12.86,29.0,33,2.84,0,0,276.55
3.84,45.0,16,2.24,1,0,179.15
1.33,84.0,34,3.26,1,0,137.62
8.28,35.0,32,2.32,0,0,229.21
17.75,32.0,19,1.32,0,0,372.29
19.97,14.0,25,1.39,0,0,364.04
8.1,64.0,2,2.46,1,0,585.41
12.9,43.0,1,3.31,1,0,797.99
11.11,49.0,24,1.88,1,0,332.03
10.85,73.0,1,2.61,1,0,733.61
6.55,67.0,28,2.33,0,0,212.16
4.27,17.0,53,1.34,0,0,94.21
5.72,61.0,9,1.24,0,0,226.72
2.33,37.0,16,1.78,0,0,97.62
5.76,48.0,1,2.37,1,0,473.18
1.22,73.0,28,3.1,1,0,118.7
16.05,68.0,18,2.94,0,0,477.88
8.59,26.0,16,1.01,0,0,212.51
24.36,42.0,31,2.8,0,1,687.35
5.65,65.0,6,1.87,0,0,275.44
9.3,70.0,53,2.33,0,0,225.62
9.59,46.0,40,2.7,0,0,263.84
1.2,52.0,39,2.95,1,0,132.82
21.14,38.0,42,1.19,0,0,410.65
1.77,49.0,7,1.28,0,1,175.5
23.56,64.0,40,2.58,0,0,489.34
22.41,53.0,2,2.26,1,0,1176.17
13.85,47.0,1,2.94,1,1,899.26
14.05,41.0,45,1.86,0,0,288.36
16.69,50.0,36,2.41,1,0,455.52
10.29,78.0,58,2.57,0,0,287.79
16.53,59.0,33,2.46,0,0,384.83
2.07,46.0,49,2.29,0,0,85.28
2.3,54.0,29,1.75,0,0,98.84
11.97,78.0,53,1.45,0,0,229.39
14.19,105.0,1,2.83,1,0,843.76
22.31,65.0,49,3.43,1,0,643.88
3.51,39.0,14,2.15,0,0,148.44
20.74,86.0,48,2.94,0,0,495.62
6.04,,21,,0,0,173.15
10.46,36.0,5,3.0,0,0,363.26
8.6,90.0,7,2.38,0,0,430.52
10.6,60.0,42,2.67,0,0,265.75
4.61,54.0,24,2.47,1,1,254.62
13.09,101.0,1,2.82,1,1,840.04
20.24,39.0,48,2.59,0,0,408.84
11.6,41.0,15,2.52,0,0,322.33
12.77,59.0,57,1.67,0,1,389.02
21.37,16.0,13,1.65,0,0,401.26
17.95,48.0,51,2.33,0,0,380.84
12.77,70.0,18,,0,0,366.31
7.18,25.0,23,1.88,0,1,256.74
22.24,114.0,7,2.51,1,1,1263.29
14.85,46.0,25,2.79,0,0,324.32
6.31,92.0,33,3.17,1,0,270.42
7.46,87.0,47,1.78,0,0,190.82
20.28,62.0,1,1.91,1,0,1175.74
2.06,68.0,34,2.44,0,0,121.06
24.81,37.0,27,1.71,0,0,440.76
4.13,78.0,31,1.14,0,0,181.4
20.11,97.0,5,2.22,0,0,969.65
10.47,60.0,11,1.65,0,0,331.84
12.81,121.0,1,2.48,1,1,815.59
22.14,107.0,17,2.76,1,0,803.7
10.91,96.0,35,2.43,0,0,286.0
13.9,82.0,55,1.55,0,0,314.93
2.18,20.0,33,1.16,0,0,95.95
1.06,74.0,8,2.65,1,0,171.71
6.88,50.0,37,1.91,1,0,228.93
17.33,80.0,9,2.39,0,0,582.15
3.91,26.0,15,2.92,0,0,161.78
3.73,94.0,40,3.12,1,0,196.23
10.86,91.0,45,1.55,0,0,264.02
16.55,35.0,37,1.36,0,0,300.67
18.09,56.0,33,1.47,0,0,364.73
5.28,65.0,1,2.24,1,0,471.74
2.91,66.0,11,1.63,0,0,177.52
23.57,,39,1.99,1,0,671.88
7.26,83.0,14,2.79,0,1,346.89
21.48,88.0,24,2.77,0,0,567.62
21.72,57.0,13,2.23,0,0,549.6
19.54,65.0,11,1.92,1,0,687.5
5.05,50.0,40,2.61,0,0,151.19
20.72,37.0,50,1.12,0,0,357.07
19.46,28.0,10,1.21,0,0,431.14
15.32,10.0,59,1.65,0,0,306.79
9.09,73.0,1,2.66,1,1,647.3
7.3,97.0,15,1.71,0,0,282.84
3.93,80.0,37,2.13,1,0,187.67
13.23,127.0,11,2.02,1,1,766.85
15.05,91.0,43,2.72,0,0,362.82
9.62,104.0,3,2.53,1,0,657.62
12.41,83.0,20,1.44,0,0,328.43
9.72,13.0,57,1.97,0,0,212.24
16.38,23.0,31,1.07,0,0,285.77
22.63,102.0,35,3.0,1,1,838.94
4.93,30.0,9,1.5,0,0,174.2
10.15,73.0,42,2.2,0,0,243.48
4.38,65.0,2,3.03,1,0,383.15
16.0,108.0,3,3.42,1,0,971.81
18.49,88.0,17,1.46,0,0,494.64
23.37,33.0,7,1.93,0,0,589.23
7.69,19.0,31,2.92,0,0,191.14
23.81,90.0,54,2.45,0,0,505.96
2.52,41.0,41,2.95,0,0,102.44
15.47,82.0,58,2.85,0,0,360.59
2.37,40.0,24,2.22,0,0,101.5
22.45,54.0,27,2.33,1,0,616.62
13.72,59.0,17,2.51,0,0,370.48
17.06,12.0,56,2.4,0,0,297.9
20.96,44.0,28,2.18,0,0,466.48
4.61,63.0,54,2.4,0,0,185.63
1.93,86.0,46,2.23,0,0,115.51
22.09,95.0,28,2.04,0,1,690.48
8.56,80.0,24,1.83,0,0,290.81
4.1,93.0,31,1.09,0,0,158.23
12.24,35.0,22,2.73,0,0,302.66
15.36,92.0,32,2.73,0,0,363.2
1.74,44.0,40,2.19,0,0,97.67
7.6,37.0,37,1.54,0,0,202.97
1.79,25.0,36,1.06,0,0,66.6
11.09,57.0,11,1.0,0,0,318.38
22.48,120.0,9,1.95,1,0,1027.85
24.58,97.0,18,1.72,0,0,636.36
16.29,108.0,29,2.18,1,0,540.45
4.88,115.0,46,2.33,1,1,280.77
22.74,61.0,45,3.2,1,1,792.18
13.39,21.0,44,2.92,0,1,414.11
4.69,97.0,25,2.21,1,0,229.87
23.12,78.0,45,2.73,1,0,635.08
19.18,45.0,59,2.98,0,0,388.58
18.56,15.0,54,2.86,0,0,371.28
18.02,87.0,25,2.5,1,0,553.07
5.81,17.0,30,1.64,0,1,221.88
6.06,79.0,29,1.48,0,0,211.36
17.52,94.0,40,2.11,1,0,521.89
6.27,70.0,10,1.92,0,0,260.74
11.53,92.0,55,1.68,0,0,247.85
19.77,98.0,31,2.49,0,1,650.55
19.81,19.0,36,1.47,0,0,341.96
11.88,87.0,6,3.27,1,0,656.46
20.01,75.0,51,1.58,0,0,414.99
21.13,63.0,24,2.99,1,0,616.11
16.71,37.0,28,2.28,0,0,366.5
6.48,43.0,28,2.34,0,0,178.26
7.58,66.0,26,1.35,0,0,176.58
8.56,76.0,8,1.57,0,1,451.66
3.8,,13,2.29,1,0,246.45
7.56,72.0,29,2.15,0,0,221.66
6.03,61.0,1,1.95,1,0,478.47
11.93,45.0,8,2.04,0,0,362.12
22.8,87.0,33,1.17,0,0,481.85
3.51,46.0,13,1.67,0,1,186.77
18.29,42.0,49,3.17,1,0,516.4
17.49,99.0,55,1.83,0,1,501.21
3.3,83.0,42,1.56,0,0,135.34
23.14,73.0,44,2.23,0,0,457.63
14.64,99.0,57,2.48,0,0,321.43
9.73,32.0,38,,0,0,218.49
19.16,80.0,12,1.6,0,0,573.08
7.18,97.0,5,3.08,1,0,503.49
17.64,21.0,38,2.93,0,0,347.93
1.95,95.0,50,1.43,0,1,128.89
21.15,61.0,36,2.31,0,0,459.23
11.76,20.0,36,2.81,0,0,243.08
16.28,18.0,53,1.92,0,0,309.67
6.31,44.0,1,2.43,1,0,484.97
17.25,109.0,26,3.13,1,0,568.16
19.53,,9,1.06,0,0,622.49
12.36,27.0,36,1.72,0,1,364.53
15.83,118.0,1,2.32,1,0,920.51
11.95,104.0,1,2.25,1,0,782.74
22.46,88.0,43,1.36,0,0,446.37
12.95,63.0,29,2.47,0,0,335.39
21.2,48.0,21,3.71,1,0,648.49
20.23,80.0,50,,0,1,542.89
10.85,69.0,18,1.1,0,0,284.3
6.52,48.0,42,3.24,1,0,233.22
10.75,83.0,3,2.88,1,0,722.76
20.83,20.0,32,2.45,0,0,418.58
6.46,12.0,54,2.3,0,0,131.64
13.59,86.0,28,2.81,0,0,332.52
20.35,44.0,3,2.08,1,1,1031.6
9.48,71.0,30,2.14,1,0,348.14
16.41,61.0,33,2.48,1,0,481.01
6.9,63.0,41,1.98,0,1,245.58
3.62,62.0,53,2.85,0,1,161.5
20.07,71.0,46,2.81,0,1,571.14
3.38,59.0,38,2.74,0,1,186.31
7.51,,7,1.45,0,0,238.92
21.52,76.0,25,2.46,0,0,513.16
9.32,63.0,43,1.77,0,0,218.01
24.35,80.0,31,3.66,1,0,708.72
24.51,17.0,46,1.43,0,0,424.49
7.44,63.0,30,2.08,1,0,254.64
1.98,22.0,6,2.68,0,1,135.35
17.92,114.0,11,3.23,1,0,792.71
11.82,69.0,55,,0,1,375.76
3.42,23.0,58,1.32,0,1,161.56
17.98,55.0,45,2.77,0,0,396.69
1.75,14.0,33,2.36,0,0,98.05
21.88,22.0,29,2.3,0,0,425.31
4.33,63.0,15,2.97,1,1,252.92
4.06,25.0,23,2.53,0,0,114.04
5.22,38.0,33,1.83,0,0,141.51
24.05,28.0,7,1.27,0,0,534.49
17.64,90.0,43,2.08,0,0,398.72
20.23,99.0,6,3.3,1,0,1045.99
10.54,71.0,59,1.31,0,0,237.41
9.07,57.0,48,1.45,0,0,225.6
6.63,71.0,45,3.19,1,0,250.38
12.54,55.0,30,1.54,0,0,264.93
14.24,120.0,33,2.14,1,0,459.98
16.16,80.0,35,2.78,0,1,526.51
7.17,78.0,12,1.32,0,0,264.39
23.77,97.0,39,1.69,0,0,525.67
5.07,65.0,9,1.86,0,0,227.26
24.18,72.0,21,2.75,1,0,727.38
1.36,32.0,30,1.72,0,0,73.66
12.55,87.0,31,2.83,0,1,443.29
9.0,70.0,17,2.32,0,0,281.17
11.78,13.0,27,1.72,0,0,222.57
14.7,104.0,1,2.52,1,0,905.15
11.45,11.0,54,2.01,0,0,250.35
10.96,97.0,22,1.87,1,0,391.85
18.59,112.0,48,3.65,1,1,707.94
17.46,37.0,19,1.45,0,0,355.25
21.0,72.0,7,3.2,1,0,897.99
7.0,32.0,44,2.56,0,0,182.69
15.63,93.0,9,2.65,0,0,598.81
15.04,40.0,43,1.33,0,0,278.94
9.87,57.0,30,2.07,0,0,279.77
12.67,85.0,41,1.97,1,0,384.83
8.53,54.0,11,2.61,0,1,358.71
4.4,99.0,39,1.97,0,0,152.14
6.13,41.0,53,1.32,0,0,129.77
3.53,60.0,26,2.44,0,0,144.16
17.39,56.0,57,1.66,0,0,360.65
16.86,100.0,3,2.03,1,0,1007.59
23.81,59.0,5,1.92,0,1,1014.4
18.51,74.0,9,2.27,1,0,705.62
2.25,54.0,47,3.7,1,0,152.34
22.22,88.0,34,1.72,0,0,510.69
21.7,46.0,7,2.14,0,0,627.95
11.64,65.0,10,2.9,0,0,388.94
15.06,98.0,25,2.59,1,0,527.84
24.43,34.0,9,1.72,0,0,534.69
13.78,29.0,8,1.32,0,1,480.27
22.73,57.0,29,2.88,0,0,502.54
2.99,95.0,15,2.6,0,1,217.27
5.59,29.0,47,1.44,0,0,158.75
11.58,24.0,18,1.67,0,0,259.27
15.03,71.0,29,2.83,0,0,372.0
20.59,23.0,53,2.07,0,0,376.4
24.72,30.0,56,2.11,0,0,435.82
10.33,59.0,31,2.3,0,0,272.95
2.14,120.0,23,3.32,1,0,175.26
20.23,78.0,56,2.88,0,0,428.93
15.51,24.0,45,2.6,0,1,420.41
5.77,72.0,5,2.87,0,0,338.66
12.88,52.0,50,2.64,0,0,267.75
18.82,36.0,9,1.09,0,0,427.36
19.49,70.0,25,1.24,0,0,455.62
12.99,93.0,34,3.57,1,0,442.54
8.33,68.0,41,1.06,0,0,210.78
24.37,48.0,38,2.59,0,0,522.67
16.92,123.0,1,3.5,1,0,996.61
10.8,44.0,49,1.83,0,0,227.27
7.73,90.0,55,1.71,0,0,212.27
18.55,18.0,22,1.39,0,0,337.6
6.81,99.0,9,1.9,1,0,395.37
5.12,71.0,50,2.49,0,0,182.95
13.72,77.0,37,,0,0,315.65
7.96,25.0,56,2.89,0,0,200.68
16.09,55.0,5,2.39,1,0,696.89
3.83,71.0,45,3.39,1,0,190.6
16.72,47.0,33,1.12,0,0,333.25
7.8,48.0,33,2.07,0,0,212.42
1.01,71.0,12,1.7,0,0,129.85
4.05,72.0,5,1.06,0,0,274.43
23.41,55.0,24,,1,0,674.65
21.82,63.0,47,2.89,0,0,445.2
6.61,24.0,57,1.02,0,0,140.87
19.68,27.0,14,1.54,0,0,404.26
15.61,13.0,10,2.41,0,0,313.9
24.3,46.0,49,2.74,0,0,483.56
9.97,79.0,1,2.18,1,0,689.79
17.36,72.0,13,1.14,0,0,494.93
2.52,77.0,54,1.02,0,0,108.3
10.51,26.0,56,1.43,0,0,229.71
24.13,90.0,59,1.14,0,0,454.71
13.94,,47,1.72,0,0,272.98
7.91,28.0,20,1.88,0,0,205.6
3.89,95.0,7,1.96,0,1,306.89
17.88,48.0,46,1.28,0,0,319.62
16.48,74.0,6,1.93,0,1,764.37
9.97,62.0,12,1.02,0,0,304.64
23.82,57.0,24,2.28,1,0,623.02
1.53,48.0,22,1.74,0,0,96.61
8.29,99.0,1,2.04,1,0,592.41
23.11,86.0,10,2.63,0,0,775.64
8.7,44.0,49,1.4,0,0,179.27
7.05,112.0,45,3.31,1,0,279.91
13.82,90.0,50,1.95,0,0,327.76
20.77,43.0,58,1.96,0,0,385.67
3.48,24.0,17,2.29,0,0,158.18
23.63,112.0,9,1.89,1,0,1028.35
20.08,28.0,26,1.16,0,0,367.85
5.35,84.0,23,1.65,0,1,239.6
18.09,97.0,54,1.83,0,0,386.87
10.24,124.0,38,2.66,1,1,450.75
10.66,72.0,12,2.35,0,0,365.56
19.8,91.0,18,1.0,0,0,517.13
24.11,35.0,27,2.92,0,1,647.18
4.04,88.0,19,2.15,1,0,222.24
11.1,13.0,37,1.5,0,0,223.45
12.54,75.0,5,2.81,0,0,594.43
10.03,56.0,1,1.81,1,0,678.19
9.72,10.0,21,2.98,0,1,321.23
2.25,86.0,57,1.07,0,0,99.45
17.45,113.0,12,2.04,1,0,771.74
11.47,120.0,46,2.28,1,1,476.48
5.68,94.0,29,1.88,0,1,253.29
20.58,18.0,19,2.04,0,0,417.27
20.26,19.0,55,,0,0,348.42
12.67,88.0,21,1.95,1,0,427.62
8.16,87.0,24,1.86,1,0,300.49
16.31,57.0,13,1.51,0,0,446.57
7.92,24.0,29,2.84,0,0,191.09
6.66,84.0,28,2.58,1,0,279.05
18.53,11.0,44,2.53,0,0,332.61
1.97,67.0,44,1.38,0,1,121.13
3.27,47.0,51,1.13,0,1,155.07
1.16,12.0,15,2.11,0,0,60.0
4.67,129.0,9,3.44,1,1,415.81
2.66,127.0,45,3.6,1,0,204.93
24.9,68.0,33,2.09,0,0,532.19
7.93,72.0,34,1.59,0,0,213.94
4.58,52.0,15,1.22,0,1,224.52
6.78,43.0,1,3.14,1,0,510.82
23.47,52.0,21,1.56,0,0,482.92
13.48,70.0,15,2.69,0,0,395.4
9.76,95.0,33,2.21,0,0,295.99
21.96,58.0,50,2.72,0,0,428.11
10.48,73.0,16,2.13,0,0,345.73
9.04,,24,3.34,1,1,401.76
5.97,94.0,48,1.59,0,0,166.83
10.07,54.0,31,2.01,0,0,273.9
8.6,26.0,40,1.04,0,0,184.98
17.26,75.0,19,2.22,0,0,485.93
7.95,31.0,13,2.07,0,0,245.06
14.85,59.0,35,2.51,0,0,319.34
2.58,109.0,19,3.26,1,0,196.83
5.59,34.0,19,2.26,0,0,155.92
10.78,11.0,38,1.11,0,0,199.39
23.49,52.0,20,2.81,0,0,560.04
10.05,56.0,17,1.84,1,0,365.04
16.94,82.0,37,2.61,0,0,390.07
7.12,59.0,23,2.76,1,0,279.9
4.05,46.0,36,2.64,0,1,212.68
2.4,61.0,36,1.93,0,1,139.91
8.33,88.0,20,2.29,0,0,283.93
4.78,65.0,9,2.53,1,0,289.61
5.18,34.0,25,2.49,0,0,184.55
19.26,73.0,32,1.51,0,0,413.61
1.38,40.0,18,,0,1,106.93
14.39,39.0,25,1.39,0,0,310.43
10.11,19.0,28,2.44,0,0,248.68
13.16,47.0,39,1.59,0,0,275.92
14.51,94.0,42,1.56,0,1,446.65
8.52,97.0,47,2.62,0,0,216.02
8.08,37.0,11,2.63,0,1,340.31
18.6,33.0,35,2.38,0,0,401.88
21.91,38.0,26,2.85,0,0,448.75
5.62,90.0,29,1.31,0,1,237.42
3.34,97.0,50,1.54,0,0,124.69
22.55,26.0,46,1.59,0,0,372.38
9.4,79.0,8,1.61,0,0,391.89
14.23,,37,1.66,0,0,306.5
9.63,40.0,40,2.39,0,0,215.86
4.02,66.0,30,,0,0,134.25
15.14,29.0,58,1.57,0,0,266.59
13.6,55.0,33,2.14,0,0,299.49
5.87,11.0,51,1.39,0,0,154.95
11.84,91.0,10,1.73,0,0,453.57
20.13,59.0,23,1.12,0,1,600.08
15.17,69.0,54,2.91,0,0,328.96
3.33,125.0,19,2.43,1,0,219.31
14.15,50.0,14,2.7,0,0,366.12
17.87,129.0,30,2.86,1,1,731.66
20.02,85.0,52,1.46,0,0,393.73
16.1,109.0,45,2.19,1,1,632.26
4.66,26.0,47,2.39,0,1,186.8
18.04,117.0,4,3.73,1,0,1067.53
17.26,19.0,20,1.37,0,0,308.2
1.59,99.0,19,1.23,0,0,122.03
10.88,76.0,53,1.77,0,0,249.71
8.99,81.0,28,2.59,1,0,329.03
17.07,118.0,40,3.41,1,0,566.21
6.19,25.0,44,1.94,0,0,167.58
15.18,47.0,58,1.12,0,0,263.01
22.92,23.0,58,2.84,0,0,438.1
20.15,45.0,19,1.75,0,0,442.48
23.11,22.0,5,2.34,0,0,523.68
24.48,98.0,1,3.13,1,0,1388.24
1.26,36.0,56,1.11,0,0,103.18
15.95,17.0,23,1.01,0,0,258.67
10.91,96.0,47,1.18,0,0,255.55
21.64,62.0,10,2.91,0,0,644.01
7.04,84.0,55,2.59,0,1,280.08
24.54,14.0,8,1.26,0,0,481.83
15.73,14.0,14,2.23,0,0,322.78
20.04,98.0,47,2.22,0,0,458.06
3.05,91.0,59,1.0,0,0,106.66
5.4,57.0,59,1.86,0,1,199.8
19.2,63.0,48,3.22,1,0,519.09
1.53,82.0,44,1.37,0,1,122.46
20.61,114.0,3,3.5,1,0,1180.87
1.33,87.0,5,2.32,0,0,222.73
16.77,51.0,55,1.01,0,0,310.59
9.76,18.0,21,2.71,0,0,196.14
15.68,73.0,45,1.04,0,1,427.31
17.7,108.0,22,3.58,1,0,632.74
9.22,20.0,53,1.67,0,0,205.16
3.59,18.0,16,2.4,0,0,152.54
2.67,86.0,50,2.57,0,0,153.86
15.13,70.0,45,1.56,0,0,326.46
13.5,92.0,43,1.71,0,0,304.83
18.81,81.0,20,2.02,0,0,463.07
13.23,64.0,18,2.17,0,0,354.47
11.14,77.0,10,1.58,0,0,405.25
10.55,34.0,51,2.98,0,0,248.56
1.63,80.0,34,2.47,0,0,126.98
9.05,65.0,49,1.55,0,0,233.79
24.42,36.0,30,2.28,0,0,506.64
21.97,,24,1.87,0,0,441.28
8.91,49.0,9,2.72,0,0,327.3
15.11,67.0,19,1.66,0,1,511.38
21.34,75.0,25,2.18,1,0,595.95
11.59,83.0,22,1.09,0,0,333.04
1.43,41.0,17,2.97,0,0,113.74
2.79,62.0,37,2.52,1,0,185.05
13.25,49.0,15,1.44,0,0,343.1
24.27,57.0,48,1.98,0,1,619.69
17.64,33.0,55,1.58,0,0,328.29
2.7,124.0,6,2.27,1,0,321.32
5.54,78.0,49,3.03,1,0,241.11
19.51,49.0,57,1.15,0,0,361.58
21.19,38.0,23,2.02,0,0,438.54
15.82,54.0,23,1.77,0,0,371.22
16.47,43.0,5,2.07,0,0,508.07
1.68,99.0,18,1.64,0,0,125.45
20.88,24.0,21,2.14,0,0,410.79
19.92,,6,1.16,0,0,718.96
7.22,128.0,33,2.55,1,0,295.82
18.01,91.0,42,1.47,0,0,390.87
6.16,80.0,25,1.88,0,0,197.27
1.97,41.0,14,2.6,1,0,142.95
5.83,40.0,46,3.06,1,0,220.41
5.29,63.0,27,2.26,0,1,238.44
9.11,11.0,34,1.83,0,0,198.62
11.04,45.0,5,1.36,0,0,402.18
13.2,107.0,1,2.96,1,0,837.14
12.44,37.0,19,2.93,0,0,264.36
7.5,96.0,21,1.37,0,0,277.57
1.7,29.0,40,1.14,0,0,94.54
15.52,46.0,30,1.53,0,0,314.11
10.5,98.0,48,2.63,1,0,324.01
8.17,53.0,6,1.61,0,0,319.69
21.81,21.0,52,2.67,0,0,394.3
18.92,41.0,57,1.99,0,0,322.42
21.59,47.0,49,,0,0,398.52
12.88,40.0,15,2.9,0,0,330.58
4.14,57.0,37,2.05,1,0,175.95
17.71,68.0,42,2.05,1,0,483.97
5.95,60.0,14,1.49,0,0,224.4
11.59,38.0,8,1.15,0,0,307.83
2.56,102.0,13,3.3,1,0,221.72
20.81,90.0,30,1.63,0,0,457.38
4.02,59.0,48,3.26,1,0,181.95
22.67,40.0,43,2.53,0,0,423.75
21.74,40.0,22,1.48,0,0,462.23
12.15,67.0,48,2.04,0,0,253.36
18.86,124.0,16,2.84,1,0,747.45
15.87,46.0,36,3.54,1,0,434.68
20.27,21.0,33,1.05,0,0,319.98
11.36,96.0,19,1.63,0,0,338.7
19.86,70.0,48,2.76,0,1,582.85
12.1,52.0,37,1.47,0,1,344.61
23.58,58.0,46,1.27,0,0,414.92
12.67,49.0,15,2.15,0,0,344.0
12.1,79.0,24,1.61,0,0,325.57
19.84,41.0,31,1.93,0,0,389.89
20.72,,58,2.64,0,0,444.16
14.31,24.0,55,2.04,0,0,292.69
5.32,99.0,19,2.03,0,0,189.01
12.23,123.0,1,2.36,1,0,780.25
24.23,21.0,20,2.59,0,0,516.52
19.07,,32,2.48,0,0,390.16
20.47,39.0,56,1.47,0,0,364.04
1.79,69.0,47,2.44,1,0,158.84
12.23,86.0,52,2.58,0,0,297.53
16.52,71.0,46,1.72,0,0,374.74
20.92,82.0,9,2.61,1,0,815.02
2.18,31.0,44,1.73,0,1,171.11
21.46,26.0,30,1.32,0,0,402.9
14.16,32.0,38,1.68,0,0,254.0
5.74,64.0,30,3.41,1,0,227.3
8.61,79.0,31,1.98,0,0,250.21
7.77,46.0,18,1.92,0,0,197.78
13.74,99.0,54,1.31,0,0,303.66
2.24,66.0,7,1.36,0,0,184.02
4.8,124.0,1,1.89,1,0,461.14
20.5,79.0,27,1.03,0,0,460.26
4.18,,9,1.98,0,0,169.97
6.6,120.0,1,,1,0,527.58
11.88,84.0,42,1.55,0,0,272.85
13.41,13.0,40,2.98,0,0,286.72
19.33,67.0,6,1.8,0,0,676.92
11.74,53.0,55,2.58,0,0,282.74
19.96,83.0,19,1.42,0,0,489.64
15.84,26.0,6,1.49,0,0,392.05
3.71,27.0,40,2.14,0,0,142.98
4.75,62.0,32,1.01,0,0,145.0
11.49,28.0,18,1.03,0,1,351.46
10.53,95.0,16,1.28,0,0,329.07
18.85,70.0,34,1.45,0,0,394.63
14.94,66.0,39,2.06,0,0,327.77
10.32,88.0,12,2.37,0,0,358.88
5.1,83.0,26,2.42,1,0,214.68
6.44,58.0,14,2.28,1,0,293.15
14.81,34.0,46,2.65,0,0,320.62
11.16,76.0,45,2.13,1,0,334.81
13.36,57.0,9,3.16,1,1,626.61
5.1,67.0,18,2.86,0,0,206.48
16.91,21.0,30,1.46,0,0,308.91
21.46,71.0,19,1.97,1,0,640.89
7.19,35.0,23,2.96,0,0,221.06
12.8,35.0,24,1.54,0,0,283.15
24.41,56.0,59,,0,0,420.84
9.0,51.0,55,1.97,0,0,206.14
15.28,98.0,30,1.46,0,1,476.44
3.16,60.0,36,2.99,0,0,125.77
15.54,50.0,27,1.09,0,0,327.18
3.15,87.0,18,1.9,0,0,141.78
24.02,104.0,16,2.9,1,0,894.99
18.18,70.0,34,1.93,0,0,402.75
19.92,84.0,32,2.04,0,1,614.67
17.9,44.0,42,2.98,0,0,385.95
15.15,94.0,44,2.75,0,0,352.53
11.8,61.0,24,2.42,1,0,392.72
21.6,78.0,55,2.1,0,0,416.62
23.96,49.0,7,1.0,0,0,641.38
12.98,63.0,39,1.82,0,0,297.56
23.36,91.0,8,1.33,0,0,812.6
15.0,46.0,59,2.42,0,0,292.49
13.92,53.0,43,1.44,0,0,274.86
11.91,,38,2.5,0,0,261.72
6.02,91.0,49,1.63,0,0,153.65
1.09,51.0,5,3.65,1,0,193.77
6.8,30.0,17,1.89,0,0,196.45
13.23,49.0,6,2.68,0,0,469.08
10.12,69.0,30,3.06,1,0,345.98
11.76,103.0,47,3.75,1,1,481.53
24.54,50.0,34,2.49,0,0,498.89
9.41,118.0,10,3.26,1,0,526.52
11.85,56.0,58,1.53,0,0,252.18
4.2,13.0,36,2.01,0,0,108.83
2.15,37.0,19,1.58,0,0,133.29
19.61,57.0,27,1.04,0,0,376.92
14.7,66.0,51,2.42,0,0,309.13
19.26,25.0,39,1.47,0,1,471.54
4.6,21.0,49,1.79,0,0,146.17
14.72,94.0,11,2.37,1,0,616.79
7.09,45.0,22,1.4,0,0,159.73
6.47,24.0,36,1.13,0,0,145.07
1.28,28.0,20,1.68,0,0,87.64
4.13,27.0,5,1.16,0,0,162.25
8.42,129.0,8,2.88,1,1,562.83
3.81,84.0,6,1.04,0,0,272.26
24.66,37.0,10,,0,0,608.03
8.41,65.0,30,2.93,0,0,260.92
4.13,62.0,49,2.41,1,0,166.46
5.78,88.0,48,1.52,0,0,195.64
15.1,20.0,12,1.21,0,0,315.99
2.54,52.0,28,2.81,0,0,103.53
21.7,124.0,33,2.97,1,0,696.12
24.08,54.0,54,2.22,0,0,491.65
6.92,78.0,37,3.59,1,1,304.34
11.8,88.0,35,2.82,0,0,312.09
1.53,90.0,25,2.66,0,0,141.28
16.38,98.0,24,2.55,0,0,455.66
10.93,33.0,6,2.75,0,0,330.13
7.48,84.0,37,3.55,1,0,303.84
5.96,75.0,34,2.54,1,0,243.42
16.7,,24,,0,0,326.15
10.99,74.0,53,2.42,0,0,250.47
5.31,95.0,16,2.54,1,0,292.88
17.54,20.0,17,1.88,0,0,347.76
14.56,124.0,14,3.17,1,1,750.96
21.61,64.0,38,2.52,1,0,588.54
3.82,59.0,59,2.65,0,0,145.46
19.86,91.0,25,2.1,1,0,645.29
17.16,15.0,27,2.82,0,1,474.4
3.76,55.0,30,1.6,0,0,169.73
17.68,79.0,47,1.31,0,0,366.98
11.6,95.0,57,2.72,0,1,387.21
23.68,24.0,34,1.48,0,1,570.91
4.4,100.0,39,3.49,1,0,219.23
16.43,42.0,13,1.59,0,0,376.52
10.17,,43,2.87,0,0,273.0
23.96,21.0,46,1.44,0,0,407.45
8.92,40.0,57,1.14,0,1,263.79
24.09,43.0,36,2.87,0,1,668.98
22.64,41.0,48,1.33,0,0,402.65
7.49,32.0,44,2.89,0,0,192.16
20.29,78.0,16,2.65,0,0,554.65
24.89,79.0,6,,1,0,1099.24
7.06,75.0,31,1.89,0,0,217.77
11.48,40.0,50,1.15,0,0,249.41
13.48,51.0,20,2.46,1,0,422.63
8.08,81.0,37,2.5,1,0,295.65
1.37,29.0,18,2.2,0,0,98.19
6.28,23.0,18,2.95,0,0,170.9
7.77,114.0,5,2.14,1,0,584.75
11.65,69.0,38,1.66,0,0,238.01
5.11,129.0,48,2.97,1,0,235.83
21.96,11.0,12,1.34,0,0,374.78
17.92,40.0,43,2.42,0,0,319.93
3.04,64.0,19,1.81,0,0,146.6
16.6,44.0,8,2.9,0,0,489.15
16.69,36.0,5,2.26,0,0,498.59
23.95,14.0,39,,0,0,438.24
1.07,84.0,57,2.44,0,1,119.16
6.95,90.0,1,3.48,1,0,531.91
23.27,25.0,55,2.6,0,0,436.37
23.37,49.0,6,1.53,0,0,692.1
18.29,129.0,41,2.63,1,0,574.71
19.38,97.0,23,1.9,0,0,489.19
3.2,77.0,35,1.78,0,0,152.38
13.33,,57,1.62,0,0,288.54
6.56,91.0,23,2.51,0,0,225.56
5.35,87.0,27,1.02,0,0,184.29
20.45,120.0,3,2.39,1,0,1208.97
4.24,53.0,23,1.28,0,0,124.76
12.25,50.0,17,1.26,0,1,400.57
23.53,25.0,12,1.55,0,0,473.16
5.46,51.0,32,2.52,0,0,184.9
24.47,59.0,21,3.74,1,0,736.92
24.86,71.0,57,2.03,0,0,478.34
14.33,37.0,42,1.68,0,0,287.03
5.08,69.0,46,2.66,0,0,169.03
8.59,50.0,13,1.13,0,0,257.86
11.19,10.0,19,1.19,0,0,230.28
8.42,25.0,50,1.69,0,1,285.3
7.74,13.0,38,1.9,0,1,233.29
24.33,93.0,19,3.4,1,1,973.97
4.68,38.0,5,2.85,0,0,212.75
18.6,81.0,15,2.06,0,0,541.49
1.01,75.0,19,1.99,0,0,135.22
15.31,33.0,30,1.43,0,0,308.61
22.98,50.0,51,1.9,0,0,444.26
7.91,102.0,32,3.65,1,0,327.12
5.45,65.0,37,1.79,0,1,231.38
16.64,23.0,53,1.42,0,0,315.07
18.1,92.0,29,2.47,1,0,566.82
17.51,53.0,50,2.03,0,0,345.98
8.66,52.0,31,2.2,0,0,220.22
7.05,10.0,56,1.86,0,0,157.45
23.94,20.0,16,2.52,0,1,658.21
23.16,,24,2.17,0,0,425.53
11.98,88.0,16,2.33,0,0,382.5
21.31,30.0,41,2.73,0,0,430.62
11.86,96.0,10,2.73,0,0,490.6
11.19,112.0,14,2.21,1,1,610.72
4.76,59.0,17,3.05,1,0,228.82
11.23,26.0,19,2.43,0,0,256.29
13.9,72.0,32,1.29,0,0,338.3
1.54,88.0,38,2.69,0,0,83.36
11.66,14.0,12,1.36,0,0,250.2
19.75,55.0,24,2.6,0,0,476.03
17.32,61.0,10,1.32,0,0,515.74
16.24,89.0,30,2.48,0,0,400.32
22.83,75.0,43,2.1,1,0,605.51
1.43,58.0,22,1.76,0,0,140.09
14.37,77.0,8,2.09,1,0,589.51
19.9,127.0,14,2.34,1,0,839.82
13.99,98.0,46,2.97,0,0,305.59
8.77,36.0,49,1.22,0,0,201.25
4.27,78.0,53,1.81,0,1,173.64
22.3,59.0,5,2.35,0,1,963.89
12.3,94.0,27,1.19,0,0,299.6
22.07,52.0,44,1.22,0,1,556.91
15.06,,20,1.29,0,0,372.21
17.18,18.0,49,2.29,0,0,343.18
20.3,104.0,33,3.62,1,0,660.9
16.82,39.0,23,2.65,0,0,406.13
10.55,24.0,12,2.97,0,0,246.37
13.33,,28,2.16,0,0,285.62
20.27,123.0,47,3.72,1,0,635.45
9.97,13.0,48,1.61,0,1,316.33
10.31,99.0,10,2.64,1,0,497.14
3.3,,7,2.59,1,0,311.4
22.95,73.0,44,1.89,1,0,617.52
3.18,70.0,34,2.66,0,1,188.12
16.56,47.0,17,1.05,0,0,370.82
10.92,93.0,25,2.46,0,0,310.0
10.73,60.0,23,1.81,0,0,251.76
17.31,67.0,31,1.01,0,0,362.4
2.61,34.0,42,1.58,0,0,92.56
15.25,20.0,48,1.69,0,0,286.04
19.53,17.0,42,2.93,0,0,371.57
20.88,43.0,55,2.32,0,0,409.65
5.09,36.0,27,2.09,0,0,140.17
22.54,61.0,10,2.05,1,0,771.03
16.75,71.0,50,1.78,0,0,337.92
22.16,81.0,28,1.07,0,0,478.41
12.65,48.0,48,2.52,0,0,272.37
14.01,112.0,44,2.13,1,1,545.4
23.06,61.0,10,2.99,1,0,786.37
22.6,82.0,53,2.4,0,0,472.49
11.76,40.0,20,1.73,0,1,381.97
7.59,43.0,15,2.27,0,0,243.3
10.44,77.0,30,2.53,0,0,284.16
10.31,117.0,10,2.17,1,0,544.34
7.88,68.0,45,2.2,0,0,231.44
7.45,17.0,19,2.47,0,1,247.36
21.67,62.0,22,1.71,0,1,614.18
2.68,125.0,34,2.12,1,0,200.22
17.26,63.0,22,1.57,0,0,382.03
5.15,109.0,29,3.67,1,0,252.57
9.27,27.0,9,1.71,0,0,230.08
2.48,17.0,6,1.22,0,1,153.5
7.48,16.0,34,1.17,0,0,160.44
19.44,16.0,35,1.36,0,1,477.22
22.24,49.0,19,2.06,1,0,591.56
6.32,75.0,37,2.79,1,0,202.93
12.13,71.0,35,1.7,0,0,287.68
12.29,60.0,23,2.68,0,0,313.47
21.97,40.0,59,2.76,0,0,428.99
19.31,19.0,38,1.95,0,0,338.01
13.31,,22,2.78,0,0,381.34
17.1,44.0,43,1.9,0,0,343.2
21.34,68.0,42,3.08,1,0,606.13
1.23,88.0,27,2.13,1,1,167.92
10.67,40.0,49,1.11,0,0,220.95
22.77,107.0,1,2.12,1,0,1313.11
18.77,26.0,22,1.5,0,0,366.98
14.03,46.0,40,2.5,0,1,408.5
13.71,99.0,56,1.35,0,0,318.57
9.35,37.0,30,1.26,0,1,309.75
13.49,77.0,22,3.66,1,0,475.65
16.73,49.0,26,3.18,1,1,605.52
11.04,81.0,53,1.95,0,0,251.32
18.14,92.0,41,1.19,0,0,416.93
21.67,37.0,11,2.7,0,0,547.6
4.71,78.0,32,1.22,0,0,186.16
11.84,127.0,26,3.02,1,0,440.48
10.79,46.0,35,3.14,1,0,337.49
17.5,93.0,40,1.8,0,0,400.74
7.0,41.0,16,3.62,1,0,298.6
16.37,66.0,13,1.1,0,1,552.03
22.06,19.0,21,2.64,0,0,438.99
11.04,91.0,14,2.11,0,0,364.84
22.86,53.0,21,3.02,1,0,674.73
24.84,83.0,21,2.97,0,0,656.99
3.55,71.0,26,2.97,1,0,209.51
6.59,62.0,48,2.59,0,1,252.24
23.81,12.0,46,1.31,0,0,378.9
24.0,57.0,15,2.62,0,0,610.81
3.34,47.0,39,3.32,1,1,227.52
1.36,18.0,29,2.94,0,0,86.09
4.87,114.0,11,3.67,1,0,333.13
24.9,25.0,31,1.43,0,1,596.99
5.32,97.0,59,1.93,0,0,179.98
13.06,70.0,9,3.62,1,0,572.53
21.36,14.0,9,2.28,0,1,578.29
1.49,118.0,37,2.73,1,0,141.92
15.51,48.0,17,1.22,0,0,318.86
7.65,25.0,10,1.7,0,0,221.98
21.7,129.0,36,3.13,1,0,686.37
7.8,103.0,14,3.35,1,1,431.32
17.48,85.0,7,1.89,0,0,660.23
17.18,92.0,32,1.11,0,0,384.34
6.32,56.0,7,2.27,0,0,250.08
1.84,68.0,37,2.84,0,0,143.04
10.82,29.0,6,1.99,0,0,312.82
7.94,30.0,41,2.86,0,0,188.5
20.42,92.0,23,2.51,1,0,661.53
20.21,118.0,8,3.57,1,1,1172.39
11.97,,11,2.57,0,0,392.15
15.56,88.0,38,3.72,1,0,501.12
15.5,25.0,8,2.58,0,0,380.15
20.85,25.0,54,1.64,0,0,385.54
11.2,62.0,15,3.6,1,0,442.02
7.61,107.0,19,3.14,1,1,429.94
7.36,46.0,13,1.32,0,0,238.56
13.87,63.0,6,1.89,1,1,711.1
11.78,70.0,16,1.73,0,1,452.65
11.56,47.0,1,3.37,1,0,763.23
3.19,78.0,33,2.24,0,0,122.43
18.25,68.0,21,2.85,1,0,571.77
6.13,19.0,43,1.01,0,0,134.62
5.73,65.0,53,1.87,0,0,167.62
10.91,82.0,24,1.32,0,0,289.99
6.47,31.0,33,1.91,0,0,171.36
15.01,19.0,59,2.98,0,0,289.8
9.92,123.0,13,3.56,1,0,508.88
11.77,59.0,30,2.42,1,0,375.84
13.89,60.0,37,2.19,0,0,336.32
5.88,49.0,2,2.8,1,0,443.84
4.74,92.0,34,1.26,0,0,191.57
22.13,50.0,38,2.98,0,1,602.08
11.41,119.0,25,2.65,1,0,427.47
10.89,49.0,5,2.01,0,1,492.45
1.85,115.0,29,3.1,1,0,169.93
12.95,44.0,13,2.18,1,0,443.28
14.3,52.0,59,1.44,0,0,265.5
14.41,76.0,50,1.39,0,0,297.41
17.97,33.0,22,1.77,0,0,368.39
5.26,129.0,49,2.2,1,0,229.71
7.05,40.0,50,2.85,0,0,199.33
20.46,68.0,21,2.43,0,0,492.05
23.73,76.0,46,2.8,0,0,505.75
4.26,72.0,35,2.7,0,0,154.83
12.94,40.0,14,3.21,1,0,440.05
6.14,84.0,33,1.49,0,0,182.27
2.44,108.0,33,3.03,1,0,164.09
8.81,80.0,47,1.37,0,0,192.15
4.45,42.0,25,1.26,0,0,160.47
18.04,86.0,59,2.27,0,0,391.66
13.81,102.0,3,3.05,1,0,881.73
4.45,51.0,34,1.31,0,0,155.9
1.22,40.0,37,1.7,0,1,126.22
20.4,61.0,22,1.13,0,0,463.48
5.23,59.0,53,2.43,0,0,177.62
15.55,22.0,57,2.97,0,0,320.67
9.09,74.0,55,2.48,0,1,306.1
15.05,47.0,14,2.69,0,0,421.68
8.58,48.0,5,1.95,0,0,335.5
3.09,81.0,22,1.99,1,0,188.13
6.35,48.0,37,2.45,0,0,168.02
5.51,51.0,43,1.51,0,0,140.13
11.27,82.0,22,1.78,0,0,310.61
16.8,79.0,47,2.41,0,0,367.5
7.33,82.0,49,2.81,0,0,219.59
1.29,51.0,13,1.97,0,0,87.97
13.45,38.0,32,2.92,0,0,325.19
15.54,77.0,27,2.04,0,0,411.95
24.11,34.0,30,1.25,0,0,429.47
15.15,55.0,43,2.84,1,0,434.45
12.31,96.0,37,3.52,1,0,423.12
14.76,73.0,27,2.88,1,0,470.74
23.27,84.0,24,2.5,0,0,550.0
20.88,18.0,20,2.1,0,0,412.92
8.75,74.0,13,2.89,1,0,392.45
6.69,36.0,36,1.57,0,0,157.93
7.3,48.0,58,1.4,0,0,169.27
13.11,54.0,15,1.56,0,1,429.17
18.86,69.0,50,1.88,0,0,375.23
13.08,82.0,38,3.42,1,0,415.78
2.63,100.0,34,3.46,1,0,161.81
18.37,108.0,41,,1,0,514.47
20.34,55.0,20,2.91,1,0,598.64
7.95,11.0,59,1.83,0,0,168.44
16.94,113.0,1,,1,0,1018.46
11.24,28.0,42,2.3,0,1,324.79
22.34,73.0,16,1.56,0,1,717.62
21.29,29.0,13,2.84,0,0,479.42
13.61,97.0,44,3.67,1,0,419.74
17.6,99.0,2,2.01,1,0,1051.22
22.2,68.0,35,2.41,0,0,492.91
12.9,60.0,24,1.07,0,0,272.35
8.52,,23,1.09,0,0,199.22
19.09,19.0,36,2.92,0,0,386.31
6.28,45.0,59,2.39,0,1,234.79
10.32,92.0,1,2.45,1,0,669.56
21.78,63.0,35,2.34,0,0,468.47
18.39,25.0,26,2.69,0,0,402.1
10.69,89.0,14,3.54,1,0,466.21
6.15,35.0,16,1.04,0,0,162.4
9.54,40.0,23,2.64,0,0,244.2
7.82,100.0,31,3.51,1,0,309.97
5.23,81.0,1,2.99,1,0,480.73
18.84,10.0,8,1.96,0,0,377.76
7.05,96.0,34,1.22,0,0,193.4
11.9,51.0,27,1.48,0,0,263.64
10.26,58.0,25,1.98,0,0,254.51
24.57,28.0,58,2.73,0,1,658.41
10.39,89.0,9,2.61,0,0,438.35
2.92,96.0,1,2.79,1,0,320.46
3.16,17.0,16,2.57,0,0,146.94
15.18,71.0,45,2.53,0,0,322.29
15.38,89.0,15,2.16,0,0,449.29
11.05,85.0,50,1.44,0,0,234.1
11.36,18.0,18,1.7,0,1,320.61
2.29,46.0,33,2.13,1,0,166.41
13.4,49.0,7,1.01,0,0,433.21
13.11,70.0,27,1.16,0,0,295.94
4.59,32.0,7,2.52,0,1,255.92
3.49,50.0,40,,0,0,122.27
3.97,81.0,58,1.8,0,0,124.38
3.42,32.0,43,2.97,0,0,134.04
15.63,93.0,28,2.59,0,0,402.1
5.72,20.0,45,2.5,0,1,227.31
7.03,40.0,27,2.35,1,1,331.69
5.17,58.0,36,2.28,0,0,149.08
23.99,53.0,34,2.0,0,0,478.96
21.51,78.0,40,2.25,0,0,468.03
6.53,23.0,7,1.87,0,0,209.52
8.86,16.0,10,2.06,0,0,214.38
6.04,69.0,36,2.98,0,0,194.62
12.81,33.0,10,1.66,0,0,339.63
1.47,43.0,37,2.23,1,0,107.49
17.11,36.0,8,1.9,0,0,425.21
13.56,101.0,1,2.85,1,0,856.37
22.57,46.0,7,1.97,1,0,758.19
4.95,63.0,53,2.61,0,0,152.34
20.3,97.0,47,1.84,0,0,422.45
20.01,82.0,7,1.83,0,0,741.24
4.05,74.0,39,2.32,0,0,139.49
10.57,96.0,48,2.55,0,0,274.37
5.08,76.0,51,2.97,0,0,205.38
7.11,59.0,10,2.15,1,0,316.97
7.32,67.0,28,1.69,0,0,203.73
14.35,57.0,44,1.34,0,0,284.43
10.87,35.0,28,2.76,0,1,309.54
23.75,43.0,50,2.1,0,0,464.75
4.03,71.0,18,3.5,1,0,215.1
24.37,49.0,42,2.97,0,1,692.48
6.54,14.0,9,2.1,0,1,251.71
19.55,49.0,46,2.04,1,0,534.19
9.14,112.0,13,2.52,1,0,450.02
4.43,85.0,1,1.87,1,1,393.79
21.59,71.0,24,3.5,1,0,633.87
8.41,70.0,29,,0,0,219.52
16.81,94.0,5,2.18,0,0,808.53
14.59,51.0,6,1.21,0,0,463.8
12.32,35.0,12,1.02,0,0,280.27
12.9,32.0,8,1.51,0,0,360.25
18.57,48.0,41,2.9,1,1,640.31
3.11,78.0,36,1.15,0,0,135.12
17.04,94.0,40,3.03,1,0,532.0
22.5,17.0,42,2.34,0,0,414.39
2.39,65.0,53,2.94,0,0,119.5
4.38,64.0,10,2.8,0,0,201.81
18.2,52.0,48,2.13,0,0,361.65
11.49,84.0,53,2.59,0,0,283.56
10.69,65.0,44,1.73,0,0,235.27
4.29,45.0,37,2.17,0,0,156.39
13.16,57.0,31,2.61,1,0,392.24
4.04,,14,1.67,0,0,159.93
12.44,17.0,58,2.46,0,0,276.51
19.33,28.0,28,1.59,0,0,351.86
7.2,31.0,40,1.76,0,0,174.22
12.54,105.0,1,2.53,1,1,780.78
24.81,50.0,41,3.54,1,0,671.57
17.48,106.0,31,2.14,1,0,536.4
21.19,42.0,31,1.76,0,0,415.12
10.96,83.0,28,2.78,0,1,427.64
19.43,92.0,10,1.83,1,0,765.52
1.97,84.0,41,3.7,1,0,168.71
3.95,106.0,26,3.6,1,0,218.72
5.87,78.0,47,2.64,1,0,248.53
10.65,46.0,20,2.31,0,0,270.85
21.3,59.0,13,2.98,0,0,589.85
9.31,67.0,10,2.91,1,0,397.4
16.71,53.0,44,1.99,1,0,450.29
18.02,91.0,10,3.51,1,0,774.42
15.07,39.0,8,1.27,0,0,403.33
9.57,39.0,53,1.51,0,0,216.37
14.85,36.0,15,2.75,0,0,352.81
9.21,,28,1.51,0,0,250.03
3.01,86.0,51,2.49,0,0,108.42
24.83,78.0,25,2.7,1,0,721.45
4.05,51.0,54,2.52,0,0,149.15
2.74,37.0,28,1.46,0,1,149.75
22.08,93.0,28,1.84,0,0,508.32
8.24,72.0,58,1.64,0,0,203.15
16.61,64.0,28,1.5,0,0,378.33
8.9,57.0,30,2.43,1,0,292.59
10.39,43.0,36,1.65,0,0,225.66
7.29,66.0,19,2.91,0,0,248.07
9.23,84.0,16,2.87,1,0,388.05
10.86,90.0,38,1.92,0,0,261.95
18.29,47.0,43,2.01,0,0,336.7
13.28,32.0,16,2.99,0,0,342.2
23.65,40.0,21,2.31,0,1,661.73
2.01,18.0,45,2.41,0,1,131.0
13.07,44.0,46,1.63,0,0,274.37
15.02,64.0,1,2.74,1,1,912.4
23.08,48.0,43,1.37,0,1,589.69
2.18,39.0,58,2.37,0,0,115.24
14.76,14.0,54,1.69,0,1,390.48
21.49,37.0,10,2.5,0,0,527.95
6.81,16.0,55,1.43,0,0,142.92
22.03,81.0,25,2.61,1,0,662.6
1.46,51.0,53,1.94,0,0,79.73
18.58,66.0,29,1.33,0,0,374.77
23.39,122.0,49,1.94,1,0,635.04
16.77,73.0,32,1.63,0,0,379.31
11.54,98.0,49,2.09,0,0,273.64
2.08,72.0,30,2.31,0,0,119.41
23.08,27.0,8,1.85,0,1,669.76
12.29,99.0,33,2.0,0,0,318.92
1.7,54.0,19,2.09,0,0,72.17
17.56,29.0,59,2.02,0,0,331.19
12.56,11.0,38,1.18,0,0,250.48
3.98,103.0,27,2.61,1,1,256.65
6.14,39.0,20,1.41,0,1,209.43
2.55,31.0,44,2.07,0,0,107.26
14.78,43.0,43,2.52,0,0,318.56
15.93,44.0,9,2.16,0,0,458.34
13.14,78.0,56,1.44,0,0,279.45
20.61,66.0,38,1.42,0,0,419.72
21.66,24.0,26,1.07,0,0,361.32
15.77,48.0,41,1.85,0,0,362.55
1.31,88.0,14,1.87,0,0,125.44
17.69,67.0,25,2.27,1,0,528.78
11.03,21.0,18,2.53,0,0,259.88
14.57,106.0,28,2.57,1,0,509.71
16.58,49.0,47,3.14,1,0,454.59
9.41,46.0,13,3.08,1,0,368.4
23.01,82.0,31,3.01,1,0,685.56
4.22,90.0,25,2.82,0,0,189.9
17.12,29.0,41,1.03,0,0,294.25
1.1,56.0,28,1.14,0,0,97.72
23.19,67.0,26,3.24,1,0,679.37
3.7,85.0,34,1.71,0,0,127.32
3.28,27.0,41,2.97,0,0,119.21
8.99,66.0,42,1.43,0,0,234.54
9.97,60.0,21,1.37,0,1,346.76
6.14,46.0,50,2.18,0,0,186.07
15.04,85.0,40,1.56,0,0,363.67
11.63,47.0,25,2.48,1,0,358.55
1.82,122.0,44,3.64,1,0,164.2
8.67,109.0,44,1.85,1,0,291.66
20.45,83.0,37,2.86,1,0,584.75
17.55,74.0,21,1.67,0,0,429.8
18.4,89.0,8,2.49,1,0,809.73
17.75,28.0,10,1.5,0,0,401.17
8.46,88.0,24,2.07,1,0,333.21
3.39,76.0,23,1.07,0,1,183.92
7.54,55.0,54,2.98,0,0,209.11
20.96,109.0,21,3.12,1,0,706.27
24.53,39.0,44,2.55,0,0,467.5
12.85,46.0,41,1.13,0,1,373.91
1.23,79.0,35,1.03,0,0,102.84
4.36,90.0,20,2.2,0,0,163.27
8.73,56.0,17,2.45,0,0,261.99
14.89,88.0,19,1.79,0,1,526.04
2.8,92.0,30,1.78,0,0,137.32
23.64,39.0,33,1.77,0,0,447.32
9.76,82.0,5,1.31,0,0,486.65
22.9,43.0,37,2.51,0,0,458.09
19.73,99.0,38,1.43,0,1,574.14
19.13,70.0,55,1.65,0,0,363.38
15.56,44.0,38,2.34,0,0,311.99
16.04,75.0,52,,0,0,329.37
16.31,52.0,28,3.33,1,0,491.89
16.09,99.0,15,3.6,1,0,631.38
14.29,48.0,1,,1,0,879.2
24.67,30.0,5,2.18,0,1,817.06
18.57,50.0,5,1.82,0,0,625.51
19.65,74.0,22,1.16,0,0,461.42
21.94,93.0,36,2.36,0,1,669.21
6.18,88.0,25,3.02,1,0,258.33
3.01,78.0,22,2.29,0,0,142.79
12.59,21.0,20,2.63,0,0,290.62
13.34,30.0,5,1.57,0,0,366.93
20.9,70.0,48,,0,0,391.62
11.65,48.0,15,2.49,0,0,291.19
14.7,96.0,34,1.34,0,0,334.32
13.65,81.0,45,2.91,0,1,438.72
1.92,31.0,32,1.68,0,0,98.41
15.77,99.0,30,2.43,0,0,399.55
20.87,122.0,17,3.31,1,0,814.22
4.78,96.0,4,2.81,1,0,443.91
15.26,118.0,5,2.06,1,0,933.02
15.25,46.0,59,1.55,0,0,280.38
4.94,50.0,49,1.47,0,1,210.65
3.96,124.0,38,2.84,1,0,204.83
24.52,86.0,10,1.52,0,0,789.28
10.45,16.0,33,2.09,0,0,229.89
6.46,98.0,26,1.58,0,0,210.5
5.11,42.0,18,1.0,0,0,143.77
17.02,12.0,10,1.73,0,0,345.07
15.63,78.0,38,3.01,1,0,498.2
16.45,45.0,54,2.55,0,0,330.42
3.11,49.0,59,1.06,0,0,114.34
22.44,32.0,24,1.52,0,0,433.03
10.34,75.0,15,2.97,0,0,340.7
8.52,55.0,6,1.52,0,1,391.8
12.1,15.0,48,2.55,0,1,362.21
10.36,80.0,29,2.02,0,0,293.46
21.73,95.0,9,2.04,1,0,910.69
23.3,30.0,59,2.29,0,0,409.28
8.28,89.0,42,2.93,0,0,237.3
21.73,76.0,9,2.77,0,0,724.88
19.76,35.0,19,2.38,0,0,418.79
23.34,34.0,30,2.02,0,0,452.73
6.9,88.0,15,1.64,0,0,277.0
14.85,125.0,41,2.51,1,0,481.37
7.59,73.0,55,1.69,0,0,213.09
20.78,93.0,37,2.84,0,0,477.15
1.13,62.0,41,1.42,0,0,106.36
14.56,89.0,30,2.56,1,0,464.21
9.14,38.0,45,1.86,0,0,211.69
8.74,28.0,42,1.82,0,0,184.39
16.48,97.0,49,1.81,1,0,448.83
21.44,23.0,15,1.54,0,0,402.88
15.62,24.0,39,2.0,0,0,323.32
21.48,72.0,59,2.52,0,0,449.34
7.35,40.0,3,2.94,1,0,388.37
13.47,115.0,5,2.57,1,0,877.35
11.81,103.0,35,3.13,1,0,410.82
1.28,50.0,27,3.13,1,0,127.55
14.36,56.0,49,1.5,0,0,300.49
16.88,18.0,37,1.21,0,1,417.0
15.21,63.0,31,2.61,0,0,355.73
18.67,66.0,12,2.86,1,0,638.46
14.71,10.0,15,1.35,0,0,261.06
2.6,49.0,41,2.32,1,0,131.41
3.79,22.0,34,2.53,0,0,142.07
15.32,68.0,10,3.11,1,0,590.55
7.6,14.0,28,2.89,0,0,180.85
2.91,114.0,1,2.73,1,0,328.98
11.31,62.0,15,1.1,0,0,325.72
14.3,48.0,10,2.4,0,0,387.86
8.89,61.0,16,1.51,0,1,306.68
18.29,55.0,30,1.65,0,0,406.07
16.45,98.0,23,1.39,0,0,426.36
8.99,78.0,1,2.42,1,0,630.24
19.12,97.0,57,2.66,0,0,442.22
16.57,51.0,38,2.15,0,1,481.62
16.3,57.0,58,1.22,0,0,315.94
14.28,40.0,24,2.17,0,0,323.84
1.27,110.0,6,3.07,1,0,248.24
17.72,128.0,18,3.57,1,0,713.68
10.03,125.0,26,3.52,1,0,400.0
23.62,84.0,37,1.13,0,0,479.86
20.63,34.0,43,2.73,0,1,564.49
15.1,92.0,14,1.1,0,1,574.23
7.05,13.0,26,1.31,0,0,144.24
5.89,128.0,42,2.02,1,0,243.45
9.17,37.0,51,1.36,0,0,187.5
12.44,89.0,45,2.61,0,1,399.43
8.11,41.0,8,3.17,1,0,341.38
13.36,35.0,8,2.37,0,0,367.6
4.97,81.0,33,2.84,0,0,183.58
24.47,82.0,1,2.58,1,0,1392.74
3.59,99.0,51,1.01,0,0,142.74
23.37,77.0,49,3.08,1,1,803.73
22.93,30.0,44,2.74,0,0,439.24
13.61,59.0,46,2.95,0,0,284.45
18.4,26.0,43,1.73,0,0,327.65
11.47,39.0,59,2.64,0,1,356.7
16.12,52.0,58,2.7,0,0,358.1
9.17,47.0,58,1.29,0,0,202.21
8.23,68.0,53,2.26,0,0,196.75
14.88,68.0,29,1.35,0,0,326.27
12.96,53.0,49,1.89,0,0,274.11
14.91,85.0,12,2.76,0,0,503.18
7.88,70.0,5,3.38,1,0,471.93
9.81,76.0,1,2.94,1,0,677.79
3.01,56.0,10,2.62,0,0,156.68
2.25,80.0,42,1.31,0,1,133.85
7.08,80.0,32,1.39,0,1,278.27
2.78,44.0,36,1.42,0,0,130.34
3.49,35.0,13,2.55,0,0,141.9
20.51,65.0,38,2.78,0,0,468.06
1.93,52.0,53,2.13,0,1,141.57
16.81,28.0,6,2.92,0,0,482.98
7.54,61.0,16,3.26,1,1,418.47
21.92,66.0,43,2.13,0,1,609.91
12.64,74.0,27,2.22,0,0,327.15
8.33,73.0,45,3.5,1,0,308.42
13.42,89.0,46,1.98,1,0,400.91
10.17,41.0,7,1.34,0,0,312.98
14.54,92.0,37,2.33,1,0,440.62
3.75,95.0,49,2.79,0,1,172.58
24.93,60.0,20,2.89,0,0,601.78
11.21,29.0,45,1.71,0,0,232.1
9.36,97.0,24,3.65,1,0,359.85
18.05,54.0,23,2.09,0,0,435.13
9.73,59.0,48,1.95,0,0,209.2
21.0,17.0,30,2.67,0,0,401.42
11.9,30.0,20,2.09,0,0,291.4
18.27,27.0,26,1.91,0,0,357.13
3.58,24.0,10,1.03,0,0,125.83
21.31,19.0,41,1.03,0,0,359.42
18.66,72.0,9,2.26,0,0,601.77
6.08,91.0,47,1.15,0,0,148.61
4.49,59.0,8,3.27,1,0,273.02
8.59,71.0,28,2.24,0,1,325.19
24.43,61.0,18,1.92,0,1,735.3
7.16,69.0,3,3.22,1,1,535.95
11.95,12.0,44,2.99,0,0,258.87
1.72,10.0,15,1.49,0,0,101.05
10.53,19.0,14,2.11,0,0,248.19
14.71,58.0,35,2.69,0,1,441.32
23.87,74.0,55,1.03,0,0,453.86
13.4,42.0,58,1.41,0,0,274.59
20.66,44.0,29,2.04,0,1,589.91
14.13,46.0,57,2.1,0,0,276.09
1.98,60.0,24,1.17,0,0,111.32
8.56,93.0,25,2.61,1,0,302.6
14.81,102.0,10,2.84,1,0,696.13
23.81,55.0,41,1.85,0,0,449.0
21.62,55.0,10,2.4,0,0,590.53
6.48,59.0,47,2.54,0,1,255.19
6.28,16.0,15,1.92,0,0,155.53
5.83,123.0,42,2.65,1,0,239.04
23.14,70.0,59,2.41,0,0,458.54
21.46,95.0,44,2.11,0,0,462.35
19.6,21.0,23,2.74,0,0,411.93
10.43,83.0,5,1.96,0,0,532.35
13.11,47.0,31,2.15,0,0,319.45
12.14,48.0,25,1.26,0,0,305.95
7.08,30.0,45,2.67,0,0,188.38
13.12,62.0,8,2.64,1,1,664.57
1.73,53.0,24,,0,0,108.78
4.16,83.0,29,2.66,1,0,189.98
22.28,125.0,31,1.8,1,1,819.87
19.04,,35,1.8,0,0,341.1
11.15,93.0,6,1.3,0,0,519.65
13.41,70.0,22,1.8,0,0,339.11
9.88,89.0,58,1.64,0,0,204.95
18.78,92.0,25,1.41,0,0,471.22
19.82,33.0,29,1.25,0,0,360.93
19.32,40.0,17,2.46,0,0,421.13
18.34,44.0,30,3.31,1,1,659.91
5.91,120.0,11,2.33,1,0,384.73
9.11,74.0,50,1.99,0,0,231.47
12.28,46.0,16,1.93,0,0,283.81
8.94,71.0,36,2.51,1,0,286.3
19.12,75.0,26,1.56,0,0,437.41
8.9,43.0,28,1.37,0,0,229.19
4.32,38.0,19,2.75,0,0,167.24
10.58,44.0,1,3.47,1,0,665.32
24.52,39.0,7,1.83,0,0,646.72
6.42,54.0,24,2.44,0,0,206.35
15.69,27.0,47,2.0,0,0,337.93
11.39,117.0,20,1.97,1,1,537.23
2.7,,39,3.44,1,0,156.08
12.71,20.0,32,1.44,0,0,260.44
17.85,43.0,47,3.21,1,0,482.98
13.32,95.0,39,2.05,0,0,311.3
21.93,55.0,49,2.38,0,0,461.03
7.93,42.0,34,2.74,1,0,283.48
3.07,62.0,13,2.41,0,1,185.79
23.48,33.0,11,1.07,0,0,486.82
10.08,17.0,44,1.08,0,0,209.83
14.83,127.0,8,3.59,1,0,830.86
20.01,119.0,12,3.3,1,0,851.76
8.78,,4,3.46,1,0,469.67
18.19,94.0,39,1.91,0,0,420.08
4.25,125.0,42,2.72,1,0,230.6
7.99,82.0,19,2.07,0,0,263.21
4.47,27.0,49,1.49,0,0,131.54
20.47,115.0,1,3.27,1,0,1174.94
6.34,15.0,52,2.66,0,0,155.05
18.22,48.0,54,2.81,0,0,397.64
23.64,10.0,23,2.03,0,0,425.21
13.67,24.0,52,1.83,0,0,257.53
13.96,23.0,32,2.66,0,0,308.39
12.06,86.0,48,2.51,0,0,268.34
8.82,94.0,27,2.73,0,0,260.24
12.42,55.0,26,2.31,0,0,306.33
15.47,80.0,16,3.57,1,1,714.38
24.66,15.0,38,1.18,0,1,573.21
23.51,29.0,44,2.36,0,0,413.85
21.69,77.0,15,1.18,0,1,723.79
22.34,79.0,38,3.3,1,0,660.86
12.23,28.0,42,2.26,0,0,242.27
16.78,83.0,52,1.03,0,0,353.56
22.48,108.0,25,3.0,1,0,761.62
10.43,11.0,31,1.29,0,0,190.04
24.08,83.0,1,2.08,1,0,1343.7
10.98,62.0,46,1.3,0,0,236.94
15.43,93.0,33,1.97,0,0,361.95
18.04,15.0,9,1.23,0,0,357.88
23.81,52.0,22,1.25,0,0,494.12
6.87,58.0,23,2.31,1,0,286.27
18.91,57.0,1,1.8,1,0,1119.34
13.5,69.0,8,2.35,1,0,536.19
7.45,110.0,17,3.04,1,0,361.71
19.64,56.0,47,3.0,1,0,498.89
14.25,62.0,33,2.94,0,0,343.85
16.86,107.0,33,2.04,1,0,511.25
8.75,73.0,12,2.73,0,0,325.99
12.55,12.0,8,1.78,0,0,258.14
15.82,34.0,41,1.77,0,0,308.95
10.72,69.0,26,2.5,1,0,367.5
5.76,45.0,53,,0,1,200.02
24.08,117.0,32,2.76,1,0,750.03
13.28,50.0,33,2.57,0,0,294.08
18.61,62.0,23,3.55,1,0,547.53
10.87,89.0,1,3.73,1,0,722.23
9.52,25.0,7,2.57,0,0,273.07
10.77,115.0,36,3.05,1,0,377.0
10.82,81.0,49,2.0,0,0,243.74
14.06,39.0,23,2.75,0,0,332.72
14.04,99.0,8,3.28,1,0,709.35
12.93,70.0,36,1.32,0,0,297.49
4.23,15.0,27,2.37,0,1,154.02
12.91,48.0,47,1.86,0,0,266.92
5.06,14.0,30,2.19,0,0,127.68
4.03,12.0,22,2.8,0,0,141.83
23.38,83.0,47,2.31,0,0,489.54
15.52,69.0,9,3.68,1,0,637.99
16.83,89.0,29,2.73,0,0,444.33
10.64,20.0,40,1.26,0,1,287.14
22.82,,37,1.82,1,0,569.04
16.31,54.0,32,2.57,1,0,436.53
19.46,83.0,16,3.53,1,0,681.36
9.85,63.0,22,1.46,0,1,360.87
24.04,10.0,16,2.38,0,0,428.81
20.69,22.0,31,1.95,0,0,377.01
21.49,72.0,52,2.49,0,0,444.19
5.13,95.0,14,2.13,1,0,269.6
7.5,48.0,20,1.48,0,0,187.77
7.86,48.0,54,1.49,0,0,163.94
7.5,76.0,50,2.1,0,0,231.69
21.53,39.0,53,1.58,0,1,548.86
1.77,50.0,19,2.62,0,1,175.01
2.83,129.0,4,2.49,1,0,334.86
7.57,20.0,43,2.32,0,0,186.59
5.8,79.0,9,2.9,0,0,297.12
6.56,85.0,47,2.21,0,0,186.46
20.15,89.0,57,1.48,0,0,371.31
14.52,95.0,39,2.66,0,0,381.41
1.14,31.0,21,1.03,0,0,89.39
11.3,47.0,55,1.51,0,0,227.28
10.79,51.0,35,2.57,1,1,441.82
3.73,45.0,34,1.39,0,0,148.38
17.23,59.0,8,2.21,0,0,534.92
17.85,26.0,51,2.12,0,0,368.4
18.3,41.0,57,1.81,0,1,466.13
18.48,54.0,26,1.59,0,0,387.12
1.0,46.0,35,1.87,0,0,64.39
23.89,76.0,33,1.58,0,1,701.77
20.54,34.0,45,1.44,0,0,386.98
22.7,92.0,57,1.7,0,0,459.81
1.38,58.0,20,2.2,0,0,104.01
23.41,52.0,59,2.3,0,0,447.85
20.43,58.0,19,2.39,1,0,617.58
21.09,89.0,21,2.89,0,0,547.36
3.24,35.0,22,1.52,0,0,118.06
18.73,54.0,31,3.22,1,1,675.5
24.04,62.0,41,1.16,0,0,446.73
17.29,29.0,33,2.33,0,0,345.86
14.69,44.0,35,2.72,1,0,433.21
23.7,73.0,31,2.14,0,0,519.44
11.63,87.0,25,2.17,1,1,504.12
15.38,49.0,27,1.87,0,0,343.44
12.43,33.0,46,2.53,0,0,261.71
23.39,79.0,29,2.53,0,0,524.31
2.83,21.0,59,1.48,0,0,111.41
13.03,13.0,26,1.71,0,0,257.78
17.49,52.0,58,1.01,0,0,318.42
20.01,86.0,17,1.18,0,0,535.48
14.99,,21,1.25,0,0,320.33
22.81,30.0,49,1.59,0,0,409.08
23.61,108.0,33,3.32,1,0,724.75
2.54,52.0,46,2.82,1,0,128.26
10.66,41.0,1,3.39,1,0,667.96
1.56,15.0,5,2.51,0,0,109.1
8.91,32.0,59,2.17,0,1,294.52
13.88,83.0,46,2.0,0,0,303.79
22.86,93.0,51,2.86,0,0,485.26
21.32,98.0,49,2.14,0,0,428.72
4.06,45.0,21,1.97,0,0,167.25
3.23,19.0,33,2.74,0,0,121.61
15.14,36.0,22,1.14,0,0,302.46
13.77,16.0,46,2.31,0,1,373.0
7.39,59.0,56,1.23,0,0,140.01
22.59,30.0,13,2.64,0,1,637.76
23.26,95.0,30,2.59,0,1,716.72
10.66,55.0,28,2.01,0,0,285.93
22.37,121.0,27,3.12,1,0,717.11
10.21,10.0,16,2.55,0,0,235.47
18.68,128.0,37,2.77,1,0,580.63
12.42,64.0,47,2.81,0,0,282.85
3.94,62.0,19,1.87,0,0,161.05
23.27,30.0,56,2.78,0,0,439.47
11.9,71.0,8,2.97,1,0,538.58
18.63,23.0,13,1.85,0,1,518.59
9.81,48.0,35,1.01,0,0,199.52
1.45,51.0,38,1.59,0,1,127.76
3.41,,6,2.74,0,0,172.74
12.91,38.0,58,1.86,0,0,282.25
17.56,41.0,52,1.84,0,0,330.9
9.03,20.0,42,1.98,0,0,219.86
17.69,37.0,49,1.57,0,0,341.28
17.77,108.0,32,2.78,1,0,541.53
17.89,34.0,5,1.75,0,1,614.92
12.82,61.0,49,2.82,0,0,286.37
22.96,80.0,28,2.93,1,0,695.96
12.74,60.0,27,2.67,0,1,423.54
11.81,16.0,5,2.37,0,0,311.32
5.79,42.0,37,1.43,0,1,228.69
8.38,51.0,15,2.74,0,0,276.12
2.02,94.0,52,1.17,0,0,137.28
16.2,96.0,3,2.7,1,0,990.65
6.96,98.0,11,1.48,0,0,289.4
8.3,95.0,50,2.08,0,0,223.19
19.5,50.0,31,2.4,1,0,530.54
8.85,109.0,45,3.25,1,1,389.65
6.81,76.0,28,2.87,0,0,212.49
5.06,69.0,43,3.22,1,0,199.82
19.6,90.0,12,1.71,0,0,601.79
4.11,62.0,30,3.0,1,1,218.56
11.89,90.0,1,3.58,1,0,754.47
13.17,94.0,59,1.54,0,1,388.09
17.5,14.0,56,1.24,0,0,299.89
16.2,59.0,49,1.26,0,1,426.47
20.46,53.0,56,1.99,0,0,387.59
2.07,24.0,10,2.46,0,1,195.02
8.11,41.0,44,3.11,1,0,267.95
7.72,33.0,41,1.91,0,0,216.23
4.5,63.0,16,2.46,0,0,188.66
7.94,49.0,13,3.07,1,0,334.36
8.43,93.0,56,2.26,0,0,228.22
13.53,44.0,33,1.4,0,1,383.57
16.93,50.0,23,1.63,0,1,491.56
10.15,56.0,35,,0,0,254.31
18.27,94.0,51,2.62,0,0,419.78
9.07,69.0,33,3.35,1,0,313.01
7.97,47.0,33,1.51,0,0,195.21
13.99,35.0,55,1.11,0,0,252.11
1.57,29.0,59,2.54,0,0,123.93
2.91,45.0,25,1.82,0,0,111.46
11.03,73.0,39,1.44,0,0,244.74
23.63,52.0,37,1.23,0,0,421.6
18.32,79.0,15,1.83,1,0,620.66
3.12,27.0,14,1.86,0,1,167.98
21.31,31.0,8,1.68,0,0,496.76
18.58,86.0,52,2.39,0,0,397.8
15.66,118.0,6,3.75,1,0,960.17
20.69,25.0,14,1.41,0,0,433.95
10.7,98.0,7,1.49,0,0,519.6
6.32,12.0,12,1.67,0,0,165.22
13.29,78.0,9,1.93,0,0,500.04
14.17,36.0,58,2.4,0,0,282.54
13.92,79.0,42,2.5,1,1,558.67
14.56,43.0,30,2.01,1,0,412.26
23.77,52.0,52,2.46,0,0,490.09
22.65,61.0,26,2.59,0,0,510.03
22.02,61.0,39,1.5,0,0,446.41
20.23,75.0,27,1.27,0,0,412.27
23.64,71.0,8,2.06,0,0,780.2
3.36,92.0,20,1.42,0,0,149.56
7.36,72.0,41,1.75,0,0,208.23
12.88,60.0,26,2.55,0,0,319.35
21.32,73.0,25,1.44,0,0,496.74
13.12,91.0,54,2.61,0,0,317.89
18.95,65.0,31,2.35,0,0,423.18
4.34,20.0,56,1.44,0,0,115.47
7.06,,44,2.05,0,0,208.15
18.56,20.0,12,2.23,0,0,378.28
4.95,72.0,1,2.2,1,0,463.9
9.43,75.0,46,1.29,0,0,224.93
7.36,10.0,38,2.06,0,1,223.79
9.4,42.0,34,2.39,0,0,203.96
18.0,86.0,56,1.93,0,0,350.93
9.83,36.0,29,1.14,0,0,202.52
14.33,74.0,42,2.85,0,1,450.9
3.4,54.0,19,2.39,0,0,135.36
20.32,95.0,50,2.24,0,1,583.9
9.88,93.0,32,2.29,0,0,292.25
16.56,53.0,44,1.8,0,0,329.95
18.41,49.0,13,2.97,0,0,472.0
6.03,54.0,9,1.27,0,0,215.96
22.23,41.0,31,3.28,1,0,619.04
15.79,50.0,45,1.84,0,1,454.28
11.29,91.0,16,3.56,1,1,562.54
5.38,26.0,43,2.43,0,0,142.63
23.62,59.0,44,2.12,0,0,450.75
19.12,50.0,19,2.88,0,0,445.01
5.99,14.0,39,2.82,0,0,161.39
9.11,91.0,47,1.9,1,0,309.29
20.43,57.0,31,1.39,0,1,536.44
17.7,99.0,21,2.35,0,0,493.3
19.38,22.0,23,2.84,0,0,395.55
11.59,64.0,22,1.86,0,0,280.68
18.2,43.0,14,1.08,0,0,420.58
10.28,94.0,1,3.09,1,1,687.38
6.07,53.0,6,1.39,0,0,271.76
16.18,50.0,53,2.1,0,0,309.8
24.42,11.0,51,1.77,0,0,418.15
8.45,115.0,21,2.92,1,0,363.85
12.06,95.0,10,3.66,1,0,558.98
17.18,95.0,36,1.97,0,0,406.5
14.0,52.0,32,1.87,1,1,496.53
21.24,57.0,56,2.16,0,0,414.09
19.28,98.0,30,1.65,0,0,465.92
2.4,49.0,36,2.56,0,0,108.43
24.96,69.0,38,1.94,0,0,520.06
19.06,46.0,51,2.48,0,0,372.52
21.73,30.0,57,2.82,0,0,404.29
16.63,27.0,54,1.72,0,0,300.73
21.55,92.0,12,2.98,0,1,848.11
3.7,86.0,40,1.3,0,0,147.4
9.35,94.0,24,3.09,1,0,371.13
22.03,98.0,9,1.07,0,0,788.25
5.84,89.0,36,1.43,0,0,153.27
2.88,72.0,12,2.27,0,0,176.13
19.91,99.0,16,1.89,1,1,832.57
21.05,55.0,53,1.2,0,0,369.9
4.9,25.0,42,1.58,0,1,186.63
21.5,95.0,51,2.15,0,0,456.87
17.48,83.0,1,1.83,1,0,1053.62
13.48,21.0,15,1.96,0,0,281.88
20.93,73.0,42,2.25,0,0,437.45
11.06,99.0,59,1.81,0,1,359.57
5.66,67.0,1,1.94,1,0,460.03
7.84,64.0,24,2.22,0,0,234.02
13.12,37.0,24,2.21,0,0,310.33
13.75,96.0,22,2.01,0,0,367.61
20.33,47.0,22,2.39,0,1,585.75
19.99,64.0,11,1.42,0,1,661.26
14.95,53.0,26,3.16,1,0,456.93
19.74,70.0,20,2.12,1,0,594.91
5.6,72.0,28,1.79,0,0,180.32
2.2,55.0,52,1.14,0,0,100.09
21.97,85.0,58,2.64,0,0,477.36
2.81,84.0,58,2.08,0,0,71.59
6.92,13.0,59,2.94,0,0,152.47
17.69,98.0,55,2.88,0,0,409.63
10.83,98.0,16,3.0,0,0,404.04
22.03,29.0,30,1.2,0,0,412.46
8.15,111.0,24,3.01,1,0,354.47
1.28,33.0,22,1.82,0,0,93.29
8.22,121.0,1,2.87,1,1,611.42
14.87,77.0,28,2.42,1,0,489.0
10.02,112.0,17,1.9,1,1,518.18
13.84,33.0,33,2.42,0,0,312.59
22.04,78.0,13,2.93,0,0,650.98
22.9,57.0,43,2.06,0,0,465.47
7.38,84.0,6,2.46,1,0,447.65
12.09,86.0,41,2.88,0,1,399.44
14.18,60.0,6,2.53,1,0,629.02
23.78,82.0,20,2.83,0,0,636.39
24.97,75.0,23,2.71,0,0,615.83
6.65,62.0,16,2.06,0,0,251.25
18.45,104.0,1,3.15,1,0,1081.15
10.07,17.0,5,2.4,0,0,262.12
1.19,97.0,23,2.28,0,1,133.86
1.22,43.0,56,1.32,0,0,76.44
12.05,19.0,48,2.39,0,0,285.33
12.72,10.0,41,1.01,0,1,321.9
1.54,44.0,45,2.42,0,0,92.13
17.49,64.0,48,2.11,0,0,383.23
8.06,35.0,6,1.52,0,0,273.05
14.44,107.0,7,3.41,1,0,827.22
8.22,44.0,1,2.61,1,0,578.1
5.01,96.0,23,,0,1,283.33
10.77,88.0,44,1.06,0,0,257.21
6.57,76.0,49,1.8,0,0,153.74
13.84,58.0,27,2.13,1,0,397.54
5.77,52.0,21,1.55,0,1,219.61
13.2,48.0,21,1.5,0,0,302.12
4.78,36.0,8,1.09,0,0,184.67
17.1,31.0,12,1.92,0,0,398.22
19.09,58.0,34,2.05,0,1,552.68
3.65,97.0,46,2.94,1,0,193.27
12.23,68.0,41,1.92,0,0,284.25
2.7,88.0,52,2.74,0,1,170.27
15.36,49.0,36,1.08,0,0,295.84
7.35,54.0,1,3.03,1,0,552.98
13.66,41.0,29,2.73,0,0,315.14
13.42,67.0,30,1.08,0,0,323.09
23.18,65.0,45,1.99,0,0,462.06
14.18,120.0,7,2.98,1,0,818.71
14.99,61.0,23,1.38,0,0,383.93
10.64,86.0,28,1.51,0,0,291.68
23.78,89.0,13,2.57,0,0,716.84
19.65,67.0,29,2.93,1,0,573.57
7.85,33.0,36,1.63,0,0,219.07
21.26,46.0,5,2.53,0,0,689.16
11.38,71.0,35,2.49,0,0,285.64
20.89,14.0,22,1.69,0,0,369.74
20.75,53.0,19,1.98,0,0,455.09
5.53,126.0,18,3.13,1,0,308.2
17.83,59.0,5,,0,0,644.33
7.98,124.0,9,3.06,1,0,481.91
8.14,10.0,27,1.5,0,0,178.75
8.11,103.0,44,2.38,1,0,286.41
18.41,86.0,55,1.62,0,0,363.75
6.52,81.0,24,2.87,0,0,220.45
1.02,10.0,34,2.67,0,0,83.56
18.17,24.0,55,2.13,0,0,358.62
5.11,83.0,56,2.13,0,0,175.25
3.51,10.0,17,1.11,0,0,119.4
6.7,87.0,9,2.3,0,1,356.08
10.12,61.0,58,1.66,0,0,231.03
12.42,80.0,31,3.02,1,0,425.16
2.07,72.0,15,2.68,0,1,171.85
24.29,85.0,36,1.89,1,0,680.11
18.19,60.0,1,3.01,1,0,1080.0
8.76,74.0,42,2.13,0,0,230.75
8.65,61.0,29,1.41,0,0,208.47
11.77,40.0,59,2.29,0,1,327.02
16.03,80.0,49,2.11,0,0,347.83
4.51,91.0,42,2.53,0,0,141.86
5.53,45.0,43,1.22,0,0,162.52
21.63,33.0,44,1.89,0,0,397.71
7.15,47.0,46,3.0,0,0,175.58
10.12,77.0,47,2.38,0,0,232.96
21.91,41.0,23,3.17,1,0,643.89
16.92,91.0,41,1.64,0,0,356.22
9.2,75.0,44,1.19,0,0,210.34
17.41,,37,2.9,0,0,396.94
1.47,72.0,11,1.21,0,0,145.26
18.66,80.0,22,2.99,0,1,632.02
12.69,50.0,48,1.25,0,0,256.87
20.52,16.0,55,1.34,0,0,364.55
23.91,66.0,44,1.62,0,0,463.61
23.22,54.0,39,2.02,0,0,492.38
22.82,17.0,14,2.58,0,0,454.59
13.29,12.0,27,2.94,0,0,245.62
9.64,41.0,58,1.72,0,0,180.34
12.16,92.0,18,1.04,0,0,343.85
17.56,107.0,13,3.03,1,0,693.23
22.22,19.0,55,2.42,0,1,574.91
5.97,27.0,34,1.79,0,0,166.72
23.04,92.0,13,1.37,0,0,682.75
20.56,92.0,1,2.41,1,0,1173.04
24.49,115.0,33,3.11,1,0,746.05
22.13,50.0,39,2.79,1,0,593.41
7.72,41.0,54,2.49,0,1,248.48
3.54,45.0,39,2.24,1,0,173.36
3.69,47.0,36,2.68,0,1,193.48
7.99,64.0,43,1.31,0,0,201.55
15.74,37.0,44,1.66,0,0,299.65
20.3,35.0,32,2.18,0,0,387.97
22.58,81.0,40,2.47,0,1,661.92
15.97,83.0,53,1.53,0,0,343.41
1.14,125.0,4,3.7,1,0,230.98
5.47,125.0,1,3.21,1,0,485.27
3.39,31.0,41,1.44,0,0,90.37
9.72,15.0,32,2.45,0,1,272.86
13.03,75.0,31,3.19,1,1,529.02
2.04,50.0,44,3.31,1,0,153.15
9.36,91.0,28,2.83,0,0,247.89
5.3,43.0,38,2.42,0,0,162.21
16.53,12.0,47,1.7,0,1,435.88
12.14,59.0,31,2.58,0,1,427.36
12.89,45.0,5,2.39,0,0,458.29
11.26,90.0,25,2.15,0,0,320.12
23.94,64.0,11,1.71,0,0,663.19
6.15,39.0,48,2.84,0,0,196.27
13.4,101.0,34,2.83,1,0,463.05
18.66,62.0,48,2.26,0,1,519.35
14.36,59.0,19,1.83,0,0,334.01
23.3,71.0,8,,1,0,902.12
10.07,92.0,34,1.68,0,0,246.75
12.13,18.0,56,2.62,0,0,275.0
3.12,25.0,5,1.22,0,0,131.09
15.62,77.0,47,3.22,1,0,425.66
7.92,58.0,1,2.75,1,0,553.21
4.85,45.0,37,2.4,0,0,143.2
14.07,50.0,5,2.86,1,0,612.35
13.78,88.0,27,1.27,0,0,349.27
2.82,127.0,35,2.75,1,0,204.46
17.76,102.0,19,3.73,1,0,659.3
15.97,94.0,8,2.51,0,0,608.61
5.54,82.0,34,2.4,1,0,238.94
12.27,83.0,53,2.89,0,0,302.88
18.29,98.0,36,2.56,0,0,464.18
13.71,72.0,40,2.53,1,0,410.02
10.49,58.0,24,2.21,0,0,256.63
8.74,60.0,20,1.85,0,1,296.85
15.65,59.0,24,1.19,0,0,341.19
23.54,63.0,28,3.41,1,0,676.83
17.12,60.0,18,2.18,1,0,516.72
2.79,35.0,12,1.92,0,0,146.77
12.06,90.0,59,2.41,0,0,289.1
22.38,58.0,41,3.66,1,0,638.46
3.27,76.0,8,1.13,0,0,222.77
24.73,116.0,24,2.59,1,0,811.11
23.78,105.0,47,,1,0,650.54
2.88,50.0,51,2.56,0,1,149.6
23.4,73.0,57,2.84,0,0,479.22
9.72,42.0,5,1.0,0,0,359.74
21.27,41.0,31,2.26,0,0,426.65
11.04,34.0,35,1.01,0,1,353.7
11.58,99.0,7,3.37,1,0,627.76
16.22,42.0,16,2.1,1,0,452.72
19.59,60.0,11,2.79,0,0,571.06
1.81,46.0,10,2.11,1,0,159.6
15.24,70.0,31,,0,0,370.77
5.48,34.0,40,1.58,0,0,148.99
9.3,96.0,7,2.11,0,0,481.4
9.35,115.0,38,3.02,1,0,341.55
12.26,17.0,22,1.41,0,1,324.75
9.02,34.0,18,1.6,0,1,293.32
3.58,72.0,5,1.22,0,0,239.0
4.5,41.0,43,1.01,0,1,176.36
1.8,41.0,23,1.48,0,1,128.33
12.29,62.0,7,2.03,0,0,458.17
23.91,64.0,16,3.23,1,0,770.57
3.78,35.0,51,2.59,0,0,129.29
23.71,17.0,55,1.14,0,0,398.81
18.6,78.0,45,1.54,0,0,390.33
16.3,41.0,44,,1,0,461.14
16.49,28.0,5,1.96,0,0,463.3
20.84,106.0,1,2.16,1,1,1215.18
3.57,115.0,23,2.58,1,0,207.32
13.11,109.0,41,2.34,1,1,533.0
17.73,47.0,1,1.9,1,1,1056.32
15.08,68.0,13,2.53,0,0,450.14
20.99,14.0,57,1.58,0,1,522.96
2.73,86.0,52,2.89,0,0,120.13
17.58,70.0,45,3.58,1,0,533.09
13.82,52.0,26,3.23,1,0,421.18
10.1,40.0,38,2.45,1,0,319.19
9.17,55.0,54,1.56,0,0,204.03
15.9,13.0,36,1.95,0,1,434.01
22.38,29.0,20,1.71,0,1,595.87
12.91,41.0,9,2.8,0,0,393.26
20.79,87.0,38,1.25,0,0,435.4
10.65,92.0,52,2.45,0,0,224.49
3.46,42.0,26,3.02,1,0,182.09
2.48,61.0,42,,0,0,106.69
2.23,20.0,44,2.08,0,0,116.91
10.12,18.0,23,2.26,0,0,223.06
9.09,66.0,37,2.93,0,0,270.55
18.23,101.0,23,1.98,1,0,579.96
18.83,65.0,25,1.21,0,0,388.72
2.22,60.0,41,1.79,0,1,165.89
6.31,11.0,55,1.95,0,0,155.69
7.58,116.0,1,2.2,1,0,540.22
14.14,87.0,46,1.17,0,0,301.07
4.47,24.0,20,1.04,0,1,199.07
4.21,78.0,17,2.53,0,0,198.52
23.65,48.0,43,1.97,0,0,455.49
20.3,73.0,31,3.49,1,0,631.56
5.34,52.0,22,1.72,0,0,154.53
10.76,75.0,14,2.41,0,1,457.27
9.53,54.0,27,1.98,0,0,241.21
19.98,66.0,17,3.02,1,1,787.61
13.25,76.0,44,1.74,0,0,307.19
4.07,101.0,30,1.96,1,0,208.47
18.74,73.0,37,2.89,0,0,441.3
10.53,41.0,39,3.47,1,1,433.36
7.31,67.0,36,2.42,1,0,260.45
10.01,50.0,16,2.92,0,0,293.93
12.95,96.0,24,1.6,0,0,350.19
9.23,61.0,38,1.89,0,0,218.18
6.81,53.0,1,3.31,1,0,546.67
10.56,,14,1.62,0,0,296.04
1.46,87.0,14,1.65,0,0,158.72
19.54,59.0,7,1.82,0,0,614.26
5.1,22.0,42,1.94,0,0,146.4
2.05,77.0,32,1.25,0,1,166.96
16.69,58.0,9,1.83,1,0,599.26
19.57,127.0,38,3.64,1,0,634.31
20.53,45.0,13,1.71,0,0,493.46
12.84,79.0,8,1.2,0,1,560.99
5.93,21.0,42,2.52,0,0,204.05
18.69,112.0,44,2.39,1,0,556.0
17.79,22.0,34,1.36,0,0,327.31
6.91,33.0,42,2.93,0,0,168.95
22.68,55.0,37,2.84,0,0,478.43
3.5,54.0,6,2.01,1,0,258.88
24.58,55.0,59,2.8,0,1,643.18
21.65,44.0,39,2.78,0,0,432.37
17.51,27.0,16,2.27,0,0,353.19
23.53,92.0,39,2.06,0,0,509.99
18.34,88.0,46,1.43,0,0,381.06
5.57,31.0,42,1.24,0,0,100.32
11.61,34.0,57,2.21,0,0,251.5
2.72,63.0,11,3.44,1,0,200.51
10.35,15.0,37,2.38,0,0,238.18
18.8,45.0,38,1.36,0,0,368.29
10.27,19.0,23,1.58,0,0,220.88
8.93,21.0,24,2.09,0,0,226.0
15.29,78.0,30,2.25,0,0,374.85
21.93,59.0,32,1.94,1,0,594.98
2.14,46.0,46,2.23,0,0,102.24
10.25,57.0,25,3.27,1,0,361.55
4.8,80.0,4,,1,0,379.37
17.69,21.0,54,1.49,0,0,334.06
3.54,108.0,49,2.32,1,0,190.79
16.96,82.0,12,,0,0,574.57
7.87,73.0,56,1.81,0,0,178.39
5.77,69.0,1,2.86,1,0,511.45
23.47,26.0,46,2.45,0,0,427.01
1.44,44.0,37,1.74,0,0,62.45
11.51,89.0,58,1.21,0,0,266.62
1.52,49.0,51,2.31,0,0,104.98
12.61,28.0,46,2.33,0,0,248.4
13.03,99.0,16,2.32,1,0,508.55
8.72,56.0,39,1.07,0,0,219.75
4.17,41.0,49,3.13,1,0,175.55
10.03,79.0,13,2.41,0,0,342.19
17.13,51.0,49,1.05,0,0,328.96
19.78,69.0,42,2.39,0,0,422.47
13.74,20.0,23,2.88,0,0,300.46
15.16,82.0,36,1.36,0,1,448.64
5.81,66.0,28,2.84,1,0,259.22
7.9,23.0,48,2.39,0,0,195.39
4.89,93.0,47,1.46,0,0,143.64
6.98,68.0,17,2.5,0,1,312.47
6.4,17.0,26,2.74,0,0,189.14
13.47,84.0,39,2.63,0,1,446.0
14.5,75.0,53,1.52,0,0,310.33
23.68,44.0,35,3.41,1,0,655.36
5.69,69.0,49,2.63,1,0,204.19
16.4,84.0,19,1.53,0,0,441.56
20.61,89.0,19,1.34,0,0,539.59
14.45,34.0,40,2.82,0,0,312.12
7.12,64.0,26,2.65,1,0,272.14
7.3,114.0,8,3.53,1,0,472.78
1.94,101.0,24,2.12,1,0,150.22
8.33,74.0,50,2.53,0,0,213.24
18.87,10.0,18,1.22,0,0,324.24
2.14,56.0,32,1.04,0,0,99.39
6.26,112.0,44,3.79,1,0,253.86
17.95,66.0,29,1.95,1,1,634.59
19.78,47.0,42,1.92,0,1,562.76
11.93,58.0,34,3.56,1,0,401.49
17.75,79.0,45,3.44,1,0,545.42
10.31,90.0,38,1.94,0,0,254.28
4.84,51.0,1,3.02,1,0,458.25
10.56,75.0,28,2.26,0,0,297.25
14.92,81.0,13,1.22,0,0,437.79
23.75,42.0,15,1.57,0,0,504.55
2.65,22.0,52,,0,0,87.21
13.18,82.0,14,2.56,1,0,515.83
8.89,30.0,38,1.55,0,0,195.93
13.2,92.0,43,1.5,0,1,411.78
1.58,43.0,9,1.71,0,0,131.04
8.51,39.0,37,1.76,0,0,242.49
20.68,29.0,32,1.97,0,0,394.38
14.29,91.0,57,1.35,0,1,413.26
11.81,94.0,40,2.58,0,0,338.84
7.85,75.0,35,3.52,1,0,317.44
8.15,46.0,24,2.3,1,0,282.13
10.19,,51,1.25,0,0,233.05
21.05,48.0,21,3.24,1,0,635.17
24.21,84.0,44,3.65,1,0,675.88
11.53,27.0,46,1.07,0,0,228.81
10.44,56.0,15,1.03,0,0,291.15
21.32,40.0,11,2.17,1,0,602.87
11.25,87.0,54,2.37,0,0,294.49
14.25,81.0,48,2.93,0,0,334.28
6.54,92.0,26,3.3,1,0,275.46
18.84,46.0,27,2.15,0,0,390.42
13.77,59.0,39,3.2,1,0,428.51
20.42,80.0,22,1.46,0,0,472.69
19.74,67.0,26,2.38,0,0,442.27
6.16,50.0,32,1.64,0,0,172.67
18.18,47.0,53,1.44,0,0,323.11
20.2,83.0,36,2.27,1,0,581.09
9.31,24.0,19,2.34,0,1,298.86
5.14,74.0,14,3.33,1,0,258.1
1.06,90.0,36,2.16,0,0,110.48
11.82,36.0,27,1.13,0,1,341.52
9.46,60.0,2,1.88,1,0,608.07
14.32,49.0,57,1.43,0,0,281.75
5.51,83.0,37,2.37,1,1,284.0
21.63,99.0,22,1.81,0,0,562.53
7.19,83.0,30,1.95,1,0,267.82
6.43,14.0,55,2.45,0,0,171.47
12.54,88.0,17,3.22,1,0,487.97
12.97,108.0,16,2.49,1,0,513.73
6.16,30.0,38,2.13,0,0,166.65
7.52,17.0,24,1.2,0,0,176.16
5.07,75.0,39,1.83,0,0,160.65
18.24,46.0,20,2.72,0,0,426.41
19.48,23.0,5,2.32,0,0,510.58
12.1,43.0,53,1.21,0,0,244.13
18.14,69.0,48,2.7,0,1,529.34
18.66,70.0,55,2.36,0,1,530.53
4.32,85.0,36,2.71,1,0,191.0
24.19,60.0,46,3.18,1,0,655.39
20.7,57.0,7,2.15,1,0,770.14
5.91,70.0,35,2.1,0,0,167.95
5.47,78.0,50,2.24,0,0,174.62
4.02,43.0,52,2.86,0,1,177.84
4.32,121.0,20,1.93,1,0,231.77
18.96,63.0,28,1.75,0,0,435.34
12.27,99.0,32,2.87,0,0,323.22
19.79,38.0,37,1.43,0,0,392.83
18.91,50.0,28,2.63,0,0,441.95
15.51,79.0,54,1.0,0,0,326.98
17.47,99.0,7,1.05,0,0,718.89
1.44,67.0,50,1.66,0,0,118.98
8.48,91.0,53,2.54,0,0,248.58
16.31,39.0,28,1.21,0,0,300.48
1.22,42.0,50,1.77,0,0,73.32
1.79,102.0,47,2.06,1,0,136.72
21.45,99.0,12,1.45,0,0,643.46
17.42,95.0,48,2.01,0,0,382.09
7.37,73.0,8,2.44,1,0,398.32
17.51,88.0,1,2.22,1,0,1044.84
20.02,21.0,10,1.79,0,0,408.78
8.36,31.0,16,2.4,0,1,299.99
1.86,124.0,30,2.04,1,0,164.99
23.39,33.0,30,1.96,0,0,460.76
9.28,95.0,23,2.35,1,0,358.15
3.56,34.0,8,1.76,0,0,157.66
12.8,105.0,24,3.44,1,0,490.54
19.44,10.0,52,2.86,0,0,371.39
6.32,113.0,46,2.29,1,0,244.29
7.47,43.0,20,2.26,0,0,208.27
6.83,44.0,2,3.15,1,0,418.65
24.8,26.0,36,,0,0,473.68
5.74,10.0,39,2.8,0,0,172.42
14.81,87.0,44,1.94,0,0,344.27
23.21,60.0,18,3.77,1,0,755.62
4.53,15.0,35,2.94,0,0,157.79
24.3,84.0,49,2.01,0,0,520.73
23.74,48.0,43,2.08,0,0,469.13
22.23,98.0,28,3.14,1,0,700.36
6.15,29.0,9,1.75,0,0,188.69
16.22,93.0,18,2.32,0,0,444.38
19.26,124.0,31,2.83,1,0,632.75
24.66,103.0,30,1.87,1,0,696.37
5.33,33.0,21,2.71,0,0,165.57
19.38,50.0,24,2.88,0,0,402.2
9.13,99.0,5,1.05,0,0,520.57
5.22,76.0,20,2.58,0,0,192.79
11.11,47.0,47,1.77,0,0,219.54
20.05,47.0,27,2.17,0,0,423.05
12.16,67.0,5,2.8,1,1,714.42
13.9,19.0,53,2.1,0,0,295.01
24.88,63.0,1,2.79,1,0,1402.77
10.58,71.0,52,2.71,0,0,253.02
15.77,61.0,48,2.37,0,0,342.54
9.77,80.0,27,1.83,0,0,263.85
10.43,126.0,25,3.18,1,0,416.74
17.7,96.0,35,2.93,0,0,428.57
23.51,33.0,9,1.16,0,0,532.79
14.02,59.0,31,1.78,0,0,317.63
19.44,,33,2.74,0,0,493.96
3.14,47.0,17,2.48,0,0,146.24
6.07,108.0,39,3.67,1,1,345.87
13.05,57.0,29,1.88,1,1,465.66
1.48,81.0,13,2.73,0,0,138.59
7.07,88.0,44,3.38,1,0,266.31
13.42,26.0,22,2.63,0,0,284.96
1.36,115.0,9,2.99,1,1,242.4
7.35,95.0,28,1.1,0,0,209.51
13.34,92.0,25,2.88,1,0,460.58
14.76,45.0,47,2.62,1,0,405.31
23.22,105.0,41,2.85,1,0,668.41
16.49,14.0,11,2.48,0,0,343.28
10.95,11.0,13,2.19,0,0,244.7
23.33,101.0,10,2.39,1,0,939.12
19.84,44.0,28,3.0,1,0,557.41
5.8,40.0,36,1.17,0,1,208.56
4.14,90.0,27,1.01,0,1,206.47
17.22,72.0,59,1.8,0,0,359.05
14.44,83.0,24,2.51,0,0,346.13
19.95,115.0,39,3.45,1,0,597.85
18.73,57.0,49,2.9,1,1,648.32
16.01,86.0,40,2.74,0,0,409.19
24.67,96.0,40,2.05,1,0,664.83
13.81,81.0,13,2.93,0,0,460.56
3.71,71.0,18,2.84,0,0,158.33
20.88,13.0,47,2.2,0,1,519.04
7.04,101.0,14,1.92,1,0,338.07
19.66,85.0,7,,1,0,892.09
23.97,80.0,21,1.36,0,0,557.41
17.72,30.0,26,2.26,0,1,503.18
15.3,,9,1.38,0,0,463.85
12.05,54.0,40,1.96,0,0,253.46
9.75,88.0,36,1.41,0,0,241.84
9.47,31.0,33,1.36,0,0,215.45
16.27,104.0,39,2.3,1,0,485.34
19.03,15.0,16,1.06,0,1,485.27
17.28,74.0,39,2.43,0,0,389.64
5.76,92.0,8,1.61,0,0,305.09
12.86,36.0,21,2.4,0,0,299.38
20.0,19.0,25,2.31,0,1,516.7
12.42,64.0,22,1.13,0,0,304.65
13.88,87.0,51,1.62,0,0,296.96
19.51,73.0,33,2.93,1,0,553.9
16.87,50.0,13,2.84,0,0,449.92
10.82,41.0,18,1.8,0,0,244.68
22.49,106.0,48,2.81,1,0,651.47
4.9,60.0,58,2.5,0,0,154.88
24.89,89.0,46,2.61,0,0,543.79
3.85,48.0,46,2.85,0,0,122.35
1.36,14.0,55,1.99,0,0,77.86
22.36,67.0,28,1.39,0,0,465.26
6.88,26.0,17,2.53,0,0,221.64
18.51,62.0,29,2.05,1,1,665.91
20.46,129.0,10,2.64,1,1,1135.13
21.62,55.0,47,2.26,0,1,607.21
24.8,16.0,8,2.38,0,0,524.93
8.06,71.0,7,2.47,0,0,360.67
18.05,16.0,38,1.39,0,0,318.21
3.77,24.0,19,2.96,0,1,189.54
10.76,39.0,35,1.36,0,0,236.09
21.35,29.0,5,1.19,0,0,535.28
9.82,76.0,5,2.33,0,0,477.64
15.19,95.0,37,2.82,0,1,486.35
13.09,63.0,30,2.12,0,0,306.16
16.5,59.0,57,2.19,0,0,356.38
24.35,80.0,46,2.08,0,0,509.35
2.34,58.0,5,1.09,0,0,185.1
14.78,59.0,20,,0,0,371.3
21.71,12.0,41,1.72,0,0,383.73
12.55,73.0,56,2.87,0,0,275.31
2.88,55.0,54,1.37,0,0,104.24
14.45,90.0,39,1.6,0,0,329.01
8.97,61.0,2,2.81,1,0,613.99
4.72,61.0,51,1.95,0,0,134.8
21.38,46.0,39,1.8,0,0,410.18
13.52,69.0,55,1.63,0,0,278.03
23.4,76.0,6,1.29,0,1,1026.82
20.34,57.0,48,2.64,0,0,411.92
17.63,69.0,47,2.7,1,0,487.77
1.12,127.0,12,2.95,1,0,197.87
11.27,52.0,14,2.09,0,0,304.2
5.74,19.0,14,2.15,0,1,237.74
22.86,80.0,49,2.41,0,0,465.74
5.19,89.0,16,2.26,0,0,220.85
7.87,41.0,33,2.35,1,0,252.79
13.4,81.0,28,2.11,0,0,338.72
7.32,88.0,52,1.49,0,0,183.05
6.04,76.0,26,2.18,0,0,208.33
15.38,93.0,45,1.86,0,1,455.06
3.13,85.0,1,1.88,1,0,344.59
2.4,80.0,16,3.27,1,0,192.45
9.93,43.0,1,2.35,1,0,623.62
18.3,96.0,45,2.84,0,1,587.92
14.32,17.0,22,1.56,0,0,309.23
11.15,49.0,24,3.79,1,0,379.5
14.58,44.0,40,2.73,1,0,410.27
9.77,83.0,37,1.05,0,1,312.4
23.47,129.0,16,1.95,1,1,1066.72
2.32,89.0,10,1.16,0,1,211.79
17.16,,42,1.11,0,0,322.6
22.39,67.0,50,1.54,0,0,431.11
20.29,32.0,52,1.65,0,0,389.61
5.42,100.0,32,2.02,1,1,276.67
8.1,26.0,56,1.88,0,0,171.5
18.21,67.0,5,2.53,1,0,791.98
3.02,27.0,50,2.27,0,1,150.14
20.48,61.0,45,1.39,0,1,536.14
18.25,97.0,1,3.63,1,0,1109.95
18.51,50.0,28,2.03,0,0,385.86
3.41,114.0,2,3.05,1,0,377.02
18.23,88.0,16,1.08,0,1,597.32
17.32,10.0,14,2.12,0,0,325.65
20.94,,15,1.74,0,0,565.4
2.0,56.0,14,3.65,1,0,177.77
1.55,88.0,42,2.77,0,0,115.86
9.95,13.0,48,2.28,0,0,238.85
4.57,85.0,17,3.34,1,0,232.25
14.4,79.0,26,2.29,0,0,363.69
23.02,45.0,39,1.83,1,0,570.57
10.4,92.0,26,2.41,0,0,298.29
21.28,32.0,43,1.35,0,0,358.05
1.01,10.0,45,2.37,0,1,118.31
5.04,82.0,7,1.02,0,0,260.37
1.73,70.0,39,1.62,0,0,107.09
8.88,31.0,20,2.03,0,0,222.07
22.8,74.0,22,1.67,0,0,515.51
3.33,66.0,17,,0,0,151.95
15.55,45.0,26,2.05,0,0,319.51
11.84,34.0,59,2.92,0,0,259.23
23.52,25.0,13,1.72,0,0,463.08
3.94,65.0,1,3.24,1,0,383.75
6.09,14.0,51,2.67,0,1,219.44
1.71,31.0,13,,0,0,109.3
11.41,23.0,22,2.51,0,0,274.04
7.67,82.0,56,1.79,0,0,199.78
21.88,87.0,49,,0,0,449.15
15.52,119.0,27,1.81,1,0,512.3
15.74,109.0,32,3.29,1,0,523.86
13.77,56.0,45,2.17,1,1,525.02
3.2,10.0,26,1.1,0,0,112.83
11.68,27.0,37,1.99,0,0,218.61
24.99,114.0,48,2.49,1,0,687.41
21.05,20.0,48,2.38,0,1,550.06
22.44,51.0,23,2.01,1,0,623.96
20.76,43.0,59,1.27,0,1,502.15
3.47,119.0,10,2.61,1,0,288.66
6.46,113.0,1,2.84,1,1,507.12
1.07,17.0,40,2.65,0,0,69.53
8.28,99.0,14,2.17,0,0,347.24
3.61,51.0,36,2.81,0,0,112.97
12.35,53.0,26,2.24,1,0,380.15
17.25,90.0,8,2.99,1,0,750.2
21.99,18.0,24,2.31,0,0,434.31
18.98,92.0,22,2.45,0,0,510.01
23.53,77.0,1,3.78,1,0,1325.68
2.29,38.0,10,1.94,0,0,121.84
1.29,68.0,12,2.54,1,0,159.77
16.87,67.0,26,3.5,1,0,517.35
7.94,127.0,3,2.15,1,0,596.18
7.08,,30,1.07,0,0,218.56
8.94,92.0,49,1.89,0,0,262.96
7.48,15.0,55,1.49,0,0,152.21
13.27,41.0,36,2.59,1,0,395.3
11.56,62.0,52,2.97,0,1,353.83
13.3,40.0,23,1.7,0,0,314.36
17.15,46.0,10,2.42,0,1,584.01
10.29,65.0,6,1.5,0,1,485.57
7.03,79.0,22,2.41,1,0,277.26
4.99,51.0,42,2.29,1,0,200.26
9.39,64.0,24,2.14,0,0,270.63
18.8,66.0,18,1.45,0,0,444.2
19.16,84.0,27,3.24,1,0,596.44
17.01,34.0,8,2.36,0,0,451.96
6.62,51.0,57,1.84,0,0,178.36
15.11,27.0,32,1.05,0,0,282.27
14.7,39.0,41,1.05,0,0,283.01
12.62,27.0,46,2.07,0,0,278.32
14.2,16.0,34,2.68,0,0,330.08
12.8,88.0,22,2.2,0,1,463.08
14.57,39.0,13,1.87,0,0,340.36
18.17,14.0,11,2.76,0,0,375.31
3.63,108.0,30,2.19,1,0,187.49
18.99,42.0,57,1.72,0,0,346.94
4.26,15.0,19,2.13,0,1,197.45
2.6,57.0,31,1.58,0,0,146.57
24.43,43.0,43,3.8,1,1,840.23
23.97,22.0,9,1.9,0,0,513.28
2.45,65.0,37,1.9,1,0,157.1
11.64,58.0,42,1.35,0,0,264.62
5.47,29.0,9,2.06,0,0,165.75
12.65,41.0,26,2.1,0,0,282.74
20.92,74.0,27,2.97,0,0,500.33
23.81,98.0,17,2.2,0,0,660.93
16.22,98.0,10,2.33,0,0,592.6
9.49,62.0,51,1.43,0,0,209.39
15.48,74.0,49,1.21,0,0,301.91
8.49,42.0,39,3.0,1,0,295.6
22.84,60.0,36,3.53,1,0,655.22
21.89,,38,2.17,0,0,460.89
14.4,34.0,6,1.89,0,0,393.77
8.8,94.0,13,2.16,0,0,326.87
8.04,76.0,26,1.94,0,0,254.74
1.8,44.0,30,1.28,0,0,95.81
20.58,95.0,24,,0,0,535.49
11.81,32.0,14,2.07,0,0,279.88
8.8,52.0,15,2.6,1,1,412.07
12.31,32.0,15,2.12,0,0,320.06
20.65,72.0,57,1.48,0,0,403.27
3.99,92.0,44,1.86,0,1,212.22
21.58,54.0,15,3.04,1,0,675.55
22.54,118.0,12,2.25,1,0,910.36
23.72,35.0,6,,0,0,633.97
10.54,76.0,57,2.04,0,0,253.86
6.21,90.0,40,2.72,0,0,178.55
9.97,70.0,33,2.69,0,1,370.49
8.99,37.0,54,1.99,0,0,210.65
5.23,73.0,16,2.19,1,0,258.0
15.57,25.0,20,2.47,0,0,336.46
12.44,52.0,28,1.84,0,0,317.85
21.78,50.0,1,2.99,1,1,1250.61
1.77,63.0,25,2.01,1,0,143.05
16.45,96.0,30,2.26,0,0,422.18
19.31,34.0,11,1.75,0,0,439.78
19.23,86.0,40,1.67,0,0,414.67
22.27,28.0,41,2.96,0,1,597.27
18.5,73.0,12,2.66,1,0,659.7
23.27,105.0,21,3.16,1,0,805.02
8.98,111.0,24,3.06,1,0,372.62
13.08,14.0,14,1.21,0,0,242.17
1.34,114.0,35,3.3,1,0,146.12
1.17,75.0,35,,0,0,107.77
6.76,63.0,20,2.6,0,1,286.08
3.42,33.0,23,2.22,0,0,141.94
7.25,85.0,53,,0,1,272.26
5.25,119.0,30,2.51,1,0,276.02
1.68,60.0,37,2.46,0,0,91.19
22.82,33.0,10,2.1,0,0,504.68
1.2,59.0,20,2.34,0,1,121.27
18.67,93.0,39,2.12,1,1,690.17
4.65,26.0,8,2.57,0,0,180.5
22.89,93.0,56,1.64,0,0,480.83
22.43,74.0,3,3.04,1,0,1233.04
16.69,39.0,29,1.23,0,0,335.69
17.13,56.0,27,1.64,0,0,380.15
1.13,51.0,8,2.3,0,1,172.84
24.64,31.0,9,1.55,0,0,529.72
22.07,70.0,20,3.56,1,1,881.63
22.48,60.0,31,2.32,0,0,496.51
16.82,76.0,1,3.54,1,0,1002.38
9.27,97.0,25,1.79,0,0,276.31
22.45,127.0,19,1.87,1,0,815.12
8.0,22.0,15,2.15,0,0,193.23
14.51,98.0,35,1.68,0,1,469.6
3.39,40.0,21,1.9,0,0,136.7
23.13,23.0,11,2.36,0,0,502.02
4.38,93.0,45,2.4,0,0,139.45
6.4,48.0,31,1.06,0,0,160.2
14.4,98.0,53,2.54,0,0,331.93
19.34,47.0,55,1.99,0,0,359.79
15.86,84.0,17,2.11,0,0,458.7
6.57,27.0,59,1.6,0,0,159.33
1.02,78.0,25,2.64,1,0,124.65
19.17,92.0,8,2.42,0,0,734.95
24.64,106.0,3,3.35,1,0,1375.17
20.44,50.0,47,1.77,0,0,384.76
12.04,85.0,39,3.18,1,0,397.97
22.69,58.0,34,1.52,0,0,463.17
10.84,66.0,18,3.46,1,1,498.23
13.6,32.0,52,2.22,0,0,250.22
12.45,74.0,36,3.35,1,0,387.35
11.74,52.0,1,2.75,1,0,770.34
19.6,35.0,7,1.46,0,0,510.12
13.64,87.0,57,1.86,0,0,332.41
8.6,74.0,49,2.56,1,0,274.84
7.2,50.0,58,1.67,0,0,184.15
1.91,15.0,43,1.42,0,0,83.01
15.0,81.0,33,2.52,0,0,361.43
6.52,61.0,25,1.17,0,0,193.77
4.56,92.0,6,3.58,1,0,369.79
16.69,88.0,22,1.35,0,0,398.98
17.35,17.0,9,2.96,0,0,390.65
19.05,56.0,27,2.98,0,0,443.73
13.09,89.0,21,1.8,0,0,368.26
22.46,103.0,31,3.78,1,0,736.05
23.47,43.0,56,2.74,0,1,626.0
20.38,38.0,35,1.16,0,0,364.92
16.25,44.0,16,2.89,0,0,403.03
8.29,87.0,49,1.89,1,0,273.05
24.59,83.0,52,1.36,0,0,498.12
7.58,74.0,52,2.17,0,0,208.32
5.86,78.0,26,1.16,0,0,192.15
11.61,76.0,43,1.32,0,0,258.43
2.36,23.0,56,2.91,0,0,77.87
24.48,55.0,49,2.99,0,0,485.79
15.12,66.0,1,3.4,1,0,946.96
14.37,85.0,45,2.83,1,0,440.29
16.74,68.0,14,3.6,1,0,654.73
12.93,10.0,20,1.22,0,0,242.84
1.77,91.0,14,2.89,0,0,155.82
15.7,12.0,16,1.7,0,0,321.38
18.19,65.0,1,3.52,1,0,1091.97
11.0,30.0,27,2.34,0,0,249.71
19.18,63.0,19,3.72,1,0,623.08
6.45,54.0,25,,0,0,201.37
6.31,123.0,13,3.58,1,1,428.8
4.87,38.0,57,2.26,0,1,207.86
9.93,27.0,38,2.67,0,0,226.72
21.33,12.0,44,,0,0,395.13
20.87,90.0,14,2.12,1,0,759.28
10.19,57.0,35,3.1,1,0,318.8
15.14,76.0,1,2.1,1,0,916.2
18.3,72.0,11,2.74,0,0,568.21
6.79,124.0,1,1.93,1,0,541.65
5.04,28.0,47,2.97,0,0,141.0
24.33,32.0,48,1.8,0,0,422.36
15.82,93.0,49,1.34,0,0,313.31
24.55,64.0,8,2.87,0,0,766.17
9.11,33.0,38,1.09,0,0,202.72
17.87,122.0,1,2.74,1,0,1050.17
6.34,35.0,25,2.54,0,0,161.15
7.27,63.0,48,1.63,0,0,193.8
13.29,98.0,46,2.06,0,0,309.62
8.67,42.0,56,2.4,0,0,204.93
5.02,97.0,8,2.9,0,0,308.55
7.31,66.0,53,1.21,0,1,251.36
1.86,18.0,16,1.31,0,0,88.54
17.91,73.0,55,2.02,0,1,501.92
12.81,84.0,25,1.84,0,0,359.48
3.26,94.0,51,1.82,0,0,150.73
5.12,68.0,38,1.59,0,1,186.49
3.46,90.0,11,2.12,0,0,203.61
15.7,25.0,55,2.77,0,1,415.19
3.26,14.0,44,1.32,0,0,129.17
19.1,53.0,54,1.43,0,0,359.19
1.49,55.0,50,2.34,0,0,121.69
6.99,19.0,44,1.11,0,0,186.86
22.38,116.0,15,3.15,1,0,887.61
18.24,67.0,29,1.63,0,0,397.59
2.75,109.0,1,2.52,1,0,336.46
20.71,103.0,21,2.61,1,0,712.94
12.83,119.0,29,2.5,1,0,453.52
21.32,79.0,48,2.68,0,0,456.82
15.42,99.0,1,3.69,1,0,928.92
17.36,34.0,21,2.1,0,1,490.98
24.84,96.0,9,2.16,0,0,846.15
6.58,20.0,48,1.14,0,0,160.02
15.97,124.0,26,3.23,1,0,563.86
12.05,,22,2.17,0,0,336.67
1.95,65.0,39,1.9,1,0,138.0
1.35,50.0,45,1.4,0,0,130.2
3.86,92.0,29,2.2,1,0,214.72
16.58,114.0,30,2.14,1,1,655.34
14.61,63.0,36,3.12,1,0,462.34
14.28,90.0,14,2.86,0,0,479.4
1.76,112.0,1,3.33,1,1,278.98
12.26,111.0,12,2.75,1,0,569.85
23.19,16.0,39,1.81,0,0,373.79
10.54,96.0,47,1.77,0,0,246.55
16.0,112.0,16,3.0,1,0,635.82
19.72,92.0,59,1.72,0,0,409.71
19.81,103.0,1,,1,0,1147.78
13.46,81.0,51,2.21,0,1,409.01
21.59,55.0,28,1.78,0,1,617.6
10.39,87.0,36,1.03,0,1,333.64
22.33,,53,1.04,0,0,418.99
6.77,80.0,38,1.55,0,0,201.99
7.73,45.0,31,2.82,1,0,269.69
2.27,39.0,53,1.71,0,0,68.85
20.09,55.0,5,1.85,1,0,809.0
11.01,96.0,4,,1,0,738.65
6.5,74.0,27,1.19,0,0,180.59
6.56,70.0,55,2.9,0,0,196.41
22.63,26.0,42,1.63,0,1,583.07
21.01,72.0,14,1.03,0,0,558.64
14.28,16.0,47,2.32,0,0,294.54
15.79,44.0,11,1.46,0,0,413.39
12.38,108.0,42,2.93,1,0,423.19
10.4,39.0,57,1.3,0,0,224.09
22.97,53.0,17,2.97,0,0,570.53
4.01,119.0,17,3.74,1,0,282.9
11.04,45.0,5,3.11,1,0,473.39
9.27,119.0,29,3.21,1,0,367.14
12.96,95.0,2,2.65,1,0,839.27
11.98,17.0,27,2.92,0,0,251.68
13.45,123.0,30,2.65,1,1,578.94
4.36,59.0,1,2.28,1,0,391.12
13.32,82.0,14,1.23,0,0,393.06
6.82,39.0,16,1.42,0,0,197.55
5.42,71.0,35,2.14,0,0,206.97
2.56,86.0,15,1.49,0,0,170.65
19.3,35.0,41,2.31,0,0,385.25
11.26,75.0,30,1.76,0,1,343.66
16.04,70.0,9,2.77,0,1,673.2
18.46,70.0,55,2.12,0,0,376.31
17.3,54.0,51,2.25,0,1,484.94
12.29,85.0,1,2.91,1,0,778.01
10.31,33.0,40,2.77,0,0,220.21
10.02,86.0,11,1.13,0,0,325.72
16.36,25.0,43,1.13,0,1,399.95
12.88,91.0,46,2.4,0,0,328.52
21.38,25.0,40,2.54,0,0,404.21
21.99,75.0,54,1.87,0,0,443.95
5.09,40.0,48,2.5,1,0,201.8
4.27,83.0,10,1.56,0,0,216.38
16.13,34.0,25,1.47,0,0,304.43
8.23,23.0,5,2.82,0,0,253.7
1.45,90.0,6,1.59,0,0,187.83
22.33,121.0,49,3.1,1,0,649.76
6.45,16.0,7,2.57,0,0,180.71
23.3,60.0,33,1.84,1,0,591.1
18.22,58.0,38,1.07,0,1,475.61
19.3,43.0,8,2.47,1,0,617.32
5.84,51.0,19,3.19,1,0,263.29
6.62,61.0,31,2.32,1,0,220.49
13.51,73.0,31,1.8,1,0,398.08
5.13,35.0,20,1.58,0,0,157.6
8.33,67.0,9,1.98,1,1,467.37
8.72,28.0,52,1.44,0,0,191.5
4.83,70.0,18,2.47,1,0,227.62
5.92,23.0,45,1.26,0,0,131.3
19.93,96.0,12,2.41,0,0,680.22
5.01,120.0,48,2.31,1,0,239.93
1.68,32.0,6,2.32,0,1,161.76
16.1,90.0,46,2.2,0,0,353.87
24.42,47.0,20,3.6,1,0,703.61
8.95,47.0,22,1.18,0,0,226.56
3.85,19.0,22,1.43,0,0,110.4
14.69,39.0,23,2.73,0,0,345.16
22.75,16.0,41,2.64,0,0,427.49
19.82,11.0,37,1.38,0,0,345.88
15.94,31.0,36,1.22,0,0,292.99
8.56,14.0,29,2.71,0,0,201.64
14.01,76.0,31,1.36,0,0,309.56
3.19,82.0,25,2.74,0,0,152.06
17.29,108.0,17,3.72,1,0,665.06
18.4,65.0,15,1.44,0,0,466.34
24.16,59.0,15,3.48,1,0,783.26
7.25,79.0,47,1.85,0,0,192.65
1.44,77.0,35,2.58,0,0,101.4
14.09,66.0,39,1.81,0,0,306.99
17.96,60.0,29,1.94,1,0,520.89
19.97,56.0,10,3.23,1,0,697.85
5.65,118.0,46,2.1,1,0,229.89
7.28,36.0,51,2.85,0,1,241.71
13.3,78.0,25,2.64,1,0,430.89
8.93,92.0,17,1.16,0,0,301.08
21.65,106.0,36,2.26,1,0,667.65
12.37,95.0,23,2.73,0,0,357.54
20.19,79.0,14,1.64,0,0,559.49
14.93,78.0,52,2.71,0,0,368.02
19.55,22.0,42,1.34,0,0,358.4
8.98,59.0,9,1.94,0,1,406.69
20.95,19.0,51,2.76,0,0,409.78
7.59,65.0,53,1.1,0,0,186.17
14.11,83.0,1,2.41,1,1,859.68
6.14,37.0,44,2.82,0,0,168.41
12.41,124.0,6,2.99,1,0,807.6
8.64,76.0,39,3.23,1,0,302.47
7.4,75.0,35,3.48,1,1,359.08
24.21,95.0,20,2.85,1,1,951.16
4.84,116.0,41,3.49,1,0,232.11
19.9,66.0,47,2.28,0,1,533.78
24.62,45.0,19,2.37,0,0,553.57
1.48,10.0,36,1.31,0,0,74.92
17.78,52.0,33,2.88,0,0,417.41
7.07,18.0,58,2.59,0,1,245.66
1.97,93.0,34,1.51,0,0,139.86
10.67,90.0,33,2.16,0,0,271.04
23.45,106.0,21,2.55,1,0,807.88
1.28,41.0,19,2.32,0,0,113.56
15.11,79.0,40,2.99,0,0,379.74
13.03,67.0,32,1.09,0,0,322.01
21.96,61.0,20,2.91,0,0,546.63
3.02,109.0,4,1.94,1,0,349.67
17.36,98.0,38,1.92,0,0,379.64
17.32,37.0,16,1.96,0,0,398.77
17.06,74.0,29,,0,0,379.16
23.62,49.0,12,2.13,0,1,749.36
20.75,89.0,57,2.67,0,0,451.94
2.01,29.0,58,1.59,0,0,79.36
12.31,97.0,53,1.14,0,1,385.51
10.55,88.0,36,2.26,0,0,279.67
8.44,49.0,18,3.3,1,1,405.47
11.83,85.0,9,2.91,0,0,478.4
10.22,71.0,23,1.32,0,0,270.61
11.38,46.0,15,2.8,0,0,337.89
24.5,69.0,21,1.96,0,0,554.91
3.13,116.0,22,2.27,1,1,226.48
23.13,76.0,28,2.93,0,0,545.25
12.53,91.0,32,2.28,1,0,406.58
15.97,44.0,16,2.47,0,0,391.21
20.92,101.0,25,3.37,1,0,678.78
9.65,21.0,11,1.86,0,0,229.52
11.33,38.0,52,2.38,0,0,268.41
10.83,39.0,7,2.14,0,1,412.42
9.99,31.0,16,1.38,0,1,327.9
23.21,90.0,30,2.52,0,0,527.83
20.89,62.0,44,2.86,0,1,592.64
3.62,61.0,1,2.78,1,0,367.09
3.59,69.0,51,2.99,0,0,169.6
11.27,58.0,57,1.86,0,1,347.09
3.37,88.0,32,2.76,1,0,159.68
15.86,16.0,33,2.35,0,1,430.67
4.45,85.0,34,2.17,1,0,216.55
13.54,20.0,48,2.8,0,0,275.48
1.17,25.0,49,2.6,0,0,87.63
8.6,63.0,25,2.74,0,1,333.97
17.25,96.0,43,3.02,1,0,535.04
12.62,75.0,43,3.57,1,0,377.76
24.48,90.0,23,3.16,1,0,750.09
21.98,31.0,58,2.02,0,0,413.39
9.62,76.0,23,3.66,1,0,402.63
2.09,12.0,50,1.88,0,0,97.61
21.3,44.0,30,2.0,0,0,418.22
22.87,77.0,10,2.14,1,0,848.92
20.7,64.0,15,2.9,0,0,542.42
4.07,50.0,42,1.44,0,0,127.9
24.95,47.0,30,1.4,0,0,472.87
7.21,127.0,24,2.0,1,0,326.49
18.38,43.0,46,1.91,0,0,339.6
22.79,20.0,43,1.55,0,1,565.83
6.66,118.0,17,3.28,1,0,349.03
22.8,23.0,13,1.62,0,0,453.52
8.43,90.0,32,2.44,0,0,240.51
24.43,30.0,26,1.39,0,0,446.23
7.75,67.0,36,2.26,1,1,337.09
23.88,95.0,32,2.61,0,0,556.59
2.29,69.0,16,1.74,0,0,134.64
18.02,43.0,23,1.22,0,0,375.32
13.77,74.0,48,2.92,0,0,317.88
12.47,96.0,23,1.35,0,1,438.84
6.36,13.0,51,1.3,0,0,118.6
17.93,65.0,24,1.72,0,0,391.98
5.58,109.0,32,1.99,1,0,237.14
14.27,119.0,41,2.11,1,1,528.32
7.08,49.0,14,3.49,1,0,290.98
23.93,44.0,52,1.34,0,1,610.19
1.69,97.0,6,,0,0,226.86
5.79,19.0,27,2.76,0,0,164.13
6.82,115.0,12,2.69,1,0,411.27
10.94,72.0,25,1.31,0,1,368.33
6.59,64.0,25,2.96,1,0,249.74
12.79,83.0,9,1.08,0,1,552.35
21.94,98.0,12,1.85,0,0,712.03
18.09,41.0,47,2.18,0,0,363.99
14.92,65.0,19,2.91,0,0,411.92
3.14,35.0,41,1.65,0,0,112.56
17.66,77.0,18,2.53,0,0,489.23
4.99,82.0,32,1.27,0,1,213.28
19.87,36.0,14,1.87,0,0,436.96
7.0,82.0,10,1.45,0,0,276.61
11.01,129.0,40,2.78,1,0,391.89
9.41,20.0,24,1.83,0,0,227.05
21.61,62.0,8,2.96,0,0,661.66
4.04,41.0,50,2.83,0,0,140.49
14.58,98.0,1,2.96,1,0,903.99
4.41,39.0,35,1.35,0,0,125.43
17.92,48.0,44,2.91,1,0,488.31
22.72,20.0,24,2.58,0,0,423.18
11.43,96.0,47,1.08,0,0,283.28
12.71,26.0,29,1.87,0,0,266.55
23.26,20.0,29,1.09,0,0,407.63
13.5,66.0,16,1.49,0,0,356.66
12.7,95.0,52,1.18,0,0,265.8
14.88,59.0,24,2.92,0,0,339.12
17.54,82.0,45,1.34,0,0,376.63
3.57,120.0,47,2.1,1,0,194.65
20.71,62.0,47,2.94,0,0,450.64
11.45,98.0,32,2.03,0,0,315.42
2.74,119.0,25,3.32,1,0,206.03
19.87,75.0,13,1.65,0,0,551.04
10.05,52.0,13,2.07,0,0,310.94
3.41,78.0,33,1.81,1,0,188.99
16.21,51.0,13,1.82,0,0,439.83
22.12,115.0,27,2.91,1,1,873.55
22.31,43.0,40,2.03,0,1,582.16
23.98,34.0,42,1.81,0,1,614.16
21.82,87.0,26,2.58,0,0,521.99
1.05,18.0,47,2.0,0,0,84.5
10.13,21.0,53,2.27,0,0,228.59
20.65,19.0,5,,0,0,482.4
9.79,127.0,8,3.52,1,0,594.92
15.44,73.0,11,2.53,1,0,563.23
15.55,115.0,18,2.76,1,0,591.3
9.76,65.0,43,2.5,1,0,309.76
22.71,44.0,13,2.78,0,1,718.45
13.08,116.0,4,3.6,1,1,847.58
12.15,92.0,22,1.45,0,0,347.5
24.94,65.0,13,2.51,0,0,650.15
12.84,116.0,7,2.01,1,0,725.64
5.28,65.0,47,1.06,0,0,137.47
13.31,125.0,28,3.47,1,0,506.24
20.54,57.0,8,1.26,0,1,732.42
19.64,32.0,47,1.31,0,0,354.46
19.93,74.0,35,2.21,0,0,425.04
17.99,17.0,35,2.63,0,1,481.92
7.1,52.0,21,2.18,1,0,300.63
21.69,88.0,35,2.03,1,0,620.59
22.44,19.0,29,1.15,0,1,537.97
5.66,12.0,28,1.05,0,0,116.21
4.13,37.0,16,1.23,0,0,146.28
24.41,66.0,15,3.69,1,0,801.33
21.84,94.0,21,1.19,0,0,530.17
22.44,50.0,1,3.0,1,0,1289.32
22.27,97.0,32,2.84,0,0,553.45
14.0,51.0,8,3.06,1,0,516.6
16.51,16.0,56,1.07,0,1,431.1
14.09,51.0,13,2.19,0,0,389.17
2.23,19.0,8,2.81,0,0,124.42
18.89,100.0,1,,1,0,1096.83
13.13,103.0,43,2.43,1,0,398.61
16.55,37.0,17,1.5,0,1,497.09
13.06,35.0,25,2.01,0,0,300.91
12.8,91.0,8,2.28,1,0,591.26
5.12,113.0,12,3.25,1,0,328.88
7.69,13.0,13,2.29,0,0,178.14
4.81,31.0,30,1.8,0,0,173.76
5.7,19.0,46,2.45,0,0,154.65
24.35,43.0,38,2.0,1,0,620.83
4.67,16.0,31,2.5,0,0,146.47
7.46,72.0,45,2.21,0,1,274.81
15.17,96.0,25,,0,0,400.43
15.64,76.0,34,1.13,0,0,353.39
4.7,97.0,48,2.24,0,0,171.14
20.05,39.0,14,1.99,0,0,433.12
19.84,85.0,36,1.97,0,0,428.18
6.7,60.0,1,2.44,1,0,524.26
7.93,87.0,20,1.82,1,0,347.06
23.51,26.0,28,1.85,0,0,457.35
20.82,76.0,45,1.8,0,0,416.06
17.75,88.0,56,1.85,0,0,329.11
2.97,48.0,40,3.02,1,0,141.55
11.04,79.0,8,2.4,1,1,599.88
14.42,125.0,39,2.34,1,0,464.37
5.5,98.0,20,2.8,1,0,265.22
11.76,78.0,40,2.18,0,0,301.04
15.42,50.0,11,2.13,0,0,405.94
8.86,77.0,41,2.76,0,0,238.96
19.74,87.0,30,3.34,1,0,635.63
21.17,70.0,54,1.1,0,0,420.1
8.77,44.0,1,2.93,1,0,589.13
21.13,46.0,23,2.64,1,0,568.01
3.49,114.0,14,2.52,1,0,253.26
21.11,15.0,46,2.92,0,0,430.54
4.67,38.0,44,1.91,0,0,145.44
2.99,90.0,49,3.24,1,1,190.07
16.4,90.0,56,2.93,0,0,375.04
12.33,37.0,59,1.3,0,0,228.66
22.79,96.0,3,1.91,1,1,1303.86
9.72,102.0,25,2.43,1,0,366.89
7.89,47.0,25,1.09,0,0,196.77
13.02,122.0,29,2.03,1,0,464.51
11.94,58.0,33,,0,0,311.39
9.27,21.0,22,2.92,0,0,209.66
17.65,54.0,56,2.38,0,0,357.16
19.23,122.0,24,3.31,1,1,819.28
21.47,54.0,17,1.28,0,1,637.77
24.35,14.0,15,2.19,0,0,464.85
7.4,74.0,29,1.31,0,0,210.3
18.19,74.0,20,2.56,1,0,585.44
10.46,44.0,24,1.69,0,0,241.98
17.25,40.0,29,2.23,0,0,351.51
12.42,45.0,14,1.16,0,0,276.78
24.85,49.0,57,1.21,0,1,601.67
18.49,49.0,17,2.22,0,0,423.88
23.86,100.0,26,3.07,1,0,755.48
21.04,21.0,39,1.68,0,0,359.1
22.67,121.0,48,2.09,1,0,634.55
20.55,22.0,29,2.77,0,0,405.05
12.02,39.0,28,1.11,0,0,239.18
7.04,49.0,33,2.43,0,0,169.37
9.89,26.0,39,1.28,0,0,220.93
1.49,112.0,46,3.07,1,0,144.84
13.58,61.0,46,3.13,1,0,417.74
13.12,65.0,53,2.61,0,0,316.65
13.61,71.0,25,1.79,0,0,339.48
24.38,66.0,16,1.04,0,0,568.81
22.87,24.0,49,2.62,0,1,592.7
4.88,93.0,42,2.69,1,0,203.83
9.85,55.0,45,3.49,1,0,346.4
11.17,93.0,11,2.55,0,0,436.96
9.65,98.0,11,2.0,0,0,402.74
20.16,33.0,25,3.0,0,0,438.34
13.58,119.0,47,2.72,1,0,408.03
14.73,89.0,21,2.39,0,0,406.66
21.47,34.0,51,2.34,0,0,419.72
20.34,55.0,8,2.04,0,0,601.31
4.17,64.0,49,2.17,0,0,117.9
18.13,10.0,53,2.6,0,0,364.61
11.45,89.0,27,2.94,1,0,388.2
8.07,89.0,2,2.7,1,0,600.52
2.2,42.0,22,2.32,0,0,93.54
12.69,80.0,20,1.07,0,0,329.98
9.53,37.0,35,1.22,0,0,183.11
7.04,71.0,42,2.05,1,1,305.52
17.67,97.0,45,1.85,0,0,366.85
19.47,47.0,11,3.54,1,0,672.72
6.87,83.0,23,3.09,1,0,306.08
2.19,37.0,45,2.95,0,1,151.03
21.37,76.0,21,1.08,0,0,487.97
1.24,46.0,20,3.24,1,0,125.63
23.49,15.0,14,1.63,0,0,429.94
16.06,54.0,19,1.05,0,0,361.92
8.72,23.0,35,2.65,0,0,211.47
6.92,54.0,44,1.33,0,0,168.65
1.22,98.0,43,2.23,1,0,126.5
6.65,,12,1.68,0,0,213.13
4.31,92.0,53,2.58,0,0,151.63
15.69,85.0,39,3.05,1,0,507.43
5.0,68.0,44,1.53,0,0,146.38
13.69,128.0,1,2.14,1,0,862.27
15.16,46.0,57,1.22,0,0,299.45
8.15,91.0,19,1.3,0,0,249.76
1.84,77.0,59,2.74,0,0,116.16
1.89,104.0,18,3.65,1,0,189.91
1.63,67.0,22,3.74,1,0,150.27
18.74,50.0,10,2.67,0,0,526.12
8.63,122.0,34,3.57,1,0,354.86
20.11,54.0,1,3.43,1,0,1158.05
11.36,96.0,20,,0,0,380.28
11.87,,59,2.69,0,0,258.27
13.31,87.0,59,1.92,0,0,312.43
18.11,75.0,6,1.65,0,0,705.4
7.56,86.0,14,2.17,0,1,346.96
3.92,37.0,7,2.22,0,0,196.77
14.35,40.0,15,2.15,0,0,341.75
8.85,21.0,51,2.41,0,0,205.86
11.62,22.0,29,2.4,0,0,264.13
16.53,12.0,6,1.17,0,0,370.3
12.86,72.0,13,1.57,0,0,368.77
15.89,38.0,23,2.78,0,0,347.22
14.06,103.0,43,2.98,1,0,442.45
18.76,85.0,34,1.66,0,0,422.36
17.94,94.0,5,2.7,0,1,1010.66
13.82,75.0,27,1.5,0,0,344.42
17.29,59.0,44,1.82,0,0,361.1
21.97,119.0,1,2.35,1,0,1255.96
11.37,82.0,15,2.74,0,0,397.78
10.91,26.0,20,2.46,0,1,347.68
19.34,65.0,33,1.92,0,0,407.23
14.98,92.0,59,2.86,0,0,340.13
2.7,16.0,43,2.85,0,0,99.21
22.41,45.0,51,2.42,0,0,440.86
1.74,49.0,11,2.78,0,0,144.83
18.96,40.0,32,3.24,1,0,556.85
19.21,51.0,8,2.26,0,0,547.63
23.87,45.0,40,1.84,0,0,467.97
2.3,48.0,14,1.55,0,0,150.5
15.32,40.0,48,1.92,1,0,383.64
11.27,97.0,28,2.6,0,0,325.21
8.94,72.0,34,1.24,0,0,219.96
3.17,83.0,55,1.82,0,0,117.2
14.5,84.0,14,1.47,0,0,444.27
12.5,95.0,48,1.91,0,0,296.99
3.51,95.0,48,2.43,1,0,193.1
15.7,40.0,56,2.66,0,0,321.87
18.71,,35,3.76,1,0,555.12
19.41,50.0,11,2.88,0,0,478.19
22.73,50.0,27,3.04,1,0,631.82
10.83,15.0,24,2.96,0,1,350.82
23.87,60.0,10,1.8,0,0,653.81
21.77,103.0,16,2.84,1,0,801.09
8.12,90.0,20,1.51,0,0,256.34
4.82,117.0,10,3.6,1,0,345.69
11.45,29.0,38,1.36,0,0,229.02
10.65,43.0,17,3.02,1,0,372.63
14.82,48.0,7,2.6,0,0,497.59
15.0,86.0,16,2.99,1,0,560.34
19.0,31.0,32,1.16,0,0,331.71
13.24,51.0,23,2.22,0,0,325.81
3.52,116.0,32,3.33,1,0,211.24
21.6,118.0,36,2.18,1,0,619.12
8.43,,44,2.47,0,0,207.92
24.31,34.0,25,2.76,0,1,648.56
3.83,12.0,37,2.97,0,0,117.59
24.0,60.0,7,1.82,0,1,917.72
3.18,21.0,37,1.05,0,1,169.31
6.54,53.0,2,2.64,1,0,470.84
2.12,49.0,43,2.32,0,0,95.03
17.92,41.0,15,2.78,0,0,429.17
21.41,89.0,36,3.68,1,0,643.33
11.42,77.0,32,2.82,0,0,294.24
23.28,38.0,32,2.32,0,0,452.61
15.17,70.0,23,3.17,1,0,471.47
16.12,63.0,14,1.8,1,0,516.97
21.29,50.0,37,2.53,1,1,722.33
8.12,69.0,25,3.61,1,0,312.86
9.5,28.0,56,2.38,0,0,212.26
22.74,45.0,21,1.94,0,0,507.73
22.62,45.0,8,2.01,1,0,729.54
24.44,11.0,40,1.49,0,0,432.2
22.64,28.0,37,2.11,0,0,418.56
4.06,85.0,15,3.6,1,0,220.4
20.77,79.0,31,1.99,1,0,596.04
10.84,27.0,38,1.31,0,0,240.66
24.78,75.0,36,3.11,1,0,699.71
12.33,85.0,12,2.39,1,0,508.49
14.29,95.0,3,2.14,1,0,867.25
13.71,91.0,12,2.16,1,0,565.73
8.72,63.0,9,1.99,0,0,322.48
2.8,95.0,6,2.97,1,0,283.39
22.5,29.0,52,2.81,0,0,437.26
20.26,40.0,1,2.86,1,0,1060.04
4.35,62.0,1,3.18,1,0,413.5
19.64,47.0,25,1.36,0,1,578.38
16.02,29.0,20,2.43,0,0,329.48
10.82,13.0,40,2.3,0,0,220.89
7.1,108.0,29,2.23,1,1,360.8
21.63,45.0,14,3.14,1,0,673.66
17.8,72.0,38,1.42,0,1,528.04
14.15,99.0,38,2.19,0,0,372.01
15.63,40.0,14,3.14,1,0,509.76
3.19,72.0,16,2.39,0,1,196.08
12.37,88.0,49,2.82,0,0,282.41
5.65,89.0,55,2.9,0,1,215.52
6.0,126.0,17,3.42,1,0,331.07
16.87,125.0,27,3.56,1,0,604.72
22.87,63.0,11,1.04,0,0,591.02
10.69,78.0,55,1.73,0,0,253.79
5.99,52.0,49,1.08,0,0,173.94
16.57,44.0,1,2.25,1,0,954.63
21.91,79.0,52,1.76,0,0,462.15
18.96,75.0,54,2.74,0,0,419.5
21.85,19.0,19,2.02,0,0,402.83
13.88,75.0,5,3.1,1,0,696.32
19.05,44.0,9,1.73,0,0,497.41
4.36,54.0,18,2.21,0,0,160.89
9.36,62.0,37,3.43,1,0,316.22
10.35,101.0,44,2.4,1,0,348.7
13.27,56.0,44,2.86,0,0,347.47
23.3,25.0,13,1.43,0,0,464.11
21.98,46.0,48,2.84,0,0,415.64
4.23,51.0,36,1.06,0,0,116.8
5.15,44.0,25,2.09,0,0,152.95
9.58,49.0,29,2.97,0,0,270.52
7.98,25.0,22,2.22,0,0,206.77
15.75,108.0,5,2.91,1,1,975.96
22.67,20.0,41,2.36,0,0,406.3
24.09,60.0,35,1.58,0,0,459.22
16.69,84.0,35,1.11,0,0,371.79
21.12,89.0,45,1.5,0,0,404.91
13.6,98.0,44,1.35,0,0,335.97
6.0,89.0,12,3.65,1,0,349.88
13.59,76.0,26,2.7,0,0,354.62
14.32,106.0,11,2.44,1,0,647.36
18.82,74.0,49,2.67,0,0,414.98
6.28,21.0,27,1.42,0,1,219.8
9.84,16.0,42,1.4,0,0,203.88
9.74,52.0,32,2.54,0,0,237.96
24.03,85.0,1,2.45,1,0,1349.79
11.65,61.0,28,1.93,1,1,474.39
19.12,85.0,6,2.44,0,0,801.91
19.02,15.0,48,2.98,0,0,351.85
7.37,47.0,6,2.13,0,0,289.99
14.72,78.0,16,2.33,1,0,540.8
22.46,69.0,5,1.75,0,0,830.53
12.4,,38,2.3,0,1,409.17
23.68,71.0,41,,0,0,500.58
6.15,36.0,15,2.77,0,0,204.58
2.78,58.0,31,2.82,0,0,139.48
22.39,24.0,18,2.72,0,0,475.34
21.34,42.0,12,2.3,0,0,514.85
24.82,55.0,21,1.9,0,0,538.14
17.31,80.0,17,2.36,0,0,503.64
23.48,22.0,44,2.33,0,0,446.16
20.85,62.0,51,1.44,0,0,400.04
21.27,48.0,11,2.02,0,0,528.66
14.66,59.0,19,1.42,0,0,357.15
10.18,79.0,45,2.8,0,0,268.93
23.43,69.0,50,1.65,0,0,459.5
11.37,18.0,19,2.61,0,1,339.18
13.93,13.0,47,1.75,0,0,257.75
11.71,30.0,40,2.53,0,0,249.16
14.56,21.0,18,1.44,0,0,294.55
12.29,116.0,24,3.33,1,0,458.93
2.15,59.0,58,1.36,0,0,107.12
22.17,52.0,41,2.78,1,1,764.86
11.67,91.0,30,2.03,1,0,386.41
15.13,91.0,18,2.06,0,0,429.44
4.34,119.0,1,3.44,1,0,429.32
1.08,30.0,13,2.51,0,0,90.47
6.89,64.0,37,1.1,0,1,259.16
17.91,19.0,59,1.98,0,0,342.13
3.38,87.0,12,2.7,0,0,187.25
22.81,38.0,19,2.3,0,0,496.06
6.16,20.0,42,1.12,0,1,208.13
5.91,,33,1.65,0,0,164.48
5.36,49.0,5,2.11,0,0,232.3
1.34,58.0,42,1.35,0,0,84.96
19.52,12.0,56,2.36,0,1,486.22
22.0,40.0,21,3.07,1,0,603.96
15.74,41.0,18,1.4,0,0,327.81
5.52,48.0,12,2.1,0,0,195.79
7.85,,11,2.62,0,0,349.06
12.42,41.0,18,2.55,1,0,388.87
23.9,83.0,20,1.49,0,0,590.05
6.94,70.0,1,3.2,1,0,520.79
18.56,27.0,46,1.14,0,0,324.81
11.55,16.0,16,2.67,0,0,245.19
8.15,44.0,35,3.69,1,0,292.66
11.94,68.0,4,3.73,1,0,663.63
2.71,77.0,46,1.87,0,0,119.69
20.17,55.0,39,2.25,0,1,557.42
6.84,95.0,28,3.51,1,0,283.72
18.41,12.0,13,1.45,0,0,365.92
2.64,22.0,53,1.06,0,0,113.74
23.92,76.0,26,1.77,0,1,704.74
5.63,81.0,41,2.77,0,0,216.4
22.19,89.0,6,2.81,1,0,1071.48
20.43,13.0,40,2.06,0,0,364.11
24.23,81.0,36,3.18,1,0,716.5
12.47,85.0,36,2.15,0,0,305.76
18.46,,21,1.11,0,0,377.24
9.9,28.0,6,2.12,0,0,291.82
5.42,121.0,25,3.1,1,0,284.69
11.63,79.0,14,3.08,1,1,574.57
4.98,73.0,48,3.26,1,0,216.21
24.57,98.0,42,2.04,0,1,715.22
3.31,46.0,1,3.6,1,0,361.62
15.14,114.0,2,2.73,1,0,936.99
16.04,47.0,20,2.04,0,0,366.91
13.91,28.0,36,2.56,0,0,310.73
16.89,54.0,7,2.67,0,0,549.23
3.79,29.0,13,2.3,0,0,116.51
14.32,128.0,30,2.05,1,1,601.44
7.89,11.0,37,1.66,0,0,182.56
23.56,46.0,10,1.04,0,1,727.57
19.29,40.0,36,1.59,0,0,361.6
24.34,51.0,22,2.14,0,0,523.05
1.9,45.0,1,3.41,1,0,299.37
7.84,94.0,48,2.17,0,0,228.11
5.69,18.0,50,1.08,0,1,172.15
1.27,,22,2.32,1,0,139.39
6.82,125.0,29,2.96,1,0,328.05
17.29,62.0,55,2.42,0,0,358.75
6.55,20.0,38,2.73,0,0,163.22
13.22,92.0,38,2.94,0,0,385.53
22.31,115.0,43,3.58,1,0,651.29
17.65,55.0,31,2.73,1,0,507.38
10.47,22.0,37,2.49,0,1,335.97
9.94,47.0,20,1.48,0,0,230.02
11.94,22.0,42,1.13,0,0,231.13
5.25,24.0,41,1.11,0,0,137.37
16.22,,48,1.48,0,0,285.41
9.74,25.0,21,1.08,0,0,226.34
21.46,50.0,27,2.7,0,0,481.9
19.16,89.0,5,2.78,1,0,974.79
15.65,78.0,55,2.62,0,0,363.0
9.74,105.0,28,3.68,1,0,385.74
6.04,50.0,29,2.99,0,0,172.09
19.63,66.0,42,3.67,1,0,584.58
12.67,68.0,23,2.43,0,1,426.26
6.39,74.0,12,1.88,0,1,291.3
5.68,23.0,8,2.2,0,0,185.56
4.97,44.0,10,2.63,0,0,201.98
19.65,62.0,18,3.6,1,0,616.07
6.5,31.0,24,2.91,0,0,202.35
13.64,36.0,7,2.46,0,1,538.09
11.84,59.0,45,2.08,0,1,365.61
14.91,64.0,17,3.74,1,0,520.53
22.05,63.0,23,2.92,0,1,655.33
21.83,58.0,5,1.96,0,0,794.91
11.83,124.0,1,3.1,1,0,775.12
1.37,12.0,27,2.62,0,0,90.21
11.23,34.0,5,1.87,0,0,326.06
15.55,77.0,51,2.66,0,0,347.39
14.39,66.0,9,1.22,0,0,467.82
16.63,24.0,32,1.96,0,0,339.65
4.7,76.0,52,1.97,0,0,152.47
16.52,50.0,1,3.17,1,0,989.49
5.38,42.0,13,2.03,1,0,235.45
19.01,57.0,38,2.01,1,0,497.29
9.14,62.0,17,2.8,0,1,354.13
18.04,18.0,34,1.61,0,0,351.18
2.15,118.0,2,2.45,1,0,289.79
10.79,81.0,21,2.55,0,1,419.68
17.92,79.0,19,2.63,1,0,592.01
6.44,65.0,16,2.67,0,0,228.48
20.09,53.0,40,2.6,1,0,552.34
16.14,100.0,23,3.32,1,0,553.93
15.1,22.0,47,2.05,0,0,299.32
9.49,56.0,59,2.87,0,0,238.26
12.58,83.0,5,1.65,0,0,572.23
15.34,14.0,6,1.73,0,0,321.45
12.34,95.0,52,2.94,0,0,335.15
17.76,14.0,38,2.48,0,1,461.64
11.41,21.0,37,2.55,0,0,241.99
5.85,44.0,5,1.59,0,1,313.64
6.13,94.0,14,2.06,0,0,252.25
1.14,35.0,22,1.63,0,0,92.28
8.22,10.0,26,1.52,0,0,180.61
18.97,49.0,47,2.87,1,0,522.86
20.06,77.0,47,3.78,1,0,565.28
5.86,33.0,35,1.43,0,1,235.4
24.02,56.0,6,1.49,0,0,724.57
13.06,126.0,17,2.29,1,0,553.83
23.01,94.0,7,2.58,0,0,912.68
17.96,11.0,50,2.02,0,0,342.55
18.34,11.0,48,1.77,0,1,482.41
3.04,39.0,28,2.69,0,0,139.35
6.28,34.0,29,1.59,0,0,181.95
1.21,122.0,35,2.58,1,0,117.91
18.19,71.0,17,1.15,0,0,460.52
9.27,40.0,4,2.04,1,0,386.99
19.88,72.0,10,1.27,0,0,595.48
9.13,123.0,1,2.49,1,1,651.49
20.66,68.0,54,2.05,0,0,424.96
4.14,63.0,43,1.0,0,0,115.46
5.16,108.0,10,2.18,1,0,326.89
9.18,94.0,37,2.15,1,1,401.34
10.8,96.0,25,1.51,0,0,301.53
9.37,81.0,36,2.13,1,0,305.47
19.33,62.0,44,1.39,0,1,513.26
3.33,104.0,1,3.77,1,0,356.01
9.43,48.0,27,2.99,1,0,334.83
21.09,80.0,7,2.53,0,0,773.38
2.6,60.0,19,2.64,0,1,169.14
23.62,99.0,14,2.34,0,1,921.18
24.67,55.0,1,3.21,1,1,1381.41
3.13,62.0,14,2.26,0,0,146.33
7.99,79.0,20,2.3,0,0,274.48
9.94,71.0,35,2.86,0,1,334.91
19.63,76.0,38,2.17,1,0,561.8
15.3,70.0,32,1.55,0,0,380.57
16.46,96.0,31,1.99,1,0,492.63
19.18,84.0,21,3.47,1,0,653.15
3.83,85.0,58,1.9,0,0,116.75
21.0,97.0,59,2.81,0,0,465.89
17.93,56.0,5,2.62,1,0,786.6
14.86,11.0,25,,0,0,285.01
22.35,76.0,31,2.7,1,0,635.07
17.81,93.0,32,3.02,1,1,716.49
5.84,51.0,38,2.53,0,0,195.07
11.31,38.0,26,1.7,0,0,230.03
12.86,74.0,14,2.26,0,0,405.66
2.33,87.0,59,1.41,0,0,96.49
23.91,49.0,8,2.11,0,0,651.6
4.09,20.0,48,2.09,0,0,142.96
17.74,67.0,9,2.78,0,0,556.5
13.15,29.0,27,2.79,0,0,294.21
1.62,75.0,20,1.97,0,0,111.7
23.19,70.0,13,1.85,1,0,741.45
21.44,,19,2.69,0,0,426.68
13.58,59.0,55,1.0,0,0,266.25
6.49,48.0,19,2.76,1,0,240.77
3.92,50.0,16,1.04,0,0,175.81
9.72,49.0,27,2.51,1,0,327.47
7.13,62.0,46,,0,1,250.17
13.16,88.0,2,2.54,1,0,814.44
24.19,35.0,57,2.85,0,0,493.78
14.8,106.0,1,3.08,1,0,930.17
22.36,75.0,38,3.09,1,0,661.65
16.62,32.0,43,1.75,0,1,433.54
12.41,48.0,56,1.08,0,0,247.02
21.51,,32,3.28,1,0,668.89
12.31,32.0,9,2.43,0,0,321.87
21.85,62.0,40,2.86,1,0,620.95
8.0,52.0,43,1.83,0,0,197.7
4.09,64.0,41,2.88,1,1,243.52
21.53,93.0,52,2.49,0,0,463.91
15.1,69.0,36,2.43,0,0,335.37
22.34,42.0,27,2.32,0,0,450.97
23.51,42.0,23,2.81,0,0,505.31
2.29,74.0,31,2.22,0,0,90.85
13.02,56.0,25,1.03,0,0,296.9
10.0,42.0,38,2.24,0,0,225.27
16.02,77.0,1,3.03,1,0,952.2
20.05,33.0,57,1.14,0,0,351.56
7.73,112.0,47,2.66,1,0,303.55
14.36,58.0,13,2.3,0,0,423.12
18.01,96.0,35,2.41,0,0,430.09
4.23,39.0,36,2.79,0,0,149.19
20.54,91.0,14,2.68,0,0,643.14
15.55,67.0,40,1.23,0,0,326.47
23.79,99.0,29,2.22,0,0,557.55
9.15,68.0,5,2.19,0,0,416.17
3.6,25.0,26,1.61,0,1,181.0
13.16,25.0,9,,0,0,295.36
3.06,42.0,55,1.4,0,0,96.98
24.27,48.0,37,1.36,0,0,444.76
1.93,55.0,57,2.61,0,0,107.61
19.08,47.0,21,1.3,0,0,395.09
13.6,32.0,26,1.53,0,0,281.06
9.85,35.0,23,1.44,0,0,234.72
2.58,58.0,39,2.43,0,1,156.98
15.93,90.0,39,1.32,0,0,357.3
15.05,33.0,48,1.05,0,0,264.2
7.74,122.0,13,2.55,1,0,431.23
22.85,51.0,31,1.61,0,0,464.03
8.3,36.0,15,1.8,0,0,198.14
11.79,11.0,46,2.51,0,0,249.96
14.05,17.0,32,1.02,0,1,381.86
3.41,,4,1.88,1,0,366.11
23.37,80.0,29,2.31,1,0,708.9
9.99,22.0,22,2.78,0,0,258.5
2.94,61.0,1,2.14,1,0,335.86
10.29,56.0,10,2.99,0,0,344.63
15.4,56.0,26,2.61,0,0,352.42
13.33,74.0,34,1.91,0,0,312.11
17.67,78.0,22,2.5,0,0,460.77
2.33,68.0,39,2.84,1,1,189.7
7.83,118.0,1,2.93,1,0,585.58
20.66,39.0,8,2.16,0,0,536.28
2.92,55.0,46,2.3,0,0,130.03
21.53,15.0,52,1.12,0,1,534.45
3.21,45.0,42,3.03,1,0,161.4
21.03,,28,2.43,0,0,525.52
9.66,61.0,21,1.62,0,1,338.8
15.69,14.0,47,2.96,0,0,307.64
4.67,125.0,49,2.09,1,0,205.34
2.59,80.0,15,3.62,1,0,185.35
6.18,29.0,12,2.35,0,0,183.53
4.07,29.0,50,2.33,0,1,180.94
8.5,78.0,12,3.55,1,0,411.04
13.35,69.0,27,3.46,1,0,453.23
15.13,57.0,34,1.69,0,0,327.45
19.96,90.0,13,2.41,0,0,613.82
16.75,99.0,46,1.9,1,0,496.23
15.61,62.0,5,2.73,1,0,704.36
10.88,99.0,1,3.68,1,0,720.31
12.37,59.0,6,1.55,0,0,463.9
10.95,52.0,21,1.9,1,0,325.44
21.21,83.0,22,2.17,0,0,543.54
6.52,77.0,31,2.51,1,0,246.47
1.14,48.0,38,1.76,0,0,78.17
16.63,77.0,58,2.16,0,0,351.57
5.86,28.0,15,2.24,0,0,148.6
22.36,91.0,49,2.67,1,0,643.75
21.62,50.0,6,2.02,0,0,659.92
2.84,36.0,35,2.99,0,0,108.21
3.55,62.0,38,3.71,1,1,229.2
12.88,28.0,29,2.41,0,0,283.82
15.62,89.0,46,1.32,0,0,352.88
7.6,74.0,13,,1,1,403.62
18.2,14.0,36,2.77,0,0,333.84
15.28,127.0,30,2.65,1,0,527.7
8.8,14.0,11,2.91,0,0,228.9
1.61,45.0,8,,1,0,158.1
19.0,80.0,39,3.52,1,1,713.75
6.15,50.0,5,1.07,0,0,269.61
21.03,93.0,46,2.67,1,0,575.97
11.09,53.0,37,2.4,0,0,272.15
14.85,87.0,28,3.53,1,0,477.79
21.95,76.0,10,3.02,1,0,813.81
21.73,65.0,35,1.35,0,0,453.43
9.92,42.0,6,2.77,0,0,349.77
6.01,74.0,6,2.95,1,0,381.71
19.6,15.0,23,1.22,0,0,356.44
11.39,55.0,19,1.93,0,0,306.09
5.61,83.0,20,2.4,0,0,214.91
22.71,45.0,20,1.9,0,0,479.31
5.75,83.0,22,3.54,1,0,257.9
1.62,16.0,15,1.85,0,0,85.2
1.49,16.0,10,2.17,0,0,90.79
15.94,68.0,21,2.22,1,0,482.78
16.88,89.0,21,2.03,0,0,458.93
8.47,74.0,43,1.45,0,0,211.4
8.68,99.0,5,2.25,1,0,586.08
9.15,74.0,7,2.36,1,1,505.62
17.32,96.0,42,1.89,1,0,487.59
2.4,38.0,17,,0,0,119.41
23.3,47.0,12,1.85,0,1,717.65
6.34,86.0,29,1.26,0,0,174.02
24.99,21.0,45,1.27,0,0,426.61
5.12,96.0,41,2.94,0,0,164.99
19.52,89.0,18,1.85,0,0,538.08
6.36,67.0,25,1.81,0,0,200.67
2.94,87.0,47,1.54,0,0,143.8
22.0,89.0,48,2.02,0,0,490.97
21.61,15.0,24,2.19,0,0,392.85
10.69,45.0,24,1.84,0,1,342.46
17.86,61.0,46,1.79,0,0,376.84
14.37,97.0,31,2.4,0,1,469.72
21.47,66.0,27,3.7,1,0,670.77
8.56,64.0,25,3.56,1,0,337.93
13.57,79.0,10,2.04,1,0,545.1
12.65,45.0,11,2.3,0,0,319.79
9.49,69.0,20,1.01,0,0,274.46
22.39,38.0,50,2.27,0,0,434.7
4.98,42.0,1,2.73,1,0,405.3
4.59,,7,1.98,0,0,185.55
14.85,77.0,34,2.18,0,0,363.5
16.78,20.0,23,2.49,0,0,316.92
5.67,57.0,31,2.46,0,0,168.63
10.38,118.0,23,1.89,1,1,481.64
23.72,69.0,59,2.47,0,0,477.65
6.92,11.0,58,2.66,0,1,247.42
17.04,88.0,53,1.14,0,0,356.46
18.76,79.0,48,1.65,0,0,380.89
11.76,52.0,11,3.38,1,0,446.2
23.5,44.0,5,1.99,0,0,740.71
18.68,90.0,15,3.19,1,0,688.69
11.99,65.0,37,2.0,0,0,308.68
14.66,49.0,59,2.96,0,1,441.62
17.62,116.0,19,3.67,1,0,667.97
15.21,98.0,5,2.36,1,0,881.76
22.09,21.0,39,,0,0,370.88
9.57,,40,1.86,0,0,248.72
8.2,62.0,43,1.21,0,0,184.46
6.13,50.0,54,1.81,0,0,132.81
1.91,29.0,32,2.55,0,0,107.61
2.03,49.0,24,2.69,0,0,156.95
21.88,70.0,43,2.77,0,0,472.3
17.28,116.0,37,1.83,1,1,640.61
16.85,43.0,29,2.58,0,0,401.94
15.75,58.0,40,2.81,1,0,443.98
21.38,84.0,2,2.21,1,0,1218.68
12.53,68.0,26,2.8,1,0,405.56
21.89,58.0,14,3.49,1,0,712.87
9.63,95.0,42,2.67,1,1,432.61
23.24,66.0,44,3.78,1,0,658.29
17.77,11.0,48,2.23,0,0,351.29
7.17,,45,1.98,0,0,171.85
14.54,104.0,14,2.39,1,1,675.46
13.79,87.0,13,1.02,0,0,423.86
4.31,17.0,57,2.22,0,0,131.99
15.19,66.0,7,2.95,1,1,762.92
8.55,39.0,42,2.03,0,0,181.88
2.26,64.0,16,2.88,1,1,187.3
23.77,58.0,34,2.69,0,0,518.25
16.4,65.0,41,1.63,0,0,350.89
22.05,74.0,46,2.1,0,0,473.79
17.23,70.0,17,3.16,1,0,579.2
9.57,69.0,15,1.42,0,0,296.11
13.3,124.0,8,3.65,1,0,771.56
17.22,43.0,59,,0,0,352.16
24.05,26.0,20,1.11,0,0,436.0
7.09,82.0,43,2.73,0,0,206.03
22.0,38.0,32,2.86,0,0,462.84
23.18,81.0,58,2.59,0,0,523.6
17.09,92.0,54,1.85,0,0,357.44
23.35,15.0,44,2.99,0,1,606.21
10.55,97.0,31,,0,0,276.96
23.87,45.0,40,2.87,1,1,806.86
17.87,12.0,14,1.34,0,0,327.34
2.01,40.0,50,1.88,0,0,85.77
22.76,85.0,24,2.85,0,0,565.44
12.63,91.0,21,3.39,1,0,455.84
12.05,47.0,16,3.36,1,0,415.33
14.6,129.0,39,2.51,1,0,498.11
4.59,35.0,36,2.87,0,0,159.99
12.26,54.0,26,2.54,1,0,374.2
20.95,116.0,49,1.88,1,0,572.5
1.37,95.0,43,3.08,1,0,119.58
7.55,95.0,42,1.73,0,0,192.51
1.06,101.0,41,2.11,1,0,118.72
10.98,22.0,44,2.87,0,1,323.15
18.48,55.0,9,2.27,0,0,537.82
20.17,63.0,44,2.88,0,0,448.96
23.68,18.0,58,2.17,0,0,425.58
15.6,97.0,59,1.13,0,0,314.77
7.11,12.0,13,1.06,0,1,229.92
23.18,62.0,1,3.6,1,0,1348.24
19.61,21.0,22,1.08,0,1,481.97
14.79,50.0,50,2.23,0,0,296.06
17.7,53.0,44,1.6,0,0,331.64
23.18,97.0,1,3.18,1,0,1315.32
18.1,20.0,53,1.57,0,0,324.4
9.84,28.0,10,1.07,0,0,221.75
18.11,98.0,8,3.26,1,1,957.11
1.97,82.0,28,1.62,0,0,111.37
10.27,46.0,21,2.1,0,0,276.28
10.75,19.0,21,2.55,0,0,240.8
5.0,82.0,48,2.41,0,0,133.45
1.55,42.0,25,1.7,0,1,132.07
4.2,86.0,52,2.5,0,0,136.64
16.71,59.0,29,3.65,1,0,497.97
20.25,53.0,53,2.22,0,0,393.49
24.72,84.0,38,2.41,0,0,530.61
9.31,52.0,7,3.53,1,0,424.55
15.39,72.0,18,2.69,0,0,427.66
23.49,23.0,8,1.7,0,0,474.18
5.01,82.0,28,2.98,0,0,188.31
18.22,63.0,10,1.06,0,0,514.55
19.12,51.0,24,2.97,0,0,452.5
3.14,77.0,26,,1,0,150.91
21.67,92.0,27,1.88,0,0,516.72
20.51,81.0,45,2.77,0,0,449.29
1.8,121.0,8,2.29,1,0,238.41
3.19,75.0,16,2.25,1,0,207.53
2.18,18.0,21,2.29,0,0,120.34
9.03,119.0,34,3.21,1,0,348.16
13.22,14.0,55,1.01,0,1,341.59
13.78,24.0,57,1.9,0,0,263.86
7.42,33.0,6,1.98,0,0,263.57
22.88,73.0,53,1.54,0,0,438.22
9.84,57.0,11,2.09,0,0,296.63
2.09,52.0,39,1.31,0,0,89.91
8.21,48.0,40,1.65,0,0,180.7
13.75,34.0,54,2.43,0,0,271.43
10.8,89.0,18,2.75,0,0,357.19
7.57,125.0,14,2.98,1,1,489.14
4.15,119.0,22,1.95,1,0,250.33
20.66,14.0,17,2.36,0,0,398.15
24.91,99.0,43,3.6,1,0,714.21
8.91,16.0,48,2.01,0,0,199.57
10.16,27.0,11,1.99,0,0,242.36
15.83,15.0,7,2.98,0,0,384.68
18.24,21.0,9,2.27,0,0,409.58
10.41,72.0,47,3.41,1,0,372.88
22.72,60.0,46,3.09,1,0,610.3
14.44,67.0,37,1.44,0,0,337.77
11.81,91.0,50,1.57,0,0,267.54
16.52,87.0,13,2.33,0,0,534.96
23.87,51.0,57,1.91,0,0,429.5
20.07,85.0,21,2.61,1,0,633.45
1.96,12.0,19,1.04,0,0,60.33
8.98,66.0,38,2.77,0,0,245.76
12.29,92.0,12,3.57,1,1,626.18
8.55,71.0,8,1.92,0,1,432.91
17.8,52.0,28,3.2,1,0,557.56
20.83,60.0,49,1.36,0,0,397.96
18.55,28.0,25,2.01,0,0,360.9
24.74,68.0,22,1.88,0,0,559.15
7.54,71.0,56,2.31,0,0,212.96
22.0,76.0,30,2.74,1,1,787.7
19.4,86.0,39,2.0,0,0,433.96
9.69,54.0,1,2.39,1,1,662.47
18.62,99.0,38,1.1,0,0,393.68
3.5,109.0,40,3.63,1,0,196.06
19.94,51.0,31,1.82,1,0,507.41
13.78,98.0,6,1.56,0,0,636.31
8.01,59.0,45,1.9,0,0,187.12
16.74,86.0,10,2.44,1,0,663.5
16.4,25.0,32,2.1,0,0,336.9
6.03,55.0,48,2.72,1,0,200.33
1.73,76.0,34,1.51,0,0,107.57
11.41,73.0,25,1.98,1,1,455.72
14.67,97.0,12,1.28,0,0,506.9
22.04,85.0,32,2.77,1,0,628.91
23.28,96.0,39,2.69,0,0,535.19
13.69,,1,2.0,1,0,874.74
19.09,58.0,22,2.35,0,0,481.37
11.54,30.0,52,2.58,0,1,313.4
18.91,92.0,30,2.35,1,0,594.19
5.92,101.0,15,3.14,1,0,311.01
9.91,120.0,1,3.17,1,1,660.14
16.22,63.0,36,2.42,0,0,369.73
1.44,91.0,20,2.78,0,0,120.96
18.34,12.0,22,1.8,0,1,457.51
21.05,62.0,38,1.49,0,0,407.52
10.58,21.0,26,2.09,0,0,230.63
11.75,89.0,31,1.13,0,1,369.88
21.43,77.0,6,2.47,1,0,959.73
19.62,87.0,45,2.77,0,0,422.06
7.92,57.0,26,2.86,1,1,354.25
8.78,93.0,11,1.87,0,0,361.33
17.29,74.0,34,2.33,1,0,481.49
14.52,90.0,42,1.5,0,0,340.55
4.89,123.0,38,2.27,1,0,220.53
8.44,79.0,44,2.66,0,0,204.89
22.6,129.0,4,3.77,1,0,1287.66
17.52,80.0,40,2.07,0,0,389.73
24.66,85.0,14,1.16,0,0,655.06
19.41,26.0,11,2.5,0,0,438.71
23.61,,55,2.75,0,0,462.36
6.19,109.0,1,3.66,1,0,471.33
19.52,56.0,16,2.26,0,0,485.63
1.49,76.0,26,2.81,1,0,143.21
17.1,98.0,55,2.24,0,0,410.45
12.26,93.0,24,1.83,1,1,506.67
9.32,54.0,4,3.11,1,0,500.97
21.7,20.0,25,2.42,0,0,429.46
21.5,18.0,42,2.44,0,0,394.32
1.54,77.0,24,2.13,0,0,101.91
15.63,12.0,19,2.4,0,1,432.24
9.83,22.0,25,2.28,0,1,313.93
10.98,15.0,35,1.23,0,1,309.94
20.97,10.0,23,2.8,0,0,402.62
8.44,14.0,47,2.25,0,0,199.1
23.63,75.0,12,2.46,0,0,670.59
5.31,95.0,46,1.69,0,1,230.8
16.91,50.0,26,2.84,0,0,395.97
17.13,59.0,50,2.01,0,0,357.85
7.05,16.0,56,2.36,0,0,185.94
8.79,30.0,50,2.9,0,1,309.82
21.04,120.0,41,3.63,1,1,799.89
19.28,62.0,16,2.29,0,1,638.98
8.9,59.0,11,2.13,1,0,345.02
13.81,74.0,46,2.9,0,0,352.41
2.48,41.0,16,2.97,0,0,112.52
6.01,93.0,35,1.21,0,0,170.45
12.66,83.0,55,1.9,0,1,391.45
3.06,45.0,2,2.9,1,0,302.31
21.24,50.0,52,1.18,0,1,526.29
18.23,72.0,12,2.18,1,0,637.3
23.65,83.0,56,2.08,0,0,503.32
17.64,34.0,31,2.93,0,0,360.33
23.57,33.0,46,1.06,0,0,402.47
14.31,21.0,57,2.82,0,0,291.99
15.41,46.0,47,2.8,0,0,317.53
24.45,59.0,10,2.71,0,0,712.75
16.41,48.0,22,2.56,1,0,474.57
1.74,106.0,23,2.78,1,1,179.7
18.37,13.0,22,1.81,0,0,351.6
22.73,63.0,49,2.9,0,0,467.94
20.09,94.0,47,2.04,0,0,421.4
15.01,15.0,50,1.16,0,0,260.21
17.11,105.0,40,2.35,1,0,500.05
24.76,46.0,27,1.92,0,0,494.0
3.18,123.0,30,3.71,1,1,234.08
17.01,84.0,4,2.94,1,0,969.35
7.8,23.0,56,2.39,0,0,163.62
16.36,93.0,31,1.18,0,0,384.73
15.58,52.0,22,2.75,0,0,373.85
4.68,75.0,45,2.08,0,0,153.32
5.96,16.0,57,2.84,0,0,167.36
15.92,94.0,7,2.69,1,0,796.66
4.08,46.0,27,2.37,0,0,139.9
7.36,115.0,45,2.74,1,0,293.83
21.05,55.0,34,2.09,1,0,565.21
8.85,56.0,37,2.34,1,0,279.9
12.71,80.0,27,1.13,0,0,303.57
23.59,129.0,34,2.68,1,0,697.49
6.45,10.0,54,2.3,0,0,168.19
10.35,11.0,53,1.49,0,0,209.41
15.55,123.0,23,2.78,1,0,559.15
19.13,72.0,4,2.72,1,1,1133.89
22.64,22.0,58,2.07,0,0,406.67
22.97,104.0,24,2.17,1,1,892.61
19.64,60.0,26,2.07,0,0,414.57
6.48,,35,1.73,0,0,172.42
1.6,12.0,46,1.57,0,0,65.88
10.21,69.0,27,2.17,0,0,264.97
4.4,92.0,8,1.3,0,0,253.0
18.05,53.0,44,2.8,0,0,361.05
16.87,14.0,6,2.87,0,0,384.11
2.06,56.0,18,2.32,0,0,106.01
21.08,52.0,44,1.61,0,0,414.5
6.97,56.0,59,2.25,0,0,184.88
11.37,15.0,30,2.2,0,0,223.93
17.03,69.0,26,1.78,0,1,522.38
11.31,45.0,50,1.57,0,0,243.24
11.59,46.0,44,1.34,0,0,238.06
2.58,86.0,22,1.43,0,0,139.32
10.63,85.0,12,2.31,0,0,401.41
19.36,45.0,36,3.57,1,1,703.99
22.96,39.0,40,1.77,0,0,433.71
10.92,19.0,15,1.24,0,0,250.21
11.17,37.0,50,1.03,0,1,315.22
17.86,15.0,59,1.81,0,0,333.19
23.63,82.0,20,1.47,0,0,566.24
7.41,63.0,36,2.45,1,1,336.6
11.56,61.0,19,1.48,0,0,311.62
20.1,91.0,44,2.33,0,0,446.79
15.63,77.0,51,2.28,0,0,357.55
3.65,54.0,23,2.82,0,0,155.02
16.07,126.0,2,3.2,1,0,964.11
5.48,36.0,21,1.33,0,0,179.07
13.25,77.0,22,2.5,0,0,378.28
13.7,22.0,6,1.36,0,0,362.37
22.03,84.0,41,2.12,0,1,624.49
12.1,84.0,52,1.15,0,0,265.36
7.71,28.0,28,1.09,0,0,195.0
6.54,42.0,21,1.93,0,0,198.87
21.98,87.0,19,1.21,0,0,553.62
5.1,22.0,55,1.61,0,0,158.63
11.22,46.0,18,2.48,1,0,363.01
5.49,42.0,27,2.54,0,1,225.74
19.56,41.0,31,1.67,0,0,410.17
12.38,84.0,16,2.79,1,0,461.66
9.43,65.0,51,2.55,0,0,232.22
9.67,81.0,17,1.41,0,0,284.14
21.45,55.0,53,2.61,0,0,434.06
14.29,28.0,56,2.66,0,1,403.64
18.23,,16,2.98,0,0,449.66
22.53,72.0,39,1.89,0,1,626.68
22.64,79.0,32,1.74,0,0,482.03
8.88,63.0,14,2.4,0,0,282.56
23.86,64.0,14,1.12,0,0,571.96
1.6,89.0,49,1.88,1,0,107.18
10.04,74.0,49,1.67,0,1,322.44
22.5,54.0,28,2.46,0,0,475.38
7.59,39.0,32,1.23,0,1,252.27
7.55,88.0,43,2.27,0,0,194.65
8.26,82.0,41,1.54,0,0,213.06
15.7,70.0,13,2.3,0,0,451.49
11.52,68.0,40,1.91,0,0,272.71
18.44,11.0,39,1.23,0,0,304.09
22.48,69.0,37,2.29,1,0,608.09
17.18,55.0,53,1.44,0,0,307.96
5.91,77.0,6,1.33,0,0,310.8
23.38,28.0,57,1.94,0,0,398.27
7.35,93.0,45,2.91,0,0,202.23
4.6,14.0,42,2.32,0,0,115.33
3.16,82.0,27,2.67,0,0,154.78
14.52,93.0,16,2.96,0,0,483.0
3.73,66.0,55,2.08,0,0,138.8
4.33,102.0,15,2.28,1,0,253.73
8.2,91.0,23,3.66,1,0,335.65
7.76,68.0,40,2.4,0,0,172.22
15.5,99.0,37,3.72,1,0,478.44
20.6,119.0,31,3.1,1,0,680.01
19.27,123.0,46,3.35,1,0,595.79
7.3,29.0,31,2.78,0,0,212.37
6.89,129.0,1,3.32,1,1,524.65
24.18,42.0,24,2.13,0,0,455.15
1.2,21.0,58,1.94,0,0,65.78
22.11,60.0,42,3.45,1,0,612.71
5.79,95.0,37,3.34,1,0,255.37
23.73,32.0,45,1.73,0,0,439.44
9.22,59.0,16,2.8,1,0,341.48
11.57,96.0,27,2.27,0,0,357.45
17.97,58.0,38,1.06,0,0,335.93
15.1,56.0,8,1.5,0,0,460.69
8.63,109.0,26,2.3,1,0,328.7
14.29,84.0,10,3.57,1,0,654.19
18.54,115.0,1,2.46,1,0,1101.16
2.02,44.0,32,2.09,0,1,115.82
1.27,81.0,32,2.66,0,1,128.57
11.99,36.0,45,1.52,0,0,265.29
4.16,89.0,26,1.25,0,1,244.51
16.94,56.0,12,2.9,0,1,596.64
6.14,41.0,30,2.41,0,0,163.15
11.39,38.0,43,1.35,0,0,220.46
5.74,110.0,24,3.44,1,0,292.91
14.16,89.0,54,2.57,0,0,345.08
3.79,92.0,47,3.48,1,0,192.4
1.55,65.0,13,1.55,0,0,130.12
2.23,98.0,30,1.9,0,0,136.77
23.9,52.0,46,2.39,0,0,459.15
4.41,13.0,58,1.78,0,0,159.34
18.0,73.0,15,1.14,0,0,483.54
2.63,96.0,29,1.27,0,0,138.43
3.6,62.0,28,2.99,1,0,190.98
13.21,99.0,21,2.55,1,1,581.63
12.16,39.0,55,1.01,0,0,243.87
23.84,52.0,14,2.53,0,0,588.69
23.68,127.0,9,2.63,1,0,1130.52
19.71,87.0,44,2.43,1,0,556.55
15.45,89.0,9,2.43,0,0,559.36
11.92,46.0,6,2.71,1,0,500.84
9.55,96.0,12,2.39,0,0,388.92
23.73,40.0,10,1.03,0,0,500.35
15.47,28.0,28,1.02,0,0,330.57
14.9,61.0,5,2.12,0,0,589.18
6.57,77.0,29,2.96,0,0,203.44
2.12,15.0,49,1.54,0,0,81.35
23.68,122.0,41,3.17,1,0,723.13
8.53,69.0,15,1.34,0,1,367.18
11.62,21.0,27,1.62,0,0,235.51
3.75,47.0,40,1.16,0,0,125.44
21.09,22.0,44,2.76,0,1,550.9
1.66,37.0,11,1.62,0,0,122.98
21.02,,21,2.26,1,0,584.41
4.37,85.0,39,3.26,1,0,214.29
22.28,55.0,25,1.4,0,0,446.75
18.51,90.0,9,1.48,0,0,644.62
4.95,66.0,27,2.01,1,1,294.23
14.58,35.0,20,2.93,0,0,374.71
8.5,71.0,15,1.5,0,0,282.48
5.28,77.0,58,2.99,0,0,176.27
21.62,111.0,26,2.15,1,0,654.66
10.68,99.0,54,1.04,0,1,337.43
10.57,,18,3.59,1,0,366.59
5.08,86.0,13,2.16,0,0,213.86
10.19,94.0,40,1.7,0,0,264.24
21.92,61.0,11,2.03,0,0,606.24
9.72,46.0,32,1.52,0,0,217.6
23.84,34.0,27,2.27,0,1,642.59
23.71,48.0,43,2.23,0,0,477.97
4.48,76.0,17,1.16,0,0,182.78
5.26,28.0,55,2.82,0,0,144.16
21.7,110.0,1,2.72,1,0,1230.07
10.43,120.0,15,2.19,1,0,469.55
1.1,116.0,33,2.41,1,0,141.7
7.57,63.0,7,3.53,1,0,380.25
15.34,60.0,40,1.77,0,0,344.54
20.18,54.0,16,2.12,0,1,640.36
4.2,47.0,2,3.7,1,1,383.93
3.65,81.0,52,2.3,0,0,123.81
23.13,54.0,47,2.35,0,1,615.58
19.03,41.0,30,2.3,1,1,610.36
15.15,39.0,57,2.34,0,0,304.18
19.46,106.0,41,2.59,1,1,715.6
11.29,54.0,48,2.82,0,0,247.02
19.2,35.0,27,1.26,0,1,503.89
9.92,56.0,28,2.37,1,0,335.31
6.86,47.0,59,1.13,0,0,173.94
18.5,106.0,17,2.56,1,0,663.5
11.07,96.0,32,2.1,1,1,474.95
24.55,42.0,33,2.69,0,0,508.67
9.39,88.0,54,2.85,0,0,239.58
23.12,81.0,28,2.34,0,0,530.33
23.39,73.0,26,1.21,0,0,517.75
6.8,62.0,6,2.48,1,1,418.9
20.16,21.0,20,2.93,0,0,421.3
11.39,17.0,5,1.27,0,0,284.07
23.02,82.0,55,2.11,0,0,466.2
11.8,81.0,34,1.71,0,0,291.44
18.86,77.0,30,3.8,1,0,610.96
12.21,42.0,46,1.57,0,0,236.21
6.47,57.0,46,1.1,0,0,159.55
5.78,54.0,28,2.4,0,1,221.72
11.21,114.0,33,2.45,1,0,410.68
19.13,62.0,32,3.12,1,1,686.02
15.52,82.0,26,2.01,1,0,488.2
17.53,34.0,58,,0,0,344.32
7.78,24.0,36,,0,0,175.04
12.55,49.0,6,2.87,1,0,531.21
2.07,59.0,4,3.51,1,0,239.82
20.62,25.0,16,2.95,0,0,471.09
24.76,124.0,7,3.31,1,0,1329.64
10.77,96.0,9,3.33,1,0,534.85
1.26,55.0,34,2.06,0,0,60.0
5.08,10.0,57,1.19,0,0,134.32
16.66,34.0,17,2.33,0,0,390.13
15.69,95.0,45,2.1,1,1,577.29
19.91,55.0,52,1.49,0,0,361.53
7.09,98.0,37,3.22,1,0,270.83
19.33,71.0,5,2.31,0,0,768.96
17.51,87.0,22,1.63,0,0,468.68
8.75,70.0,43,2.54,0,0,175.29
14.09,122.0,6,3.68,1,0,861.28
4.53,17.0,54,2.09,0,0,122.11
11.86,50.0,48,2.36,0,0,276.18
22.15,54.0,3,2.34,1,0,1022.86
11.11,53.0,53,2.94,0,0,234.76
21.15,121.0,1,2.35,1,0,1210.75
15.17,10.0,31,2.77,0,0,299.96
5.61,74.0,32,2.86,0,0,191.49
14.95,43.0,28,2.44,0,0,356.34
13.14,43.0,1,3.42,1,0,785.01
10.57,90.0,32,1.92,0,0,297.29
3.87,41.0,46,3.64,1,0,157.37
11.0,48.0,24,2.49,0,0,295.54
2.75,63.0,33,1.65,0,0,106.38
3.37,19.0,37,1.07,0,1,131.92
10.98,81.0,24,2.88,1,0,393.94
8.33,54.0,7,2.68,0,0,336.25
23.21,35.0,23,2.72,0,1,672.98
10.02,66.0,15,3.47,1,0,391.39
19.19,48.0,44,1.43,0,0,366.3
13.73,34.0,25,1.85,0,0,280.88
17.9,38.0,24,2.23,0,0,366.9
7.24,91.0,59,2.34,0,1,247.78
23.61,31.0,37,1.67,0,0,455.0
13.72,129.0,32,3.19,1,0,496.53
20.95,69.0,13,2.18,0,0,557.81
9.76,99.0,54,2.13,0,0,228.89
3.41,91.0,25,3.13,1,0,201.22
17.17,94.0,36,2.21,0,0,409.49
1.19,60.0,35,2.13,1,0,147.03
12.41,17.0,27,2.75,0,0,277.6
5.63,75.0,27,1.48,0,0,183.74
16.06,85.0,56,2.49,0,0,376.59
24.51,27.0,46,1.35,0,0,412.46
12.15,90.0,20,2.32,0,0,356.68
20.62,,25,2.79,0,0,418.22
13.19,12.0,16,1.02,0,0,251.56
12.9,94.0,10,2.96,0,0,497.85
23.33,92.0,18,1.06,0,0,583.94
22.36,68.0,26,1.02,0,0,457.8
19.86,64.0,35,2.72,0,0,453.61
8.11,41.0,44,2.42,0,0,194.45
14.08,20.0,51,1.21,0,0,276.67
6.37,121.0,36,3.67,1,0,284.43
11.65,62.0,32,,0,0,273.35
12.62,38.0,9,1.22,0,0,322.94
20.96,76.0,30,2.72,0,1,637.37
22.5,13.0,56,1.96,0,0,381.39
10.95,48.0,21,2.36,1,1,430.85
1.42,66.0,33,2.65,0,0,135.15
21.68,47.0,20,2.48,0,0,503.27
5.18,16.0,30,2.25,0,0,151.96
15.93,104.0,2,3.6,1,0,956.69
1.6,74.0,5,3.52,1,0,217.43
10.59,56.0,7,1.45,0,0,382.74
24.66,43.0,6,2.76,0,0,747.51
3.42,102.0,1,2.55,1,0,365.78
11.17,18.0,5,1.86,0,0,278.66
8.37,99.0,24,2.94,0,0,266.98
22.72,111.0,36,3.32,1,0,689.43
21.86,28.0,35,1.64,0,0,428.72
6.7,35.0,54,2.3,0,0,173.53
2.95,55.0,20,2.08,0,0,124.12
16.05,95.0,45,2.03,1,0,456.83
9.07,19.0,52,2.78,0,0,224.45
17.13,82.0,1,3.44,1,0,1017.68
1.77,39.0,43,2.56,0,1,132.46
4.2,,1,2.92,1,0,370.31
17.47,94.0,37,2.24,1,1,659.5
6.1,67.0,41,2.77,0,0,209.97
21.58,40.0,45,1.71,0,0,397.73
2.41,81.0,40,1.04,0,0,117.19
6.17,56.0,16,2.96,0,0,204.87
24.97,86.0,14,2.72,0,0,715.75
11.39,76.0,29,3.05,1,1,478.05
17.87,66.0,59,1.02,0,0,305.91
5.38,88.0,43,1.46,0,1,231.89
15.64,66.0,6,1.9,0,0,554.63
18.43,,35,2.26,0,0,382.31
8.55,38.0,44,2.42,0,0,195.18
20.89,127.0,39,3.38,1,0,640.25
15.48,54.0,19,2.11,0,1,496.11
10.34,126.0,27,3.11,1,0,412.76
14.38,112.0,1,3.42,1,0,904.68
14.84,41.0,21,3.24,1,0,431.59
4.97,24.0,54,2.91,0,0,154.39
10.67,27.0,28,2.75,0,0,257.92
9.24,38.0,31,1.34,0,1,277.86
10.62,49.0,55,2.89,0,0,245.66
19.27,42.0,25,2.21,1,0,511.9
12.58,67.0,11,2.98,0,0,418.94
23.57,80.0,30,2.4,0,0,535.29
8.05,47.0,26,2.26,0,0,236.22
10.98,38.0,6,1.65,0,1,419.65
19.89,40.0,20,1.27,0,0,412.32
14.1,74.0,29,1.25,0,0,318.26
14.13,82.0,10,3.53,1,0,602.06
2.28,36.0,27,,0,0,94.97
10.57,36.0,40,2.12,0,0,250.62
7.5,78.0,53,2.86,0,0,227.45
24.98,12.0,18,1.51,0,0,442.4
8.4,38.0,44,2.53,0,0,204.36
22.23,52.0,3,2.74,1,0,1024.68
17.23,69.0,44,1.43,0,0,353.87
9.18,93.0,35,2.71,0,1,353.68
14.04,106.0,44,3.16,1,0,421.84
21.17,109.0,1,1.99,1,0,1202.41
22.2,90.0,49,2.08,0,0,465.0
4.85,56.0,5,2.7,0,0,290.61
9.15,107.0,15,1.93,1,0,392.52
9.05,42.0,33,1.83,0,0,209.12
2.01,15.0,12,2.61,0,0,117.25
15.36,73.0,13,2.72,0,0,467.93
21.52,87.0,23,2.55,0,0,536.06
10.16,80.0,51,1.61,0,0,239.28
18.76,79.0,39,2.01,0,0,423.32
16.06,60.0,31,2.48,0,0,383.24
10.02,106.0,15,2.11,1,0,434.89
4.39,31.0,27,2.19,0,0,135.33
18.02,81.0,47,2.44,0,0,387.71
21.51,33.0,18,2.7,0,0,457.87
17.46,116.0,6,2.02,1,0,976.6
1.43,86.0,58,1.66,0,0,102.58
6.19,104.0,1,2.88,1,0,511.84
2.67,62.0,38,2.4,0,0,116.8
14.69,50.0,59,2.46,0,0,289.95
19.16,71.0,1,2.31,1,0,1143.57
3.65,108.0,1,1.83,1,0,358.44
21.12,80.0,39,2.39,0,0,449.31
14.33,54.0,29,2.82,0,0,332.78
17.56,41.0,34,2.6,0,0,402.44
24.31,37.0,46,2.24,0,0,440.98
3.01,23.0,15,2.96,0,0,147.5
22.63,22.0,12,1.87,0,0,470.56
4.03,89.0,32,2.85,1,0,204.25
10.43,79.0,22,1.82,1,0,356.03
21.43,10.0,16,2.89,0,0,424.97
22.75,56.0,49,2.17,0,1,601.56
13.15,69.0,28,2.58,1,0,424.56
15.26,43.0,35,1.09,0,0,270.44
18.0,55.0,59,1.72,0,0,349.65
20.99,10.0,25,1.01,0,0,358.09
3.92,43.0,20,1.65,0,0,139.7
20.44,68.0,28,2.9,0,0,475.05
12.55,46.0,16,2.11,1,0,390.89
11.81,74.0,17,2.09,0,0,362.32
11.17,51.0,13,1.37,0,1,376.71
13.22,91.0,49,2.57,0,0,321.61
23.68,58.0,41,2.92,1,0,656.66
14.16,52.0,2,,1,0,772.97
23.88,32.0,27,2.73,0,0,520.11
5.33,105.0,43,3.37,1,0,247.85
18.38,12.0,14,2.9,0,0,354.37
20.49,95.0,45,1.0,0,0,405.68
17.3,45.0,21,1.91,0,0,354.22
15.57,58.0,33,3.0,0,1,474.83
14.56,,53,2.62,0,0,308.32
21.66,96.0,55,2.66,0,0,492.53
20.72,81.0,55,2.24,0,0,398.41
3.93,66.0,6,2.43,0,0,248.56
21.37,98.0,15,2.61,0,0,638.58
10.94,73.0,12,1.18,0,0,352.29
7.09,20.0,25,2.39,0,0,189.53
21.87,50.0,53,2.63,0,0,435.55
11.37,45.0,27,1.88,1,0,339.77
20.4,84.0,44,2.39,1,0,545.42
7.32,90.0,11,,0,0,319.13
1.09,66.0,45,2.71,0,1,122.79
12.89,91.0,29,2.56,0,0,354.93
3.41,72.0,3,3.11,1,0,384.31
19.11,70.0,46,2.61,0,0,405.33
7.63,57.0,42,2.71,1,1,348.93
11.65,16.0,47,2.75,0,1,342.59
3.09,68.0,32,2.27,1,0,134.9
7.88,78.0,31,2.41,0,0,216.48
19.76,55.0,38,2.28,1,0,518.2
4.64,78.0,57,1.08,0,0,167.71
16.53,113.0,4,2.37,1,0,989.18
23.02,38.0,52,1.99,0,0,395.36
17.32,38.0,30,2.69,0,0,361.24
20.46,55.0,21,2.82,1,0,620.24
3.62,43.0,16,2.16,1,0,170.81
7.02,74.0,50,2.99,0,1,258.92
22.47,81.0,53,1.54,0,0,434.29
18.16,40.0,14,3.77,1,0,575.32
16.35,42.0,20,3.67,1,0,508.46
16.93,73.0,41,2.08,0,0,374.78
10.94,75.0,40,1.18,0,0,235.12
2.07,128.0,23,3.19,1,0,202.05
19.83,66.0,58,,0,0,410.81
17.29,114.0,7,2.69,1,0,904.58
12.35,57.0,1,2.28,1,0,794.88
22.59,78.0,5,3.41,1,1,1274.31
9.07,123.0,37,2.89,1,0,350.02
8.06,120.0,47,2.2,1,0,294.95
21.95,46.0,38,3.7,1,1,758.27
20.13,94.0,1,3.7,1,0,1169.11
13.36,26.0,48,1.73,0,0,242.78
4.14,77.0,39,1.13,0,0,125.29
6.16,45.0,5,2.26,0,0,267.81
16.75,40.0,36,2.43,1,0,438.86
10.24,44.0,5,1.13,0,0,348.65
21.08,85.0,37,2.78,0,0,467.93
23.8,26.0,30,3.0,0,1,642.99
20.34,119.0,37,2.5,1,0,619.53
10.06,67.0,42,3.29,1,0,319.96
19.93,71.0,1,1.93,1,0,1178.41
9.43,64.0,28,1.74,0,0,238.3
5.01,44.0,39,1.22,0,1,200.31
1.8,28.0,44,1.11,0,0,70.83
10.26,89.0,49,2.18,0,0,242.21
22.69,13.0,20,2.6,0,0,434.52
6.74,30.0,51,1.91,0,0,162.7
5.96,53.0,46,2.05,0,1,242.32
24.28,71.0,53,1.54,0,1,635.81
1.6,10.0,39,2.47,0,1,113.42
19.86,92.0,18,1.72,0,0,550.7
8.71,60.0,37,,0,0,200.23
1.9,99.0,13,1.33,0,0,145.99
23.03,85.0,23,1.26,0,0,522.52
4.35,26.0,34,1.87,0,0,128.07
14.24,46.0,14,1.13,0,0,327.6
7.58,75.0,47,3.41,1,0,266.42
2.56,38.0,15,2.82,0,1,184.09
2.2,78.0,30,1.5,0,0,120.05
3.77,42.0,20,2.77,1,0,182.1
2.71,24.0,18,2.04,0,0,126.99
19.25,76.0,20,2.97,0,0,504.77
12.65,86.0,43,1.13,0,1,382.14
9.23,78.0,34,2.34,0,0,230.37
11.04,30.0,13,1.69,0,0,281.52
23.29,32.0,17,2.0,0,0,488.25
22.86,86.0,33,2.23,1,0,636.94
18.18,95.0,5,1.32,0,0,852.51
22.23,73.0,49,2.29,1,1,731.9
8.67,80.0,33,1.94,1,1,358.16
10.15,129.0,1,2.36,1,0,675.9
15.73,86.0,17,3.18,1,1,681.17
15.97,40.0,38,2.3,0,1,429.62
12.56,,1,2.91,1,0,775.89
10.62,16.0,45,1.0,0,0,183.24
24.67,84.0,36,2.05,1,0,663.24
20.71,66.0,46,2.69,0,0,425.13
11.44,31.0,9,1.54,0,0,302.99
18.46,109.0,33,3.62,1,0,617.82
7.47,30.0,36,2.75,0,0,180.78
3.4,58.0,14,1.31,0,0,137.27
9.46,56.0,26,2.8,0,0,277.96
10.67,66.0,18,3.06,1,0,405.98
1.4,19.0,39,2.26,0,0,68.99
20.56,95.0,35,2.71,0,0,495.56
9.62,83.0,38,2.61,1,0,340.7
14.93,60.0,56,2.47,0,0,315.05
2.78,27.0,52,2.34,0,0,109.39
5.2,107.0,44,3.34,1,1,270.9
22.35,47.0,52,2.32,0,0,429.3
15.61,45.0,25,1.16,0,0,338.02
23.81,69.0,14,1.59,0,0,587.52
24.97,77.0,31,2.88,0,0,581.57
9.92,83.0,37,1.45,0,0,235.66
8.17,83.0,20,1.94,0,0,272.69
21.6,54.0,9,1.71,0,0,596.85
24.97,83.0,28,1.17,0,0,534.9
16.11,84.0,48,1.36,0,0,314.09
20.08,48.0,42,2.37,1,0,524.68
19.76,52.0,21,2.73,1,0,586.21
9.53,66.0,58,2.75,0,0,244.15
14.78,91.0,18,2.03,0,0,404.12
20.99,96.0,4,3.1,1,0,1225.26
17.51,46.0,20,1.85,0,0,415.04
1.51,86.0,23,3.54,1,0,141.82
9.08,20.0,19,2.33,0,0,231.11
4.47,67.0,16,1.98,1,1,255.56
6.59,15.0,47,1.96,0,0,144.53
22.73,42.0,10,2.65,0,0,571.6
1.89,53.0,45,3.27,1,0,118.2
6.28,86.0,41,3.61,1,0,290.06
8.43,38.0,31,1.46,0,0,213.31
15.81,54.0,23,3.75,1,0,518.32
13.82,65.0,49,1.57,0,0,293.42
6.24,78.0,32,1.1,0,0,187.4
4.94,95.0,23,1.99,0,0,182.23
6.68,40.0,37,1.22,0,0,172.3
13.06,58.0,4,3.16,1,0,661.55
7.51,27.0,15,2.8,0,0,203.47
23.74,67.0,48,2.84,0,0,482.8
12.13,79.0,34,2.21,0,1,412.09
2.41,82.0,18,2.07,0,0,135.03
18.5,39.0,20,2.99,0,0,417.29
8.89,44.0,11,2.16,0,0,266.3
16.68,56.0,47,3.65,1,0,513.4
7.71,25.0,8,2.83,0,0,237.21
14.7,77.0,20,1.58,0,0,370.91
19.53,42.0,55,1.03,0,0,347.04
23.27,45.0,39,1.88,0,0,438.77
7.27,20.0,13,2.72,0,0,218.16
9.04,69.0,53,2.67,0,0,243.3
12.14,13.0,40,2.21,0,0,276.15
23.25,102.0,3,2.11,1,0,1317.65
22.63,14.0,36,,0,0,391.22
3.16,103.0,40,3.71,1,0,195.47
4.17,94.0,30,1.84,0,0,159.81
12.89,86.0,48,2.3,0,0,305.6
3.56,13.0,23,2.81,0,0,116.48
9.29,44.0,57,2.74,0,0,205.79
4.56,35.0,47,2.13,0,1,199.42
16.26,65.0,1,2.78,1,1,969.59
23.79,28.0,35,2.47,0,0,459.28
24.92,46.0,17,1.7,0,0,508.55
10.01,20.0,50,2.25,0,0,234.38
15.38,75.0,14,1.05,0,0,406.32
21.55,40.0,52,2.65,0,0,441.67
3.82,57.0,14,3.8,1,0,227.57
17.55,84.0,56,2.91,0,0,394.15
10.81,83.0,1,2.52,1,0,713.02
5.95,25.0,48,2.06,0,0,161.43
10.67,67.0,52,1.47,0,0,218.65
2.82,11.0,12,1.61,0,1,158.4
17.69,68.0,39,1.91,0,0,375.05
7.07,57.0,19,2.49,0,0,223.64
8.47,95.0,33,1.04,0,0,208.11
3.91,45.0,54,1.79,0,0,99.56
21.75,47.0,2,2.91,1,0,1070.17
12.84,45.0,13,1.43,0,0,316.97
14.73,64.0,23,1.96,1,0,446.72
14.67,49.0,27,2.08,0,0,318.86
10.85,43.0,46,3.08,1,0,336.55
5.62,52.0,59,2.28,0,1,212.24
18.88,83.0,16,1.71,0,1,614.84
4.05,66.0,22,2.27,1,0,193.8
3.49,47.0,51,1.44,0,0,116.72
18.04,90.0,48,1.08,0,0,370.24
6.01,47.0,19,1.37,0,0,178.86
8.36,73.0,54,2.64,0,0,190.53
12.41,128.0,29,1.81,1,1,552.34
11.78,56.0,23,1.89,1,0,352.23
18.01,52.0,12,2.05,1,0,593.2
15.96,124.0,34,2.64,1,0,521.8
16.47,88.0,22,1.67,0,0,447.46
18.14,33.0,14,1.36,0,0,397.28
8.02,46.0,1,2.02,1,0,581.58
8.74,73.0,6,2.88,0,0,394.17
11.51,72.0,22,2.82,0,0,303.92
8.38,31.0,46,2.54,0,0,241.0
24.64,92.0,45,2.3,1,0,658.89
20.54,83.0,39,1.65,0,0,436.82
4.95,51.0,32,3.13,1,1,270.82
1.13,81.0,14,,0,0,138.65
2.03,31.0,24,2.06,0,0,85.91
6.86,78.0,4,3.1,1,1,530.5
3.74,86.0,7,2.84,1,0,276.11
13.8,73.0,57,1.83,0,0,278.33
21.59,53.0,28,,0,0,443.6
18.68,25.0,46,2.56,0,1,530.15
6.17,98.0,45,3.28,1,0,255.07
10.58,43.0,50,2.39,0,0,203.29
13.19,55.0,15,1.75,0,1,447.42
20.44,119.0,14,3.35,1,1,987.92
21.14,87.0,20,2.92,0,0,604.27
22.83,79.0,39,2.38,0,0,484.92
13.22,94.0,7,2.62,1,0,644.17
17.66,113.0,40,3.39,1,0,578.82
3.68,63.0,3,3.02,1,0,315.25
14.57,36.0,35,2.76,0,0,299.64
6.97,112.0,30,3.23,1,0,303.94
11.36,55.0,48,3.34,1,1,451.51
16.22,11.0,18,2.33,0,1,442.79
7.17,40.0,47,1.18,0,0,160.02
2.25,72.0,16,1.97,0,1,200.18
1.25,86.0,17,1.91,1,0,150.42
1.53,58.0,43,2.7,1,0,140.96
1.2,95.0,26,3.23,1,0,145.1
3.65,20.0,52,1.84,0,0,134.33
6.75,95.0,5,1.0,0,0,414.28
6.31,17.0,20,1.74,0,0,154.01
24.68,113.0,44,1.94,1,0,661.79
8.34,15.0,15,2.56,0,1,280.8
4.06,40.0,33,2.57,0,0,140.27
14.09,59.0,6,2.61,0,1,649.69
21.59,38.0,20,1.06,0,0,412.72
17.27,30.0,20,1.06,0,0,321.57
8.11,80.0,21,3.61,1,0,341.9
14.48,78.0,40,1.25,0,0,297.07
18.16,,37,2.34,0,0,389.83
18.47,97.0,30,2.59,0,0,479.52
17.0,88.0,15,1.9,0,0,490.69
21.9,95.0,1,2.89,1,1,1246.25
21.88,37.0,42,1.45,0,0,378.83
14.89,43.0,42,2.85,0,0,333.33
11.32,95.0,19,2.4,1,0,444.61
16.4,86.0,56,1.44,0,0,355.98
20.64,94.0,44,2.85,1,0,575.01
1.14,53.0,12,1.38,0,0,118.75
24.81,41.0,32,2.37,0,0,494.14
5.39,95.0,10,2.03,0,0,270.46
12.29,38.0,44,1.3,0,0,239.24
21.93,42.0,23,1.93,1,1,720.5
6.4,108.0,1,2.07,1,1,495.73
12.44,20.0,40,1.27,0,0,228.81
4.18,57.0,10,1.63,0,0,178.03
10.48,92.0,43,3.47,1,0,365.57
5.25,65.0,5,1.11,0,0,262.79
9.73,62.0,19,1.26,0,0,225.18
9.96,35.0,33,1.61,0,0,220.48
24.84,18.0,19,2.11,0,0,458.99
24.88,84.0,16,2.53,0,0,690.49
3.75,74.0,10,2.84,0,0,185.97
18.42,65.0,56,1.82,0,0,397.88
2.24,67.0,31,2.01,1,0,132.84
1.72,32.0,11,1.43,0,0,87.88
3.53,40.0,44,1.57,0,0,119.49
24.17,75.0,46,2.57,0,0,482.02
23.58,100.0,33,3.17,1,1,865.19
5.65,91.0,43,1.42,0,0,173.78
4.88,25.0,59,2.68,0,0,148.08
6.77,98.0,40,3.52,1,0,279.49
13.37,90.0,8,2.76,0,0,549.31
14.67,57.0,57,1.55,0,0,272.46
6.32,56.0,4,2.07,1,0,387.64
19.16,44.0,17,1.21,0,0,408.18
8.43,68.0,11,1.8,0,0,306.26
23.13,97.0,39,1.86,0,0,514.11
16.76,80.0,1,3.54,1,0,1020.7
11.47,46.0,59,1.54,0,0,247.82
19.96,69.0,12,3.05,1,1,838.7
20.63,121.0,1,3.38,1,0,1196.84
7.97,25.0,42,1.54,0,0,171.2
9.15,123.0,2,2.33,1,1,652.19
23.46,56.0,43,2.34,0,0,446.91
4.95,37.0,56,2.45,0,0,165.5
2.01,30.0,57,2.92,0,0,76.26
11.9,50.0,47,2.7,0,0,257.93
20.23,54.0,46,2.64,0,0,449.48
19.52,82.0,30,2.38,0,0,465.08
23.07,73.0,10,1.24,0,0,672.05
13.8,97.0,22,2.62,0,0,391.23
3.4,52.0,32,3.67,1,0,185.21
15.13,52.0,14,1.78,0,0,367.44
19.68,97.0,3,2.43,1,0,1165.12
3.24,127.0,34,,1,0,200.92
5.14,29.0,16,2.91,0,1,235.0
1.29,72.0,33,1.1,0,0,72.78
15.25,10.0,25,2.42,0,0,310.59
22.28,62.0,15,3.43,1,0,738.75
17.1,42.0,31,2.58,0,0,373.56
24.57,66.0,46,2.13,0,0,488.47
2.51,90.0,16,2.84,0,0,142.72
22.67,63.0,33,1.27,0,0,455.51
20.54,75.0,30,1.49,0,0,436.53
8.54,,54,1.61,0,0,206.13
24.36,63.0,30,1.02,0,0,476.02
7.91,55.0,45,2.54,1,0,265.97
22.34,76.0,22,2.12,1,1,835.51
22.14,16.0,18,2.45,0,0,426.62
19.18,40.0,39,2.63,1,0,495.76
14.52,57.0,19,3.21,1,0,478.37
3.88,51.0,43,1.59,0,0,142.06
13.77,48.0,12,1.26,0,0,344.61
9.56,65.0,9,2.06,1,1,494.81
20.01,84.0,31,1.41,0,0,449.18
19.2,104.0,35,2.03,1,0,570.44
22.85,66.0,39,1.44,0,1,631.5
1.36,78.0,9,2.16,0,0,142.63
20.42,95.0,8,1.51,0,0,771.74
23.52,86.0,56,,0,0,472.42
19.94,26.0,25,1.11,0,0,388.26
4.12,16.0,57,2.78,0,0,113.78
2.95,80.0,24,1.28,0,0,133.86
1.5,21.0,10,1.7,0,1,128.48
16.09,47.0,33,1.76,0,0,350.45
16.11,,49,3.34,1,0,502.76
24.69,57.0,44,1.97,0,1,639.86
10.55,94.0,1,2.57,1,1,733.8
8.97,93.0,30,3.19,1,0,322.7
15.99,81.0,21,2.19,0,0,390.1
20.81,24.0,53,1.16,0,0,387.36
23.48,69.0,31,2.43,1,0,676.21
20.27,94.0,43,3.76,1,0,651.21
11.24,82.0,29,1.97,0,0,291.21
16.24,60.0,38,2.65,1,0,469.09
21.55,69.0,39,1.3,0,0,404.74
12.77,87.0,25,2.68,0,0,355.33
6.2,17.0,6,1.27,0,1,244.5
5.07,56.0,59,1.21,0,0,148.25
1.0,75.0,5,2.68,1,0,207.5
18.24,112.0,32,2.67,1,0,584.81
3.67,35.0,21,2.96,0,0,147.42
6.85,93.0,35,1.26,0,0,196.46
8.15,79.0,23,1.97,0,0,245.44
14.45,43.0,33,1.4,0,1,416.47
10.55,69.0,17,2.4,0,0,308.42
17.19,32.0,25,1.78,0,0,342.55
2.34,94.0,41,2.3,0,1,177.56
3.97,50.0,9,1.68,0,0,203.88
12.98,129.0,45,2.93,1,0,448.69
9.09,108.0,22,2.74,1,1,470.73
8.1,64.0,19,1.75,0,0,266.9
2.61,82.0,31,2.08,0,0,121.99
22.5,54.0,8,1.77,0,0,651.46
17.6,70.0,42,2.61,0,0,372.74
3.92,72.0,1,2.79,1,0,368.11
2.56,98.0,33,2.81,0,0,142.35
24.4,61.0,15,1.45,0,0,573.92
17.35,90.0,55,1.22,0,0,361.22
11.02,58.0,30,2.56,1,1,428.68
17.84,84.0,31,1.37,0,0,417.35
19.15,17.0,58,1.79,0,0,354.01
19.72,109.0,33,2.21,1,0,591.21
12.47,15.0,39,2.74,0,0,267.89
11.32,81.0,9,2.14,0,0,421.44
1.26,66.0,20,2.0,0,0,91.1
23.24,127.0,15,3.38,1,0,945.13
15.48,99.0,19,2.06,1,1,637.3
5.88,28.0,34,2.71,0,0,171.25
23.07,61.0,55,1.97,0,1,586.94
22.96,50.0,54,1.27,0,0,418.48
24.74,93.0,7,2.64,0,0,957.96
21.98,97.0,41,1.92,0,0,475.79
24.95,47.0,11,2.21,0,0,603.59
6.87,78.0,43,2.79,0,0,203.68
21.21,55.0,1,3.58,1,0,1241.31
20.75,48.0,45,2.79,0,0,426.2
6.54,83.0,12,1.83,0,0,274.07
3.36,60.0,25,2.5,0,0,145.5
24.51,14.0,22,1.47,0,0,428.12
8.1,92.0,14,2.66,0,0,311.05
21.9,71.0,24,1.68,0,0,517.92
1.1,80.0,34,2.73,1,0,97.7
1.5,124.0,34,3.58,1,0,155.06
12.18,76.0,53,2.61,0,0,286.49
6.73,68.0,33,2.91,0,0,209.16
17.56,28.0,53,1.73,0,0,345.75
14.57,119.0,24,2.1,1,0,486.6
2.86,71.0,40,2.82,0,1,158.17
4.9,62.0,36,1.99,0,0,143.42
10.31,105.0,1,3.58,1,0,713.03
5.45,47.0,13,3.26,1,0,245.69
20.01,85.0,25,3.55,1,0,650.77
10.99,51.0,27,3.11,1,0,345.7
3.24,97.0,8,2.62,0,0,242.31
12.62,104.0,5,2.04,1,0,774.35
3.18,91.0,10,2.94,0,0,246.74
4.09,62.0,6,2.16,1,1,301.25
6.75,48.0,41,1.05,0,0,164.22
21.63,69.0,50,2.06,0,0,422.22
23.19,36.0,35,2.42,0,0,450.17
20.83,66.0,21,2.43,0,0,491.44
9.02,53.0,8,1.68,0,0,326.96
7.54,79.0,19,2.51,0,0,248.31
14.18,37.0,42,2.69,0,0,280.95
18.32,32.0,49,2.22,0,0,350.93
24.84,43.0,16,1.77,0,0,556.04
4.16,34.0,14,2.23,0,0,170.17
2.18,20.0,10,2.72,0,0,95.36
17.66,87.0,16,3.6,1,0,629.24
20.97,74.0,45,1.06,0,0,404.38
21.31,19.0,35,1.24,0,0,385.81
17.28,82.0,20,1.01,0,0,419.0
23.9,65.0,2,2.78,1,0,1352.9
13.26,19.0,43,1.87,0,1,348.73
22.93,27.0,50,2.09,0,0,415.48
24.23,99.0,30,3.17,1,0,749.67
21.33,,1,2.53,1,1,1201.4
8.43,84.0,23,2.22,1,1,408.18
5.71,35.0,7,1.79,0,0,203.11
14.15,48.0,45,1.82,1,0,370.81
11.87,45.0,14,2.66,0,0,343.53
22.07,54.0,40,2.57,1,0,567.9
3.4,63.0,26,3.05,1,0,176.84
7.19,79.0,15,2.45,1,0,312.48
19.04,11.0,10,2.23,0,0,346.15
3.28,43.0,38,2.88,1,0,177.53
8.7,29.0,36,1.42,0,0,184.03
10.29,48.0,48,2.25,0,0,224.14
15.94,54.0,32,1.22,0,0,303.18
4.8,35.0,8,1.96,0,1,209.65
21.65,69.0,34,2.44,0,0,505.59
11.74,78.0,46,2.1,0,0,276.21
23.01,77.0,48,2.49,0,0,504.09
12.23,95.0,21,1.55,0,0,356.07
7.6,109.0,49,1.9,1,0,252.24
4.4,70.0,22,1.91,1,0,219.54
1.09,78.0,43,1.54,0,1,136.61
13.77,46.0,4,2.62,1,0,585.26
3.57,78.0,5,2.08,0,1,317.69
10.4,43.0,45,3.32,1,0,319.57
15.14,82.0,35,2.68,0,0,366.6
7.62,76.0,26,3.19,1,0,291.08
5.21,41.0,48,2.73,1,0,193.47
19.59,58.0,24,1.53,0,0,404.77
23.72,92.0,33,1.86,0,0,533.79
3.41,26.0,41,1.55,0,0,128.36
4.73,26.0,29,2.25,0,0,151.46
24.04,49.0,42,2.64,0,0,482.18
1.91,60.0,5,2.04,0,1,199.93
24.46,97.0,58,1.09,0,0,468.22
1.11,86.0,19,2.88,0,0,107.84
21.97,67.0,28,2.39,1,0,628.7
8.38,85.0,17,3.63,1,0,377.94
23.53,87.0,33,2.63,0,1,698.25
8.61,96.0,54,1.83,0,1,279.02
16.7,96.0,17,1.11,0,1,604.76
2.92,83.0,6,2.9,0,0,223.26
6.82,58.0,44,2.32,0,0,199.01
19.57,56.0,1,2.3,1,1,1139.07
13.69,66.0,16,2.87,1,0,494.78
23.27,71.0,59,2.27,0,0,449.31
11.29,20.0,19,1.45,0,0,234.24
21.88,122.0,7,1.99,1,0,1124.54
11.77,83.0,49,2.33,1,1,430.6
24.5,75.0,24,1.9,1,0,696.02
24.04,25.0,29,1.14,0,0,429.07
8.9,69.0,25,1.31,0,0,249.86
22.26,96.0,21,1.32,0,0,560.28
21.34,61.0,40,1.5,0,0,435.12
6.06,61.0,33,3.67,1,1,294.07
15.98,,38,2.15,0,0,370.15
2.74,116.0,35,2.65,1,0,184.49
21.08,95.0,38,2.13,0,0,497.91
5.19,,43,1.81,1,1,285.68
2.7,47.0,57,2.79,0,0,104.65
10.61,74.0,54,2.06,0,0,237.65
14.85,60.0,42,1.9,0,0,335.37
21.52,95.0,54,2.88,0,0,491.97
24.38,62.0,48,3.26,1,0,651.28
11.55,24.0,42,1.67,0,1,348.73
2.45,118.0,20,3.67,1,0,204.4
18.98,40.0,6,2.7,0,0,549.22
14.56,37.0,38,2.91,0,0,355.23
11.75,106.0,32,1.99,1,0,378.99
8.42,81.0,35,3.71,1,0,298.43
13.06,34.0,40,2.09,0,1,384.82
9.13,72.0,36,3.14,1,1,395.4
19.17,32.0,56,1.42,0,0,355.66
14.05,62.0,38,1.28,0,0,322.25
22.04,55.0,39,1.96,1,0,591.99
14.05,46.0,8,1.84,0,0,400.23
6.72,14.0,15,1.44,0,0,148.47
21.43,20.0,46,1.16,0,1,521.92
14.37,21.0,17,2.91,0,0,339.55
5.96,30.0,43,2.47,0,0,185.8
15.96,27.0,40,2.04,0,1,447.55
9.59,53.0,48,3.29,1,1,389.35
21.27,42.0,9,2.22,0,1,726.85
11.88,30.0,43,1.36,0,1,333.63
18.43,65.0,5,3.07,1,0,832.32
3.29,98.0,31,2.36,0,0,163.07
10.5,64.0,1,2.27,1,0,688.54
24.6,74.0,39,2.44,1,0,640.13
20.4,102.0,22,2.57,1,1,836.84
4.84,29.0,39,2.21,0,0,140.07
7.67,72.0,41,1.25,0,0,201.92
8.92,75.0,18,2.49,0,0,276.49
16.61,21.0,33,1.69,0,1,435.06
19.17,41.0,56,2.38,0,0,370.17
18.99,57.0,41,2.87,0,0,397.45
13.24,68.0,21,2.74,0,0,345.33
20.46,29.0,18,2.48,0,0,449.47
11.49,46.0,35,1.39,0,0,220.61
3.97,79.0,42,3.26,1,0,197.76
14.55,70.0,56,2.27,0,0,309.71
23.86,65.0,42,2.55,0,1,690.81
20.03,23.0,59,2.74,0,0,404.83
14.89,45.0,9,1.62,0,1,547.84
16.52,85.0,22,2.29,0,0,443.75
23.33,99.0,22,,0,1,774.38
11.28,43.0,19,1.69,0,1,368.23
8.95,45.0,45,2.84,1,0,296.13
24.45,55.0,8,1.87,0,1,846.56
21.72,86.0,42,2.2,0,1,647.08
8.75,31.0,57,2.52,0,0,223.98
12.13,92.0,57,2.21,0,0,280.58
10.96,32.0,45,2.94,0,0,254.77
4.58,73.0,13,2.48,0,0,223.52
23.99,83.0,13,3.77,1,0,885.9
10.7,20.0,29,2.49,0,0,251.15
22.01,77.0,53,2.02,0,0,445.31
5.54,70.0,24,1.82,0,0,184.57
14.15,115.0,8,3.27,1,0,751.03
1.58,65.0,12,2.37,0,0,116.18
19.34,60.0,13,2.34,0,0,505.56
14.94,102.0,15,3.24,1,0,597.93
16.01,69.0,28,3.54,1,1,628.04
2.24,19.0,44,1.46,0,0,96.66
6.06,97.0,58,2.13,0,1,232.5
2.78,32.0,45,2.21,0,0,126.53
7.93,10.0,17,1.59,0,0,200.28
16.06,57.0,30,2.98,0,0,391.85
14.59,43.0,36,3.37,1,0,431.64
15.69,67.0,39,2.44,1,0,431.08
14.18,53.0,41,1.72,0,0,287.88
7.55,106.0,24,3.24,1,0,325.66
6.87,41.0,41,1.82,1,0,260.09
4.29,97.0,14,2.73,1,0,277.05
21.38,45.0,1,2.49,1,0,1201.08
15.8,51.0,58,2.71,0,0,344.63
5.48,26.0,48,2.58,0,0,146.59
5.25,46.0,24,1.66,0,0,173.28
21.95,53.0,20,,0,0,514.21
18.83,32.0,6,2.83,0,0,494.45
16.83,49.0,14,2.1,0,0,415.6
10.76,94.0,45,1.32,0,0,244.31
7.29,53.0,56,2.54,0,1,277.88
24.51,40.0,39,1.64,0,0,461.58
20.13,85.0,47,2.05,0,0,413.21
8.24,22.0,32,1.09,0,1,249.71
21.34,99.0,14,2.0,0,0,623.24
19.21,29.0,17,1.76,0,0,398.05
8.13,86.0,16,3.17,1,0,378.15
11.24,19.0,38,1.08,0,1,305.13
5.46,74.0,20,2.25,0,0,187.97
3.67,61.0,12,2.54,0,0,187.22
18.35,72.0,24,1.03,0,0,411.93
7.42,38.0,14,2.5,0,0,224.81
20.68,63.0,59,1.26,0,0,379.43
24.89,125.0,23,3.2,1,0,854.17
2.84,89.0,43,2.71,1,0,161.61
12.35,74.0,54,2.1,0,0,275.76
20.25,53.0,56,1.67,0,0,377.21
19.93,17.0,57,1.49,0,0,341.93
19.24,18.0,46,1.14,0,0,335.14
9.38,62.0,24,3.53,1,0,358.07
11.89,93.0,28,2.22,0,0,322.95
15.28,43.0,6,2.97,0,0,491.83
24.37,25.0,38,2.7,0,0,441.43
8.86,95.0,46,2.74,0,0,255.36
23.16,101.0,15,3.0,1,0,823.37
7.46,96.0,38,1.16,0,0,206.04
24.74,74.0,36,2.83,0,0,532.98
17.09,87.0,34,1.24,0,0,382.46
12.12,61.0,18,2.03,0,1,432.31
15.72,32.0,23,2.71,0,0,351.66
7.54,47.0,34,1.94,0,0,206.85
7.58,49.0,45,1.33,0,1,240.07
3.73,17.0,31,1.75,0,0,111.9
3.74,41.0,20,2.98,0,0,146.63
9.34,49.0,29,3.0,0,0,265.17
19.31,75.0,58,2.42,0,0,385.54
15.59,57.0,29,2.78,0,0,356.32
3.46,52.0,18,1.89,1,0,182.53
21.45,36.0,7,1.55,0,0,541.09
15.43,55.0,28,1.74,0,0,346.45
24.06,110.0,5,1.82,1,0,1343.49
17.08,12.0,36,1.75,0,0,309.1
5.2,124.0,17,1.99,1,0,281.72
12.37,100.0,6,2.83,1,0,712.24
16.56,81.0,43,1.01,0,0,353.99
1.68,104.0,15,2.34,1,0,172.17
1.36,26.0,41,2.73,0,0,107.02
4.11,35.0,56,1.43,0,0,139.78
7.04,68.0,28,1.93,1,1,338.6
11.31,81.0,25,,0,1,364.23
12.7,47.0,30,2.66,0,0,300.99
4.31,90.0,30,2.97,1,0,208.11
17.16,82.0,43,2.97,1,0,499.32
15.31,81.0,54,1.0,0,0,320.22
8.07,47.0,28,2.74,1,0,298.87
1.33,34.0,13,1.53,0,1,139.07
2.86,64.0,22,1.67,0,1,175.93
10.4,54.0,48,2.2,0,0,229.21
4.7,95.0,46,2.75,0,0,161.94
10.04,76.0,43,1.36,0,0,246.97
16.08,66.0,34,2.54,0,0,358.1
14.13,58.0,7,1.1,0,0,459.95
6.55,63.0,54,1.65,0,0,180.24
9.25,86.0,1,2.24,1,0,650.82
15.74,73.0,7,2.83,0,0,585.5
21.66,33.0,19,1.36,0,0,411.49
19.08,101.0,35,2.96,1,0,562.69
14.28,42.0,7,1.33,0,0,391.26
9.7,79.0,32,2.75,1,1,448.2
9.76,38.0,47,1.83,0,0,183.19
22.11,17.0,38,1.08,0,1,549.43
1.94,84.0,21,2.65,0,0,114.75
24.71,25.0,7,2.56,0,0,561.36
16.95,42.0,11,1.56,0,0,431.09
17.35,73.0,35,2.23,0,0,398.87
1.91,50.0,4,2.53,1,0,227.81
15.53,38.0,55,2.54,0,0,304.55
12.63,58.0,39,2.38,0,0,302.51
3.54,127.0,22,1.98,1,0,229.35
7.67,75.0,59,2.69,0,0,185.04
22.37,44.0,49,2.16,1,0,529.6
14.2,97.0,24,1.35,0,0,378.39
10.92,62.0,5,2.47,0,0,468.21
2.74,53.0,46,,0,0,109.48
18.14,16.0,17,1.24,0,1,471.2
17.87,79.0,12,1.67,0,0,541.03
15.74,108.0,18,3.48,1,0,595.28
13.25,88.0,26,1.35,0,0,369.1
11.41,36.0,31,1.68,0,1,360.44
15.24,63.0,51,1.57,0,1,436.54
6.6,82.0,37,1.71,0,0,185.52
23.59,32.0,30,2.43,0,1,614.39
15.13,67.0,48,1.81,0,1,430.75
8.47,26.0,7,2.52,0,1,309.48
11.79,96.0,34,2.28,0,0,318.65
20.34,85.0,32,2.52,1,0,598.78
4.88,56.0,14,1.86,0,0,166.45
8.03,68.0,10,2.41,0,0,312.31
17.31,84.0,11,2.87,1,0,675.61
8.57,101.0,1,3.54,1,0,598.31
20.02,,18,2.87,0,0,534.9
4.13,114.0,28,3.24,1,0,229.01
19.3,22.0,50,2.98,0,0,369.52
2.64,21.0,10,2.19,0,0,111.15
1.3,41.0,27,1.88,1,0,115.3
22.56,81.0,12,2.81,1,0,815.09
14.95,63.0,10,1.46,0,0,458.19
9.44,20.0,22,1.67,0,1,311.73
6.58,87.0,34,1.98,0,0,215.62
15.81,31.0,8,1.59,0,0,374.5
13.22,124.0,19,2.42,1,0,540.47
24.8,58.0,50,1.8,0,0,459.23
24.6,46.0,7,1.57,0,1,812.97
16.24,45.0,50,1.34,0,0,294.17
11.63,128.0,1,3.33,1,0,794.29
12.79,58.0,50,1.79,0,0,280.37
17.38,67.0,55,2.66,0,0,373.11
3.44,42.0,34,3.57,1,0,165.2
8.88,75.0,9,2.5,0,0,362.98
2.81,72.0,4,2.59,1,0,289.52
2.76,27.0,49,2.44,0,0,115.14
5.7,57.0,42,1.31,0,0,162.15
12.65,84.0,58,2.32,0,0,291.74
19.83,80.0,24,1.81,0,0,466.2
12.65,46.0,46,,0,0,269.25
9.05,59.0,17,2.51,0,0,232.6
2.98,45.0,56,2.13,0,0,121.63
14.21,36.0,46,2.28,0,0,288.37
7.51,31.0,5,1.43,0,0,286.03
15.76,40.0,58,2.19,0,0,298.5
24.45,49.0,34,1.92,0,0,491.21
3.67,63.0,40,,0,0,131.1
6.09,73.0,49,1.82,0,0,164.87
12.35,79.0,42,1.62,0,0,270.49
24.25,62.0,12,1.61,0,0,631.68
19.52,63.0,13,2.4,0,0,524.83
22.56,63.0,45,2.12,0,0,462.69
9.01,80.0,50,1.06,0,0,221.18
24.81,45.0,27,1.9,1,0,642.98
3.47,73.0,41,2.14,0,0,154.76
2.27,63.0,59,2.69,0,0,121.78
21.53,74.0,53,1.09,0,0,410.7
23.25,85.0,1,2.81,1,0,1322.3
3.17,51.0,21,2.7,0,0,118.23
3.72,84.0,58,1.01,0,0,124.96
1.8,95.0,17,2.35,1,0,177.09
3.51,49.0,41,2.84,0,1,197.06
6.03,24.0,6,1.16,0,0,177.06
24.28,39.0,22,2.21,0,0,526.35
17.03,32.0,42,2.01,0,0,328.81
19.69,21.0,32,1.3,0,0,344.91
19.63,39.0,18,1.08,0,1,574.73
13.84,55.0,16,2.81,1,0,456.29
20.14,39.0,5,2.47,0,1,745.19
15.3,107.0,37,2.15,1,0,447.89
8.55,72.0,36,3.18,1,0,298.19
14.47,66.0,51,2.09,0,0,298.96
13.8,37.0,45,1.72,0,0,258.33
20.76,94.0,43,2.33,0,0,469.71
24.56,88.0,48,1.38,0,0,469.05
10.87,35.0,12,1.91,0,0,286.89
19.32,23.0,31,2.1,0,0,392.38
3.39,96.0,4,2.72,1,0,352.33
19.64,24.0,38,1.8,0,0,373.53
9.91,75.0,58,2.48,0,0,233.35
1.95,55.0,40,3.11,1,0,168.48
9.72,46.0,45,2.28,0,0,223.55
15.66,20.0,37,2.78,0,0,311.84
3.86,20.0,52,2.99,0,0,164.34
23.18,42.0,41,2.13,0,0,435.26
2.86,11.0,12,1.7,0,0,87.91
23.32,72.0,24,3.36,1,0,724.36
17.97,72.0,24,1.28,0,0,422.23
8.91,12.0,5,2.03,0,0,242.07
10.38,,59,2.05,0,0,249.94
18.78,42.0,53,2.97,0,0,393.16
15.44,35.0,11,2.98,0,1,514.4
17.12,43.0,15,2.6,0,0,396.33
10.34,87.0,43,1.95,0,0,254.73
12.71,,11,2.09,0,0,380.46
24.76,75.0,57,1.64,0,1,663.83
6.13,111.0,30,3.46,1,0,287.5
11.03,36.0,24,2.49,0,0,243.72
8.0,81.0,37,2.54,0,0,224.41
19.36,80.0,51,1.28,0,0,368.9
19.34,84.0,38,1.8,0,0,405.32
8.02,88.0,17,2.87,1,1,396.1
2.95,56.0,28,1.25,0,0,150.64
1.27,60.0,3,2.54,1,0,213.02
11.26,60.0,17,1.97,1,0,382.52
10.85,80.0,50,2.92,0,0,263.98
24.72,123.0,42,3.3,1,0,713.41
12.28,100.0,11,3.04,1,0,563.31
7.15,23.0,43,1.41,0,0,178.41
22.39,29.0,38,1.67,0,0,421.16
12.79,14.0,10,1.29,0,0,282.54
15.38,40.0,7,2.07,0,0,440.59
3.3,71.0,57,2.64,0,0,125.04
10.19,21.0,42,1.04,0,0,189.2
23.66,65.0,42,1.21,0,0,456.23
15.15,65.0,12,1.46,0,0,430.4
9.27,51.0,34,3.23,1,0,309.55
16.02,75.0,13,2.79,0,0,493.98
22.85,35.0,19,2.51,0,0,487.84
7.58,77.0,34,2.05,0,1,274.96
13.12,39.0,53,,0,0,220.54
24.01,59.0,1,3.31,1,0,1351.4
5.14,75.0,33,1.21,0,0,154.33
18.27,74.0,27,2.5,1,0,527.55
15.75,88.0,10,1.62,0,0,512.44
17.31,90.0,23,2.52,1,0,561.73
9.43,53.0,13,2.46,1,0,355.47
8.53,94.0,31,3.34,1,0,325.38
17.42,45.0,31,1.34,0,0,345.01
6.17,,15,2.69,0,0,230.85
11.07,63.0,46,2.72,0,0,273.8
5.52,72.0,13,1.98,0,0,226.47
1.2,67.0,20,1.21,0,0,72.25
24.28,36.0,55,2.15,0,0,433.07
11.36,41.0,12,3.44,1,0,440.16
24.26,94.0,17,1.58,0,0,645.97
4.37,117.0,1,3.48,1,0,398.54
15.1,94.0,21,2.35,0,0,432.27
5.82,32.0,13,2.97,0,1,248.83
19.96,44.0,36,2.65,0,0,407.4
19.81,71.0,30,1.4,0,0,449.85
3.7,81.0,46,1.9,0,0,150.75
22.89,98.0,46,2.01,1,0,635.53
5.67,85.0,26,1.14,0,0,167.81
15.71,103.0,39,3.21,1,0,500.31
24.66,80.0,22,3.63,1,0,753.67
22.18,42.0,59,2.95,0,0,459.32
23.96,48.0,10,,1,0,787.7
9.22,118.0,30,2.2,1,1,453.21
3.53,113.0,19,2.92,1,0,245.67
5.52,88.0,22,2.2,1,1,322.58
13.01,41.0,23,2.39,1,1,483.35
20.04,12.0,46,2.67,0,0,369.35
4.6,32.0,5,2.62,0,0,213.74
16.83,113.0,25,3.59,1,0,593.53
8.77,58.0,24,2.76,1,1,374.78
9.19,27.0,44,2.13,0,0,210.22
16.89,44.0,29,2.54,0,0,379.23
12.21,63.0,56,1.48,0,0,265.26
20.49,69.0,57,2.65,0,0,475.04
4.74,18.0,22,1.04,0,0,133.04
19.96,61.0,41,2.6,0,1,570.64
2.54,89.0,37,3.35,1,0,143.3
5.66,21.0,55,1.6,0,0,140.85
16.75,26.0,13,2.46,0,1,484.16
21.52,124.0,9,2.23,1,0,1032.24
7.06,88.0,23,2.95,1,0,303.13
8.85,57.0,41,2.4,0,0,209.3
13.89,36.0,9,2.43,0,0,370.11
6.08,23.0,59,2.97,0,0,192.21
20.47,94.0,38,2.16,1,0,568.72
19.57,22.0,13,1.96,0,0,396.5
4.49,12.0,41,2.76,0,0,139.45
12.13,103.0,4,2.92,1,0,784.34
19.6,,19,3.55,1,0,752.36
9.1,81.0,59,1.87,0,0,197.09
16.19,32.0,42,2.59,0,0,347.65
2.21,89.0,14,2.74,0,0,153.4
15.61,82.0,42,2.69,0,0,382.85
4.66,48.0,24,2.74,0,0,150.07
20.93,67.0,46,1.44,0,0,411.4
9.53,27.0,13,1.88,0,0,230.47
7.76,63.0,7,1.35,0,0,284.02
21.18,70.0,37,2.16,1,0,567.78
2.2,73.0,15,1.98,0,0,117.17
10.52,51.0,8,2.92,0,0,368.2
9.88,76.0,43,2.98,1,1,398.27
7.84,79.0,32,2.71,0,0,211.2
22.88,,35,3.67,1,0,722.44
19.02,97.0,42,1.17,0,0,416.53
2.53,51.0,15,1.32,0,0,131.18
18.15,92.0,55,1.58,0,0,383.2
13.66,38.0,36,2.23,0,0,293.05
22.62,79.0,22,1.12,0,0,513.69
8.51,12.0,44,2.57,0,0,176.38
14.78,27.0,58,1.13,0,0,259.0
13.02,94.0,50,1.32,0,0,281.67
12.75,38.0,23,1.76,0,0,286.53
11.95,61.0,20,2.12,0,0,333.42
5.94,51.0,7,,0,1,349.88
19.14,91.0,7,3.73,1,1,1065.45
11.83,45.0,53,2.77,0,0,297.28
24.0,47.0,45,2.01,1,1,762.47
7.26,89.0,41,2.26,0,0,210.21
17.39,95.0,57,1.88,0,0,375.71
23.58,11.0,52,1.25,0,1,542.31
16.92,90.0,24,2.91,1,0,567.5
21.91,54.0,8,2.51,1,1,932.73
20.86,56.0,48,2.49,1,0,546.8
9.64,22.0,55,1.19,0,0,179.28
15.4,93.0,46,3.76,1,0,474.01
4.75,34.0,40,2.45,0,1,221.44
13.85,83.0,10,1.56,0,0,480.2
6.53,,36,2.83,0,0,206.6
18.85,42.0,45,2.9,0,0,398.56
13.67,117.0,34,3.42,1,0,480.22
10.87,31.0,36,2.32,0,0,230.35
7.45,53.0,16,1.75,0,1,255.76
24.97,13.0,47,1.87,0,0,427.84
2.72,65.0,33,2.71,1,0,167.8
2.05,10.0,29,2.9,0,0,124.85
6.21,19.0,29,2.52,0,0,156.23
24.31,11.0,58,1.58,0,0,404.12
24.5,68.0,2,3.05,1,0,1367.38
16.72,64.0,36,2.99,1,1,604.01
22.12,96.0,39,2.62,0,1,696.18
6.14,69.0,10,1.19,0,0,218.86
24.33,128.0,37,3.2,1,1,928.73
4.43,52.0,1,2.46,1,0,402.57
3.43,49.0,48,1.26,0,0,103.32
3.69,43.0,39,2.46,0,0,128.52
14.76,74.0,20,2.46,1,0,494.79
19.74,88.0,35,2.46,0,0,486.88
9.8,48.0,25,1.32,0,0,230.68
24.47,51.0,28,2.97,0,1,692.29
11.43,93.0,59,2.61,0,1,388.7
4.61,95.0,14,1.58,0,0,204.74
12.18,64.0,1,3.28,1,0,764.3
17.3,23.0,30,1.27,0,0,319.68
20.97,122.0,22,3.11,1,0,732.16
12.01,125.0,1,1.92,1,0,763.09
15.25,96.0,48,1.67,0,0,350.59
7.42,40.0,8,3.76,1,1,383.32
16.5,48.0,11,1.24,0,0,412.71
24.66,39.0,21,2.19,0,0,500.33
2.18,14.0,19,1.14,0,0,96.95
22.28,80.0,26,2.34,0,1,670.86
14.49,71.0,36,1.56,0,0,331.98
7.05,86.0,30,1.62,0,0,227.57
23.92,40.0,27,1.68,0,0,463.64
12.6,16.0,30,1.41,0,0,231.96
8.96,68.0,44,3.68,1,0,326.7
5.36,90.0,18,3.61,1,1,341.85
6.87,98.0,26,2.74,0,0,254.96
20.99,86.0,59,1.21,0,0,419.81
15.75,88.0,31,1.47,0,0,360.48
22.92,60.0,25,2.22,0,0,527.79
6.57,,31,3.74,1,0,279.11
3.91,108.0,37,3.01,1,1,285.39
1.15,23.0,12,1.65,0,0,118.06
13.19,32.0,18,2.63,0,0,319.84
24.96,89.0,6,1.27,0,0,977.63
17.68,97.0,56,2.76,0,0,398.46
8.4,82.0,1,3.75,1,0,617.01
22.04,65.0,31,2.94,0,0,502.3
19.76,60.0,2,2.1,1,1,1155.76
1.37,39.0,8,2.1,0,0,124.79
20.6,85.0,14,2.17,0,0,604.64
8.21,49.0,50,1.39,0,0,194.36
4.59,31.0,58,2.09,0,0,137.16
6.43,41.0,41,3.09,1,1,299.37
12.25,62.0,4,2.46,1,0,640.76
11.2,126.0,10,2.43,1,1,670.53
7.93,95.0,7,1.12,0,0,389.46
5.13,101.0,17,3.71,1,0,276.67
19.29,39.0,6,2.61,0,0,571.65
24.76,36.0,5,2.52,0,1,869.27
19.67,84.0,15,1.04,0,0,513.17
8.1,46.0,52,2.25,0,0,210.12
6.88,109.0,38,2.16,1,0,254.79
6.22,25.0,41,2.32,0,0,182.95
4.28,29.0,24,2.24,0,0,131.73
14.23,83.0,25,2.7,0,0,387.57
15.53,55.0,34,1.51,0,0,344.95
17.93,83.0,29,1.05,0,0,377.86
17.33,34.0,51,2.83,0,0,368.15
8.02,98.0,11,3.62,1,0,424.58
8.93,95.0,44,1.91,0,0,269.14
17.36,71.0,45,1.96,1,0,486.13
9.39,26.0,27,2.0,0,0,235.41
6.1,99.0,23,2.05,0,0,233.87
9.98,89.0,48,2.64,0,0,266.72
7.53,49.0,15,3.23,1,0,323.4
3.12,26.0,11,1.14,0,0,130.4
20.92,11.0,10,2.41,0,0,431.08
21.47,105.0,1,2.07,1,0,1221.31
6.27,38.0,7,1.18,0,0,203.71
2.55,43.0,35,2.6,1,0,126.65
18.73,39.0,15,1.15,0,0,395.67
6.08,100.0,16,3.46,1,1,386.63
10.44,67.0,54,1.93,0,0,227.58
2.54,85.0,52,2.17,0,0,128.56
6.43,43.0,57,2.15,0,1,240.59
20.03,87.0,46,2.96,0,0,433.81
20.31,63.0,42,3.63,1,0,582.27
5.97,127.0,3,3.5,1,0,482.16
9.06,91.0,24,1.77,0,0,275.74
4.22,34.0,6,1.29,0,0,181.03
2.78,98.0,54,2.18,0,0,133.07
24.81,34.0,20,1.88,0,0,500.84
16.73,39.0,30,1.45,0,0,321.71
14.01,64.0,56,1.2,0,0,264.25
19.37,98.0,27,1.87,0,0,480.73
21.16,33.0,18,2.3,0,0,457.41
20.36,48.0,25,2.25,0,0,457.22
1.4,86.0,27,2.55,0,0,131.44
5.48,11.0,16,1.93,0,0,152.46
16.72,43.0,8,1.64,0,0,455.76
10.02,55.0,11,2.88,1,0,409.34
24.58,57.0,35,2.95,0,1,690.76
16.97,33.0,32,1.09,0,0,322.24
23.96,89.0,46,2.86,1,0,662.24
5.83,11.0,57,1.66,0,0,130.98
21.73,48.0,58,1.21,0,1,532.62
8.71,90.0,56,1.87,0,0,244.38
24.75,68.0,43,2.28,0,0,499.68
4.78,32.0,40,2.06,0,1,196.22
13.39,21.0,51,1.06,0,0,235.97
20.03,116.0,8,2.96,1,0,1036.23
11.38,78.0,56,1.46,0,1,329.59
12.23,24.0,58,1.68,0,0,218.36
24.67,99.0,25,2.42,1,0,770.33
11.21,73.0,37,2.72,0,0,276.51
15.5,11.0,13,1.1,0,0,260.71
2.31,79.0,26,1.7,0,0,124.83
21.21,73.0,40,1.79,0,0,443.53
16.56,75.0,24,3.04,1,0,526.53
10.7,126.0,46,3.38,1,0,375.43
1.39,22.0,13,2.46,0,0,92.15
15.2,41.0,3,3.31,1,1,833.07
1.3,14.0,58,1.38,0,0,75.61
1.03,49.0,16,2.82,0,0,122.85
15.79,89.0,32,1.83,0,0,377.76
5.54,73.0,20,1.02,0,0,184.5
5.61,48.0,41,2.34,0,0,148.51
16.68,44.0,53,2.21,0,0,342.6
2.29,66.0,10,1.25,0,0,153.18
8.52,80.0,3,3.72,1,0,637.35
4.59,84.0,37,2.92,1,0,207.42
14.92,43.0,38,1.94,0,1,409.48
16.88,28.0,35,1.8,0,0,357.16
18.31,99.0,11,1.42,0,0,643.72
7.13,81.0,26,3.71,1,0,324.87
3.14,56.0,43,3.2,1,1,210.01
2.89,44.0,47,2.14,0,0,133.68
11.23,85.0,58,2.26,0,0,243.07
23.7,44.0,28,,0,0,505.81
6.23,15.0,34,2.27,0,1,217.26
7.16,61.0,46,1.23,0,1,257.0
3.42,83.0,30,2.39,0,0,136.21
15.53,52.0,37,2.13,0,0,351.5
17.32,32.0,30,2.93,0,0,387.19
16.43,92.0,23,2.47,0,1,570.01
21.67,82.0,1,2.49,1,1,1227.22
12.67,62.0,56,1.27,0,0,242.4
4.23,111.0,14,2.76,1,0,290.77
7.95,82.0,42,2.36,0,0,207.68
16.9,76.0,52,1.35,0,0,365.03
15.71,75.0,16,2.3,0,1,578.0
13.74,73.0,37,3.45,1,0,425.77
17.39,44.0,26,1.31,0,1,483.43
16.3,91.0,54,2.41,0,0,364.92
22.15,36.0,59,1.14,0,0,355.26
15.06,36.0,11,1.02,0,1,443.52
19.69,73.0,26,1.07,0,0,427.1
6.97,78.0,21,3.06,1,0,296.93
17.28,99.0,8,3.75,1,0,845.67
22.65,120.0,7,3.34,1,1,1275.58
10.26,112.0,14,2.31,1,0,461.21
19.7,32.0,12,1.14,0,0,427.84
18.39,87.0,50,2.23,0,0,387.16
2.43,20.0,22,1.01,0,0,122.96
14.96,13.0,8,2.59,0,0,329.33
4.12,90.0,17,2.29,1,0,225.16
24.22,47.0,27,1.6,0,0,508.46
20.47,90.0,1,2.49,1,0,1178.13
3.63,87.0,35,3.33,1,0,206.27
3.92,89.0,6,1.53,0,1,305.27
15.27,45.0,50,1.57,0,0,300.14
9.28,34.0,48,2.08,0,0,214.62
1.84,14.0,26,1.93,0,1,140.62
14.0,83.0,55,2.91,0,0,339.51
10.31,78.0,54,,0,0,220.94
3.43,91.0,48,1.18,0,0,160.11
20.25,62.0,1,2.88,1,0,1176.39
22.96,23.0,14,1.37,0,0,458.13
19.16,61.0,38,1.83,0,0,369.69
20.74,126.0,25,2.17,1,0,697.57
6.2,57.0,18,2.76,0,1,263.41
7.33,66.0,56,1.65,0,0,187.74
6.0,72.0,42,,1,0,249.33
19.36,77.0,13,3.7,1,0,715.19
23.75,104.0,40,3.68,1,0,732.61
18.2,15.0,33,2.05,0,0,340.47
22.16,30.0,50,2.97,0,0,428.37
16.33,36.0,59,2.31,0,0,327.68
10.3,108.0,30,2.06,1,1,460.81
11.22,15.0,34,2.78,0,0,256.74
2.81,49.0,15,1.94,0,1,182.55
1.75,64.0,24,2.11,1,1,189.75
17.69,108.0,16,3.38,1,0,702.53
11.52,71.0,57,2.25,0,0,261.62
14.25,88.0,6,2.76,0,1,748.83
14.38,55.0,43,2.65,0,0,310.45
7.66,87.0,19,2.44,1,0,311.3
12.42,47.0,49,1.51,0,0,266.48
12.3,70.0,12,2.47,0,1,489.09
10.32,90.0,36,2.15,0,0,270.65
20.7,56.0,38,1.94,1,0,516.98
11.83,57.0,11,1.36,0,0,369.28
15.49,72.0,16,2.1,1,0,523.75
22.49,27.0,33,2.18,0,0,403.68
21.79,45.0,6,1.17,0,0,590.6
22.37,93.0,32,2.22,1,0,649.82
7.48,12.0,47,2.09,0,0,177.48
1.84,98.0,53,1.27,0,1,133.18
7.27,29.0,19,1.5,0,0,218.65
7.69,40.0,58,2.81,0,0,189.58
22.82,60.0,49,3.19,1,0,640.02
16.58,73.0,14,2.41,1,0,569.25
2.96,66.0,30,2.75,0,0,122.32
4.25,46.0,15,1.5,0,0,146.17
4.74,10.0,27,2.18,0,1,169.16
16.13,96.0,35,2.54,1,0,463.23
18.65,64.0,53,2.5,0,0,395.96
21.63,,46,2.54,1,0,575.49
23.58,32.0,46,1.5,0,0,429.27
5.84,114.0,1,3.02,1,0,474.62
8.43,87.0,1,3.29,1,0,575.02
6.77,29.0,52,2.07,0,0,155.67
9.61,46.0,1,3.23,1,1,654.97
22.95,11.0,27,1.84,0,0,411.85
14.8,49.0,28,2.59,0,0,341.29
18.72,33.0,31,2.17,0,0,373.6
12.76,83.0,11,1.39,0,0,425.44
1.69,18.0,38,2.78,0,0,89.66
2.54,52.0,8,2.67,0,0,147.25
13.91,60.0,6,2.93,0,1,653.9
18.25,94.0,27,2.14,0,0,448.73
6.17,87.0,52,2.35,0,0,169.54
18.33,59.0,40,2.73,0,1,524.36
20.46,96.0,59,1.11,0,0,386.63
10.89,85.0,26,2.82,0,0,316.47
18.91,61.0,4,2.34,1,0,856.21
10.7,,46,1.11,0,1,297.76
17.28,91.0,39,1.48,0,0,407.96
19.34,,45,2.17,0,1,545.2
24.81,76.0,31,1.1,0,0,518.08
9.29,13.0,28,1.0,0,1,280.86
10.86,39.0,11,2.28,0,1,386.69
4.97,94.0,55,1.91,0,0,127.47
5.9,31.0,25,2.69,0,0,179.18
17.64,82.0,12,1.52,0,0,531.36
23.01,50.0,54,1.56,0,0,444.19
10.47,25.0,40,,0,0,209.19
5.32,65.0,9,2.08,0,0,233.17
7.84,78.0,20,1.73,0,0,246.23
11.92,23.0,22,1.68,0,0,262.02
7.98,61.0,42,1.92,0,1,269.23
6.61,53.0,17,3.5,1,0,289.05
18.66,86.0,38,2.01,1,0,534.53
1.19,25.0,56,2.05,0,1,121.47
13.94,52.0,41,1.39,0,0,298.66
20.05,77.0,55,1.42,0,0,370.61
7.39,46.0,25,1.51,0,0,178.4
15.48,23.0,49,1.92,0,0,272.09
17.05,50.0,26,1.99,0,0,381.25
16.72,96.0,17,,0,0,529.38
11.7,82.0,40,2.78,0,0,306.67
9.32,33.0,15,2.17,0,1,315.09
21.06,84.0,10,1.56,0,0,676.56
19.2,58.0,3,3.44,1,0,973.17
8.71,92.0,24,2.59,0,1,359.15
3.47,21.0,43,2.6,0,0,118.78
2.72,56.0,28,1.03,0,1,168.6
3.26,21.0,16,2.51,0,1,162.42
14.99,12.0,46,2.71,0,0,278.54
2.24,39.0,39,2.21,0,0,113.75
9.09,67.0,43,2.5,0,0,248.34
19.08,85.0,19,3.35,1,0,641.89
8.06,60.0,31,2.01,0,0,219.38
19.32,24.0,46,2.63,0,0,368.43
18.89,82.0,1,3.38,1,0,1127.59
6.9,31.0,16,2.83,0,0,206.74
18.49,48.0,1,3.64,1,1,1084.81
18.95,78.0,7,2.86,1,1,960.14
10.54,90.0,43,1.06,0,0,255.28
6.05,77.0,54,1.04,0,0,142.44
13.51,96.0,34,3.68,1,0,433.22
23.11,107.0,1,2.47,1,0,1329.96
16.35,16.0,33,1.76,0,0,313.08
5.15,11.0,51,1.94,0,0,157.22
17.39,63.0,54,1.53,0,0,366.98
11.25,76.0,1,2.98,1,0,745.17
15.2,83.0,27,2.57,0,1,517.63
18.62,121.0,38,2.31,1,0,598.6
13.36,67.0,2,3.29,1,0,867.17
20.54,98.0,31,3.14,1,0,634.22
18.33,55.0,6,2.05,0,0,597.43
15.76,72.0,54,1.65,0,0,338.72
4.62,44.0,8,2.75,0,0,197.37
21.06,94.0,55,1.81,0,0,431.76
23.46,67.0,27,1.75,0,1,669.28
4.29,98.0,25,2.28,0,0,189.98
12.72,22.0,57,2.84,0,1,394.29
7.21,80.0,30,2.02,0,0,217.18
19.11,45.0,34,3.25,1,0,524.64
18.32,93.0,34,1.91,0,0,417.29
4.38,54.0,37,1.44,0,0,126.87
22.05,14.0,26,1.25,0,0,394.13
5.34,77.0,6,2.07,1,0,341.96
20.13,83.0,1,1.84,1,0,1201.22
11.97,34.0,24,2.11,0,0,250.57
8.88,91.0,11,1.26,0,0,324.57
4.8,127.0,24,3.53,1,0,260.35
5.02,24.0,47,2.97,0,0,159.78
16.89,81.0,45,1.99,0,0,362.72
14.21,86.0,12,1.9,0,0,492.38
3.93,48.0,21,1.7,0,0,142.19
3.7,57.0,47,2.28,0,0,117.82
2.74,61.0,32,2.22,0,0,111.39
18.85,69.0,36,1.69,0,0,383.21
18.09,98.0,52,1.69,0,0,390.92
2.4,32.0,13,2.29,0,1,166.66
14.45,78.0,48,2.11,0,0,338.13
3.03,61.0,8,2.44,0,0,189.41
22.69,95.0,7,2.88,0,0,908.44
22.77,31.0,48,2.56,0,0,449.42
17.76,34.0,54,1.61,0,0,298.84
23.23,64.0,40,2.52,0,0,464.5
20.47,73.0,52,1.9,0,0,436.79
20.88,74.0,11,2.56,0,0,637.11
14.67,13.0,14,2.77,0,0,321.96
8.35,61.0,37,1.5,0,0,198.05
6.23,41.0,18,1.48,0,0,155.74
8.85,62.0,22,1.87,0,1,319.77
16.08,35.0,37,1.1,0,0,302.47
5.14,118.0,48,3.17,1,0,252.23
7.21,74.0,20,3.3,1,0,295.16
12.23,53.0,33,2.49,1,0,381.45
6.59,43.0,54,1.93,0,0,150.02
15.13,69.0,21,2.18,0,0,405.22
23.16,64.0,37,1.95,1,0,614.63
18.95,63.0,32,2.42,0,1,564.63
16.99,36.0,6,2.05,0,1,595.87
14.99,30.0,44,2.25,0,0,284.0
12.71,87.0,31,3.25,1,0,433.81
5.48,44.0,36,2.35,0,0,149.78
22.47,61.0,31,1.19,0,0,464.56
6.96,,35,2.57,0,0,205.02
3.19,,58,2.22,0,0,97.99
19.0,54.0,1,3.23,1,1,1094.61
5.21,14.0,39,1.52,0,0,122.47
9.93,99.0,36,1.44,0,1,366.91
1.68,42.0,15,2.65,0,1,179.65
4.29,64.0,47,2.58,1,0,217.04
5.16,120.0,17,2.95,1,0,305.59
2.31,91.0,41,2.9,1,0,140.45
16.76,83.0,17,2.97,1,0,625.07
21.09,,43,1.14,0,0,340.67
9.96,95.0,29,2.4,1,1,441.74
21.99,75.0,21,1.13,0,1,660.32
6.12,47.0,46,2.76,1,0,231.84
8.81,92.0,53,2.8,0,0,229.99
4.62,73.0,24,1.78,0,0,169.96
15.89,38.0,47,2.56,0,0,345.35
11.08,57.0,54,1.57,0,0,230.35
15.72,28.0,36,2.71,0,0,329.08
19.28,18.0,42,1.84,0,0,336.05
14.1,81.0,50,,0,0,319.95
16.06,54.0,1,3.19,1,1,977.06
23.45,107.0,9,2.83,1,0,1037.08
8.18,102.0,26,,1,0,326.09
9.62,77.0,28,1.92,1,1,446.24
18.22,56.0,30,1.33,0,1,492.72
15.67,22.0,55,2.54,0,0,299.02
5.28,55.0,19,2.84,0,0,194.48
10.03,75.0,3,2.14,1,0,670.82
12.23,49.0,1,2.94,1,0,764.67
11.07,94.0,28,1.87,1,0,348.92
5.28,62.0,27,2.38,1,0,171.83
23.19,32.0,25,1.9,0,0,449.09
19.3,77.0,7,2.47,0,1,856.33
12.55,83.0,24,1.89,1,0,404.47
17.32,14.0,9,2.56,0,0,378.47
22.53,13.0,28,1.41,0,0,397.64
4.27,39.0,56,2.52,0,1,194.67
7.01,61.0,20,,0,1,255.13
14.02,52.0,1,2.48,1,0,865.56
20.18,27.0,44,2.45,0,0,384.74
1.87,41.0,39,1.47,0,0,98.01
24.62,42.0,30,1.44,0,0,454.33
11.92,67.0,48,1.12,0,0,281.58
9.62,101.0,1,2.59,1,0,644.67
8.03,80.0,24,1.2,0,0,235.39
5.18,23.0,58,1.84,0,0,140.86
20.0,23.0,50,1.02,0,0,321.54
23.93,49.0,5,2.11,1,0,889.01
10.93,68.0,24,2.86,0,0,311.04
23.86,78.0,33,3.39,1,0,684.65
20.77,55.0,8,1.47,0,0,605.53
12.55,27.0,42,2.44,0,0,264.97
17.18,58.0,40,3.14,1,0,489.78
11.44,46.0,46,1.35,0,0,236.6
14.41,12.0,34,1.74,0,1,373.14
2.39,64.0,40,2.83,0,0,141.27
17.71,16.0,49,2.48,0,1,475.82
2.27,80.0,26,2.52,0,0,155.19
20.61,61.0,44,2.13,0,0,415.85
20.8,63.0,22,2.33,0,0,475.98
6.69,47.0,9,2.02,0,1,299.5
8.77,102.0,38,3.28,1,0,341.01
12.55,73.0,34,2.47,0,0,300.6
15.32,15.0,59,1.06,0,0,258.36
7.9,83.0,9,2.26,0,0,325.12
15.22,61.0,43,2.26,0,0,339.14
8.15,53.0,55,1.13,0,0,183.68
2.33,75.0,8,2.62,1,0,215.82
1.06,76.0,5,3.6,1,0,227.48
3.43,73.0,56,2.91,0,0,142.53
20.01,57.0,25,2.56,0,1,607.9
24.07,36.0,15,1.3,0,0,499.19
11.25,104.0,26,2.55,1,0,402.33
13.3,10.0,33,1.37,0,0,244.74
4.52,,7,2.3,0,0,242.08
14.22,94.0,17,2.55,0,0,448.36
4.47,46.0,10,2.77,0,0,201.24
15.67,58.0,52,2.72,0,0,347.8
23.4,94.0,22,2.0,1,1,906.41
5.7,48.0,35,1.25,0,0,161.94
19.35,45.0,27,2.82,0,0,422.7
1.56,75.0,42,2.69,0,0,105.52
10.01,75.0,42,1.92,0,0,247.99
3.66,77.0,57,1.86,0,1,152.86
9.46,41.0,1,2.91,1,0,616.1
5.16,74.0,26,2.19,0,0,166.8
9.96,27.0,49,1.51,0,0,207.31
11.02,80.0,34,2.61,1,0,355.94
8.21,48.0,53,,0,0,189.22
16.76,35.0,38,1.41,0,0,327.3
23.05,84.0,42,3.0,0,0,519.94
10.61,42.0,32,2.37,1,0,363.95
5.62,58.0,11,2.1,0,1,290.14
7.5,37.0,5,2.11,0,0,288.35
21.5,25.0,36,1.9,0,1,553.77
14.72,31.0,26,1.48,0,0,297.5
11.92,119.0,34,2.93,1,0,438.98
4.59,86.0,7,1.18,0,0,267.18
11.79,88.0,1,2.57,1,0,766.69
7.68,37.0,21,1.45,0,0,220.2
23.64,25.0,39,1.25,0,0,382.38
22.22,103.0,17,3.65,1,0,826.66
3.01,69.0,33,2.4,0,0,123.34
13.4,75.0,6,1.34,0,0,575.37
6.4,35.0,50,2.9,0,0,163.84
10.86,51.0,10,1.43,0,0,308.55
22.04,12.0,59,1.47,0,0,381.71
13.66,60.0,44,2.07,1,0,368.46
9.02,71.0,18,3.26,1,0,376.79
5.99,109.0,1,2.94,1,0,483.15
20.21,108.0,6,1.92,1,0,1047.05
15.99,33.0,9,1.05,0,0,406.86
12.23,74.0,46,2.07,0,0,298.12
6.22,,19,2.3,0,0,189.0
9.02,119.0,7,3.45,1,0,586.31
24.04,17.0,14,1.96,0,0,471.58
13.48,54.0,26,2.35,0,0,301.62
10.62,98.0,33,2.47,0,0,321.66
13.51,20.0,53,2.23,0,0,285.26
19.7,66.0,49,1.7,0,0,382.63
9.16,21.0,11,1.26,0,0,235.25
5.29,111.0,16,3.1,1,1,354.84
15.04,19.0,8,2.54,0,0,365.57
16.96,102.0,1,2.18,1,0,1032.23
18.11,44.0,26,1.99,0,0,370.81
22.17,77.0,18,2.59,1,0,705.43
9.91,30.0,30,1.41,0,0,234.3
2.81,90.0,16,2.29,1,0,215.49
24.0,27.0,9,1.48,0,0,508.38
11.44,27.0,14,1.84,0,0,272.38
15.96,65.0,49,2.58,1,0,436.23
16.99,29.0,23,,0,0,349.69
14.12,34.0,45,1.19,0,1,376.54
5.93,91.0,26,2.16,0,0,173.35
19.12,89.0,31,1.04,0,0,422.91
20.29,54.0,6,1.51,0,1,788.84
14.27,67.0,25,2.0,0,0,352.52
12.73,27.0,29,2.37,0,1,372.76
3.73,57.0,26,2.54,0,0,156.77
3.01,53.0,3,1.87,1,0,271.55
9.15,16.0,35,2.07,0,0,210.57
8.46,47.0,49,1.71,0,0,175.97
23.89,73.0,5,2.39,0,0,950.91
19.81,38.0,19,1.57,0,0,406.81
16.84,96.0,34,2.49,0,0,400.44
13.42,64.0,17,2.2,0,0,383.95
5.02,120.0,8,3.38,1,1,444.78
24.48,84.0,37,3.77,1,0,721.81
10.0,91.0,38,2.82,0,0,268.53
3.57,28.0,29,2.19,0,1,170.42
12.85,11.0,37,2.79,0,0,273.93
21.98,105.0,37,2.11,1,0,665.98
22.29,121.0,15,1.89,1,0,853.31
1.26,45.0,58,2.07,0,1,96.97
22.27,65.0,36,,0,0,494.55
7.52,30.0,20,2.42,0,0,198.47
1.94,72.0,9,1.61,0,0,151.1
21.35,11.0,31,2.34,0,0,380.43
21.73,83.0,30,1.08,0,0,468.13
15.31,24.0,23,1.94,0,0,324.08
14.79,71.0,26,1.47,0,0,332.55
20.51,21.0,14,1.1,0,0,393.06
19.87,42.0,46,2.3,1,0,520.39
22.36,13.0,19,2.44,0,0,436.2
14.27,18.0,38,2.1,0,0,284.37
24.22,85.0,24,1.85,1,0,713.5
24.91,51.0,39,1.82,0,1,655.5
3.8,83.0,18,2.5,0,0,184.25
21.39,40.0,27,2.91,0,1,595.4
13.0,46.0,53,2.75,0,0,282.61
10.3,20.0,11,1.0,0,0,205.43
15.71,100.0,40,2.24,1,0,480.96
2.34,36.0,30,1.42,0,0,108.41
13.16,55.0,33,1.83,0,0,306.85
21.9,109.0,4,3.09,1,0,1227.83
6.12,52.0,52,1.31,0,0,113.86
11.23,54.0,34,2.83,0,0,276.57
23.55,27.0,50,2.55,0,0,451.51
11.29,59.0,50,1.84,0,0,229.84
9.6,15.0,27,2.17,0,0,192.08
11.57,52.0,4,2.88,1,0,566.77
13.47,21.0,51,2.16,0,0,278.6
16.17,16.0,30,2.72,0,0,330.22
20.22,53.0,48,2.2,1,0,540.17
11.85,82.0,22,2.37,0,0,320.19
20.62,56.0,5,1.21,0,0,705.73
13.81,46.0,1,2.72,1,0,862.67
9.12,78.0,35,3.07,1,0,321.86
16.79,65.0,14,1.03,0,0,446.18
18.23,124.0,23,2.02,1,0,625.91
14.39,28.0,9,1.18,0,0,334.63
2.36,,1,2.55,1,0,294.49
5.08,100.0,9,3.04,1,0,361.48
7.85,75.0,30,2.99,0,0,227.59
7.78,61.0,30,1.51,0,0,219.54
17.16,65.0,40,,0,0,337.73
1.44,53.0,1,2.63,1,0,262.7
19.14,72.0,49,2.09,1,1,647.04
7.37,21.0,30,1.05,0,0,163.73
8.44,124.0,44,2.93,1,1,400.43
13.67,125.0,23,3.56,1,0,546.98
6.18,105.0,33,3.52,1,0,271.53
22.23,63.0,46,2.0,1,1,757.61
3.05,54.0,26,1.29,0,0,119.01
11.67,85.0,5,1.98,0,1,685.39
21.39,94.0,22,2.54,1,0,687.42
15.78,110.0,40,3.21,1,0,496.99
8.02,62.0,43,1.99,0,0,199.0
11.1,75.0,23,1.04,0,0,294.13
17.96,58.0,35,2.37,1,0,515.18
24.36,90.0,47,3.6,1,0,720.33
22.44,91.0,16,2.02,0,0,643.26
9.22,75.0,58,2.6,0,0,224.11
24.96,84.0,36,2.6,1,0,674.56
1.08,79.0,1,3.15,1,0,261.13
1.66,122.0,49,2.14,1,0,130.19
20.77,45.0,29,3.27,1,0,587.46
5.79,60.0,15,2.57,0,0,242.51
2.46,80.0,1,1.98,1,0,301.32
6.69,86.0,1,2.17,1,0,525.58
11.23,26.0,11,1.93,0,0,258.45
18.53,62.0,37,3.07,1,0,554.7
15.98,,36,,1,0,481.26
6.7,112.0,23,3.14,1,0,308.53
13.08,46.0,38,2.43,0,0,308.27
23.23,94.0,11,2.01,0,0,780.17
20.56,67.0,35,2.15,0,0,440.21
8.76,30.0,5,1.02,0,1,369.97
24.57,36.0,41,1.33,0,0,439.23
18.01,20.0,30,2.0,0,0,346.1
2.5,48.0,54,2.49,0,0,99.03
1.84,102.0,23,3.42,1,0,132.34
5.04,37.0,39,2.46,0,0,200.32
18.47,,41,1.97,0,0,419.11
5.41,56.0,14,1.56,0,0,180.97
13.28,56.0,9,1.89,0,1,502.02
3.24,43.0,24,1.82,1,0,177.67
23.1,70.0,54,2.2,0,1,619.37
9.26,27.0,50,1.15,0,0,182.94
22.8,59.0,8,1.29,0,1,827.13
23.68,45.0,11,2.25,0,0,580.95
1.15,10.0,58,1.03,0,0,63.83
12.14,44.0,55,2.15,0,0,257.01
1.59,14.0,24,2.28,0,0,85.24
22.81,15.0,32,2.58,0,0,407.83
13.44,99.0,1,1.94,1,0,841.26
2.8,14.0,15,1.01,0,0,117.42
3.65,41.0,53,2.53,0,0,125.17
10.2,48.0,18,1.58,0,0,256.35
23.57,49.0,12,2.77,0,1,785.24
17.63,51.0,28,1.37,0,0,346.4
21.82,83.0,55,2.17,0,0,447.13
9.79,17.0,58,1.22,0,0,205.38
2.04,38.0,35,1.81,0,0,91.45
24.38,69.0,6,2.76,0,1,1049.84
1.41,87.0,12,2.22,0,1,176.25
23.74,62.0,21,3.18,1,0,726.97
9.85,13.0,47,1.45,0,0,186.42
1.24,43.0,28,2.85,0,0,78.93
17.54,77.0,45,3.05,1,0,501.76
24.53,70.0,10,1.21,0,0,688.44
24.18,36.0,15,1.03,0,0,497.35
4.86,92.0,53,1.03,0,0,132.61
5.35,40.0,20,1.1,0,0,191.13
14.57,12.0,56,,0,0,272.07
16.3,116.0,23,2.52,1,1,670.54
18.75,36.0,45,1.6,0,1,471.31
5.35,52.0,34,1.83,0,1,198.3
24.02,69.0,49,1.82,0,0,464.94
16.33,55.0,11,1.48,0,0,433.76
21.33,46.0,20,1.18,0,1,603.77
13.96,76.0,40,1.22,0,0,323.5
10.94,15.0,35,2.2,0,0,235.09
24.45,68.0,15,1.79,0,0,590.64
14.97,42.0,13,3.6,1,0,509.11
21.8,86.0,18,1.93,0,0,574.6
23.88,20.0,19,2.01,0,1,632.77
17.21,36.0,12,2.86,0,0,434.6
14.17,11.0,16,2.0,0,0,291.75
1.08,73.0,47,2.0,0,0,99.54
1.96,83.0,18,,1,1,217.35
5.82,85.0,42,2.42,0,1,238.83
5.46,64.0,59,1.78,0,0,166.53
7.11,79.0,7,2.98,1,0,421.75
8.32,85.0,22,1.89,0,0,244.64
9.64,62.0,29,2.86,1,0,335.69
11.09,73.0,33,2.65,0,0,281.17
3.37,66.0,24,1.83,0,0,147.46
2.02,49.0,48,2.26,1,1,172.13
17.17,74.0,28,2.94,1,0,506.58
13.9,15.0,7,2.88,0,0,330.1
11.66,98.0,44,2.39,0,1,381.35
16.23,63.0,39,1.62,0,1,466.41
20.86,88.0,46,2.93,0,0,468.12
11.26,106.0,25,2.49,1,0,426.91
16.39,,11,2.97,0,0,559.54
23.89,65.0,13,1.38,0,0,592.32
21.15,120.0,48,3.8,1,0,656.4
11.22,99.0,47,1.95,1,0,353.27
16.47,23.0,54,2.43,0,1,428.85
5.25,85.0,42,3.28,1,0,203.67
14.45,25.0,21,2.36,0,0,326.59
24.55,66.0,46,3.36,1,0,640.36
13.44,46.0,11,1.94,0,1,467.48
23.26,100.0,45,1.91,1,0,623.95
10.78,29.0,9,1.72,0,0,285.44
24.97,34.0,28,2.28,0,0,489.97
14.9,59.0,19,2.29,0,0,348.77
2.01,97.0,1,2.19,1,1,308.13
15.08,117.0,9,2.31,1,0,738.86
7.59,46.0,25,1.97,0,0,205.55
1.78,,41,2.46,0,0,93.13
20.7,63.0,18,2.71,0,0,517.5
7.62,46.0,55,1.17,0,0,189.7
20.12,83.0,6,2.85,0,0,860.47
7.92,19.0,29,2.86,0,1,281.76
5.66,18.0,31,1.02,0,0,130.11
24.37,87.0,56,2.01,0,1,677.44
9.68,72.0,47,2.97,1,1,401.46
15.43,33.0,55,2.11,0,1,446.17
15.64,79.0,42,2.23,0,0,352.8
14.45,66.0,57,2.01,0,0,293.52
22.95,35.0,23,1.59,0,0,446.35
17.19,48.0,46,1.19,0,0,315.37
10.69,53.0,52,1.42,0,0,231.97
21.7,73.0,34,2.48,0,0,477.93
5.35,57.0,53,1.48,0,1,201.2
14.06,76.0,14,2.66,0,1,528.98
23.81,57.0,35,1.81,0,0,459.18
16.01,,17,1.83,0,0,369.93
20.61,55.0,17,2.74,0,0,498.46
16.69,99.0,31,1.43,0,0,419.99
21.14,12.0,50,1.38,0,1,506.93
23.67,85.0,23,2.97,0,0,630.05
7.55,53.0,13,2.88,1,0,331.84
5.07,122.0,31,2.18,1,0,238.63
12.62,13.0,45,1.33,0,1,326.99
17.84,21.0,19,2.72,0,0,371.86
6.45,32.0,32,2.2,0,0,177.25
1.1,12.0,48,1.23,0,0,94.13
9.23,12.0,40,2.77,0,0,194.14
24.25,51.0,32,1.89,0,0,471.55
17.68,119.0,44,3.78,1,0,560.87
10.63,86.0,37,1.56,0,0,276.35
5.62,58.0,38,2.86,1,0,231.24
9.55,37.0,59,1.35,0,0,199.88
5.08,47.0,26,1.88,0,0,177.66
3.55,18.0,13,1.35,0,1,192.72
22.76,65.0,40,1.61,0,0,429.04
24.94,56.0,1,2.34,1,1,1386.75
4.94,16.0,6,1.57,0,0,162.17
2.31,81.0,47,2.94,0,0,106.21
8.91,85.0,47,1.08,0,0,212.92
12.08,63.0,30,1.99,0,1,380.37
5.92,37.0,9,2.26,0,0,180.57
8.23,75.0,27,2.32,0,1,302.33
5.82,37.0,10,2.51,0,0,190.99
19.58,64.0,1,3.32,1,0,1140.54
18.1,88.0,39,2.91,0,0,435.19
16.24,58.0,57,2.51,0,0,347.7
10.29,57.0,45,2.65,0,0,263.98
22.82,86.0,27,2.86,1,0,673.58
24.27,71.0,30,2.32,0,0,524.66
5.17,72.0,19,2.76,1,1,287.46
6.35,51.0,17,1.55,0,0,190.06
13.62,96.0,21,1.63,0,0,355.47
3.19,36.0,20,1.72,0,0,97.51
11.47,47.0,38,2.48,1,0,340.16
14.96,71.0,34,2.07,0,0,311.69
13.53,47.0,6,1.5,0,0,434.8
8.94,13.0,8,2.03,0,1,296.67
14.02,63.0,17,2.83,0,0,373.9
24.01,57.0,42,1.81,0,0,460.43
5.94,108.0,11,2.25,1,0,347.43
16.72,55.0,17,2.49,1,1,642.25
2.04,100.0,23,3.55,1,0,181.92
2.59,27.0,52,2.88,0,0,117.58
14.24,54.0,13,2.77,0,0,375.29
3.52,27.0,19,1.57,0,1,162.77
1.54,17.0,6,1.78,0,0,111.93
5.12,68.0,23,3.75,1,0,238.69
14.56,30.0,38,1.65,0,0,288.02
17.88,93.0,11,2.08,1,0,720.44
5.86,86.0,8,2.36,1,0,354.14
17.04,75.0,19,2.93,0,0,466.55
5.38,77.0,30,1.83,0,1,225.93
15.72,57.0,38,2.87,0,0,348.22
10.89,85.0,7,1.21,0,0,454.79
16.69,89.0,22,2.53,0,0,457.46
24.88,128.0,31,1.99,1,0,757.1
23.51,32.0,40,1.39,0,0,402.22
1.1,26.0,43,2.23,0,0,75.96
22.25,100.0,1,2.67,1,1,1244.84
2.6,91.0,17,3.13,1,0,181.96
23.87,81.0,31,3.75,1,0,702.9
7.76,60.0,30,1.11,0,0,210.6
10.17,10.0,56,1.38,0,0,178.03
3.2,30.0,19,2.28,0,0,127.68
3.69,66.0,28,2.79,0,0,132.63
18.44,45.0,24,2.6,0,0,377.92
23.66,11.0,41,1.93,0,0,411.34
15.66,62.0,18,3.29,1,0,526.82
18.18,69.0,18,1.42,0,0,470.12
19.29,68.0,36,1.03,0,0,379.64
7.31,75.0,39,2.14,0,0,172.37
2.09,52.0,27,2.63,0,0,107.76
1.04,68.0,37,1.87,0,0,103.62
9.42,83.0,6,2.14,0,0,463.44
6.8,112.0,7,2.64,1,0,483.06
2.5,99.0,34,2.03,0,0,134.65
5.31,45.0,38,2.77,0,0,163.89
3.99,69.0,15,,0,0,207.99
22.96,13.0,41,1.01,0,0,346.29
4.37,,6,,1,0,302.52
13.9,13.0,22,2.24,0,0,293.71
15.23,13.0,24,2.46,0,1,422.7
14.04,42.0,53,2.8,0,0,292.67
3.38,53.0,7,2.37,1,0,239.07
8.65,18.0,10,2.01,0,0,222.73
2.23,97.0,14,2.2,0,1,205.5
10.5,73.0,37,1.69,0,0,227.46
5.53,101.0,44,3.49,1,0,229.44
14.48,128.0,1,3.2,1,0,891.13
17.63,16.0,8,2.47,0,1,514.8
13.77,44.0,35,3.42,1,0,436.54
11.42,22.0,41,1.52,0,0,240.55
10.3,11.0,46,2.49,0,0,204.57
21.2,93.0,16,2.55,0,0,621.77
6.26,51.0,46,3.48,1,0,255.77
18.62,,9,1.98,0,0,371.64
19.18,73.0,49,2.81,1,0,534.71
11.06,30.0,29,1.2,0,0,222.78
8.14,99.0,19,3.5,1,0,368.33
12.29,91.0,37,2.07,0,0,314.19
3.24,19.0,56,2.19,0,0,126.45
2.1,47.0,19,1.24,0,0,112.48
3.68,67.0,24,2.2,0,0,152.01
5.49,65.0,43,1.08,0,0,143.18
13.1,53.0,16,2.85,0,0,354.2
21.38,124.0,8,3.53,1,0,1130.37
6.66,89.0,26,1.39,0,0,220.76
23.44,73.0,28,2.19,0,0,520.06
23.92,29.0,16,2.21,0,0,490.42
24.01,59.0,24,2.61,0,1,691.5
21.1,63.0,52,2.51,0,0,432.42
9.73,85.0,22,3.79,1,1,494.31
2.74,49.0,15,1.7,0,1,171.19
14.65,63.0,16,2.05,1,0,480.2
14.41,,54,2.15,0,1,448.39
21.4,97.0,27,3.33,1,0,699.4
24.9,40.0,18,1.57,0,0,502.53
13.2,59.0,17,1.47,0,0,350.86
9.28,19.0,29,2.6,0,0,229.85
5.46,123.0,34,3.31,1,0,257.25
1.12,23.0,20,1.41,0,0,61.76
13.22,28.0,34,2.74,0,0,307.63
14.33,39.0,5,1.27,0,0,430.62
20.8,96.0,22,2.02,1,0,639.86
13.11,25.0,35,1.7,0,0,251.37
23.0,31.0,40,2.77,0,0,438.62
16.07,93.0,42,3.19,1,0,504.4
21.17,123.0,39,2.59,1,0,630.2
4.56,109.0,44,2.11,1,0,207.56
21.53,82.0,1,3.23,1,0,1238.72
17.2,28.0,59,2.2,0,0,345.11
5.09,14.0,46,2.98,0,0,151.05
5.55,80.0,41,2.53,0,0,164.33
23.24,59.0,37,2.0,1,0,599.57
1.77,54.0,1,3.26,1,0,261.02
12.1,77.0,27,2.31,1,0,374.84
8.52,10.0,53,2.92,0,0,186.24
16.96,14.0,40,1.04,0,0,291.64
21.15,63.0,34,1.48,0,1,590.73
9.65,94.0,56,2.0,0,0,251.12
11.25,70.0,38,1.16,0,0,253.65
24.57,117.0,12,2.49,1,0,1004.9
19.81,26.0,40,1.99,0,0,374.13
22.53,85.0,28,1.89,0,0,518.19
11.53,36.0,58,1.92,0,0,236.55
6.62,109.0,1,3.56,1,0,523.46
10.88,34.0,50,2.01,0,0,233.33
18.19,84.0,18,3.68,1,0,648.86
3.63,11.0,25,1.3,0,0,115.16
7.49,31.0,33,1.56,0,0,182.08
2.12,63.0,17,2.31,0,1,160.43
11.38,56.0,4,2.37,1,0,541.31
20.86,70.0,17,1.69,0,0,515.82
1.59,105.0,5,3.6,1,0,249.77
17.21,35.0,42,2.08,0,0,322.31
23.38,65.0,59,1.67,0,0,439.74
6.69,42.0,10,2.55,0,0,212.22
17.65,10.0,55,1.14,0,0,292.33
24.4,49.0,14,2.13,0,0,570.68
24.09,52.0,54,1.2,0,0,403.85
6.64,83.0,7,2.15,1,0,380.12
3.41,71.0,52,1.12,0,0,124.69
4.56,45.0,54,2.8,0,0,132.15
17.85,,39,1.1,0,0,346.56
18.42,48.0,51,2.03,0,0,379.48
17.18,98.0,26,1.45,0,0,432.54
9.07,52.0,11,2.57,1,1,443.07
5.07,48.0,7,1.99,0,0,215.34
14.94,51.0,24,2.7,1,0,449.9
12.61,30.0,38,2.5,0,0,279.94
18.49,96.0,31,2.82,0,1,620.81
11.59,27.0,49,1.6,0,0,205.91
9.13,22.0,8,1.05,0,0,220.03
8.04,28.0,37,2.79,0,0,204.24
6.08,44.0,47,2.96,0,0,193.07
7.38,85.0,25,2.67,1,0,272.38
3.28,96.0,13,2.71,1,0,237.42
9.32,43.0,15,1.29,0,1,332.22
1.88,101.0,46,2.75,1,0,152.61
5.47,65.0,41,1.61,0,0,167.59
18.92,10.0,19,2.99,0,0,371.34
8.81,96.0,14,2.17,1,0,377.25
17.04,95.0,41,1.76,0,0,393.57
18.21,67.0,43,3.03,1,1,667.14
14.95,13.0,12,1.69,0,0,305.78
24.01,80.0,6,1.95,0,0,898.39
1.51,84.0,42,2.95,0,1,138.58
18.73,115.0,44,2.82,1,0,551.66
24.01,49.0,31,2.82,0,1,667.61
21.69,,54,1.09,0,0,390.92
5.03,48.0,18,1.24,0,0,151.78
8.84,44.0,28,2.89,0,0,250.54
5.14,91.0,39,1.26,0,0,156.7
15.43,49.0,22,3.27,1,0,492.91
18.09,90.0,28,2.69,1,0,554.01
8.61,103.0,11,2.61,1,0,447.1
13.95,118.0,27,3.12,1,1,651.74
17.58,98.0,17,3.26,1,0,631.68
11.11,65.0,2,3.66,1,0,755.63
21.5,12.0,37,1.51,0,0,364.56
19.52,86.0,23,2.4,0,0,512.59
2.55,56.0,6,2.48,1,0,244.49
15.91,74.0,8,2.44,0,0,569.09
6.65,117.0,25,2.08,1,0,269.61
14.38,10.0,48,1.92,0,0,276.32
23.97,127.0,49,2.17,1,0,673.93
22.1,66.0,25,1.67,0,0,488.84
10.71,20.0,16,2.43,0,0,240.45
8.0,76.0,11,1.47,0,1,381.57
6.63,86.0,22,2.37,0,0,234.79
13.78,94.0,33,2.79,1,0,444.88
3.74,95.0,15,1.18,0,0,155.12
14.18,80.0,27,2.57,1,0,458.3
1.03,68.0,26,2.74,0,1,150.41
8.77,69.0,2,3.78,1,0,638.3
6.28,34.0,43,1.74,0,1,214.09
24.31,80.0,35,1.11,0,0,493.41
18.45,73.0,57,1.26,0,0,348.51
9.39,128.0,21,3.38,1,0,418.07
3.23,34.0,55,2.31,0,0,125.5
13.4,75.0,32,1.57,0,0,296.88
6.12,43.0,27,1.78,0,0,167.58
13.87,64.0,45,2.62,0,0,315.1
21.05,97.0,21,2.63,1,0,685.38
15.78,95.0,14,2.51,0,1,628.55
16.21,63.0,27,1.59,0,0,369.65
13.98,40.0,27,3.25,1,0,415.98
23.25,27.0,30,1.93,0,0,436.97
23.37,55.0,7,2.89,1,0,846.82
13.31,,35,2.2,0,0,321.97
8.34,113.0,21,2.7,1,0,357.7
12.03,40.0,17,1.93,0,1,377.72
5.48,87.0,42,2.33,1,0,243.38
16.27,86.0,59,2.97,0,0,383.32
13.0,43.0,51,2.81,0,0,309.8
3.48,43.0,38,2.05,0,0,139.51
5.74,69.0,51,1.07,0,0,163.92
12.51,85.0,11,1.34,0,0,405.3
22.3,46.0,48,,0,0,470.08
14.59,79.0,6,3.66,1,0,730.77
17.36,26.0,9,1.32,0,0,388.02
9.14,50.0,42,2.47,0,0,220.32
14.71,65.0,10,2.25,0,0,444.84
11.74,63.0,30,1.61,0,0,275.05
16.82,88.0,23,1.87,0,0,442.55
2.21,52.0,9,3.15,1,0,189.65
12.84,85.0,3,2.0,1,0,833.13
8.1,81.0,17,1.38,0,0,250.72
8.83,26.0,39,1.07,0,0,194.48
24.06,20.0,51,2.8,0,0,479.84
5.38,49.0,38,2.15,0,0,192.13
8.47,55.0,38,2.05,0,0,208.14
13.24,104.0,23,3.21,1,0,484.29
21.71,41.0,43,2.98,0,0,449.62
11.0,91.0,21,,1,0,411.0
18.85,19.0,50,1.27,0,0,329.88
21.55,68.0,49,1.59,0,1,587.28
8.44,54.0,6,3.61,1,0,408.34
10.43,12.0,43,1.82,0,0,222.42
9.56,18.0,6,2.59,0,0,228.74
20.99,17.0,51,1.41,0,1,489.96
2.06,83.0,40,1.99,0,0,108.94
8.4,17.0,57,1.25,0,0,185.72
17.31,25.0,22,1.83,0,0,358.98
14.57,20.0,10,1.52,0,0,298.77
11.47,62.0,24,2.9,1,0,375.7
13.96,65.0,25,2.56,0,0,354.78
5.74,65.0,26,2.88,0,0,195.39
11.34,31.0,15,1.57,0,1,370.79
13.04,27.0,43,2.49,0,1,372.97
22.63,48.0,44,2.77,0,0,454.89
7.26,12.0,46,1.25,0,0,169.88
21.83,17.0,11,2.17,0,0,448.27
16.46,14.0,11,2.22,0,0,360.83
1.49,44.0,25,2.34,1,0,108.09
18.39,58.0,1,1.85,1,0,1074.79
1.85,90.0,30,1.51,0,0,102.92
24.94,70.0,40,2.17,0,0,507.66
21.94,,13,1.39,0,0,525.69
8.14,27.0,40,1.57,0,0,188.35
7.18,70.0,7,2.42,0,0,311.37
10.15,99.0,38,2.6,1,0,361.8
9.55,11.0,35,1.13,0,0,200.32
9.94,89.0,47,2.6,1,1,405.55
8.64,72.0,34,3.0,0,0,221.26
15.91,80.0,35,1.52,0,1,502.15
4.94,58.0,47,1.53,0,1,198.26
21.3,119.0,37,2.14,1,0,635.67
20.5,80.0,44,1.54,0,0,430.26
12.44,27.0,34,2.15,0,0,265.63
21.47,99.0,13,2.93,0,0,674.19
6.93,55.0,1,3.02,1,0,529.89
1.42,85.0,19,,1,0,152.32
15.86,34.0,34,1.78,0,0,320.12
11.99,17.0,30,1.05,0,0,203.61
14.61,103.0,1,1.81,1,0,887.66
22.58,53.0,16,3.39,1,0,686.55
24.28,31.0,46,1.98,0,0,434.83
16.23,117.0,39,1.87,1,0,485.63
19.34,44.0,13,1.57,0,0,470.74
3.01,60.0,54,1.71,0,0,142.42
4.86,85.0,39,2.57,0,0,180.5
18.6,52.0,11,1.87,0,0,459.2
11.35,124.0,31,3.38,1,0,432.12
11.7,84.0,52,2.27,0,0,280.71
8.41,12.0,13,1.07,0,0,207.81
15.58,112.0,21,3.74,1,0,587.01
5.44,94.0,22,2.16,1,0,245.44
16.05,28.0,49,1.55,0,0,298.32
5.17,51.0,48,2.62,0,0,136.59
2.53,100.0,27,2.18,1,0,175.08
8.93,62.0,48,2.6,1,1,357.71
6.55,119.0,44,3.53,1,0,281.17
22.34,13.0,10,2.27,0,0,454.33
2.32,74.0,21,1.6,0,0,124.84
5.24,43.0,17,3.09,1,0,205.44
14.17,98.0,19,3.43,1,0,524.41
12.55,99.0,23,1.81,0,0,337.31
2.1,89.0,56,2.14,0,0,116.52
1.17,69.0,23,3.78,1,0,164.27
24.71,42.0,35,2.93,0,1,689.55
16.81,89.0,10,2.02,0,1,696.63
9.77,42.0,41,1.19,0,0,189.27
12.29,29.0,38,2.4,0,0,262.49
7.4,57.0,28,1.54,0,1,264.97
9.28,36.0,14,2.34,0,0,251.47
16.58,41.0,15,1.7,0,0,396.76
22.19,125.0,18,3.24,1,0,821.76
5.42,66.0,1,2.53,1,1,465.34
21.17,64.0,44,3.68,1,0,626.26
3.92,105.0,23,2.07,1,0,201.39
6.16,96.0,20,1.14,0,0,220.34
1.89,,27,2.56,0,1,139.79
4.38,55.0,39,1.8,0,0,139.26
23.02,57.0,47,1.93,0,0,469.21
12.03,94.0,26,2.87,0,1,438.58
2.86,84.0,39,2.18,0,0,146.66
24.03,124.0,1,3.12,1,0,1369.87
22.1,46.0,27,1.04,0,0,404.77
19.11,13.0,27,2.34,0,0,369.85
23.4,99.0,34,1.78,0,0,534.68
6.28,93.0,41,1.92,0,1,270.74
21.07,100.0,36,3.42,1,0,634.85
17.56,80.0,24,2.05,0,0,435.39
21.87,56.0,15,2.97,0,0,567.51
20.13,86.0,18,3.39,1,1,831.35
9.32,26.0,22,2.46,0,0,242.59
19.59,41.0,31,2.18,0,0,369.29
7.3,19.0,57,1.82,0,0,164.02
8.89,89.0,1,1.91,1,0,608.36
3.59,84.0,52,1.04,0,0,110.33
23.44,98.0,15,1.89,1,0,820.45
7.98,57.0,9,3.72,1,0,400.4
13.49,75.0,12,1.65,0,0,421.74
10.39,44.0,32,2.4,0,0,235.23
24.04,45.0,15,2.99,1,0,689.15
9.04,12.0,12,2.14,0,0,210.61
19.69,110.0,22,2.96,1,0,684.8
21.53,44.0,38,1.6,0,0,399.0
11.45,86.0,51,2.77,0,0,293.28
10.08,75.0,19,2.84,0,0,335.72
18.95,75.0,48,2.29,0,0,395.94
22.91,,47,2.73,0,0,462.9
19.12,111.0,31,1.92,1,0,582.77
6.45,82.0,57,1.2,0,0,150.89
22.32,73.0,21,2.92,1,0,679.15
10.3,48.0,45,2.69,0,0,251.87
14.83,58.0,30,1.63,0,1,424.98
20.95,86.0,6,2.9,1,0,1007.64
5.52,75.0,28,1.82,1,0,239.69
19.83,61.0,25,3.77,1,0,596.1
15.31,126.0,1,3.33,1,0,948.68
22.44,86.0,30,1.72,0,0,496.98
5.13,83.0,48,3.77,1,0,255.49
11.1,76.0,10,1.18,0,1,473.75
20.99,70.0,24,1.93,0,0,461.25
1.46,18.0,55,1.12,0,0,64.26
3.69,87.0,34,,1,0,180.27
24.77,27.0,21,1.44,0,1,626.32
7.73,99.0,45,1.63,0,0,215.13
24.41,38.0,5,2.89,0,0,711.0
5.38,57.0,17,1.85,0,0,198.2
9.67,51.0,12,2.45,1,0,364.79
19.07,48.0,56,2.28,0,1,534.34
16.79,32.0,25,2.37,0,0,344.25
14.95,28.0,56,2.97,0,0,329.38
13.72,33.0,16,2.09,0,0,331.58
21.24,53.0,48,2.51,0,0,423.14
6.64,92.0,16,1.76,0,0,294.48
11.62,94.0,30,1.34,0,0,311.69
4.73,,46,1.86,0,1,189.19
15.3,113.0,34,2.64,1,1,607.63
7.01,43.0,22,2.64,1,0,236.83
9.01,71.0,48,2.39,0,0,213.3
12.31,27.0,29,1.81,0,0,264.59
1.64,99.0,15,3.71,1,0,177.94
3.21,73.0,52,2.97,0,1,162.38
17.46,29.0,54,2.05,0,0,347.98
11.3,61.0,53,2.12,0,0,227.8
21.75,75.0,5,2.62,1,0,1016.41
17.67,71.0,13,1.71,0,0,489.96
1.19,57.0,57,2.97,0,0,80.54
15.8,66.0,39,1.08,0,0,335.99
3.25,66.0,40,1.82,0,1,166.44
19.74,50.0,53,1.3,0,0,381.0
24.8,97.0,33,2.45,0,0,587.21
13.75,92.0,34,2.19,1,0,412.62
17.39,97.0,21,2.77,0,0,507.75
6.7,71.0,41,1.75,0,1,259.07
11.5,38.0,52,2.83,0,0,275.78
21.55,48.0,53,2.97,0,0,438.99
5.02,121.0,2,3.34,1,0,426.9
7.37,19.0,57,2.25,0,0,174.92
11.69,,48,1.3,0,0,250.59
18.09,65.0,51,2.87,0,0,398.4
10.02,18.0,9,2.55,0,0,290.44
23.27,89.0,17,2.38,1,0,748.9
3.27,84.0,58,1.94,0,0,123.38
9.9,21.0,14,1.14,0,0,217.93
18.01,11.0,51,2.32,0,0,322.53
6.42,129.0,35,2.05,1,0,294.9
16.75,82.0,51,2.3,0,0,359.3
4.94,26.0,19,2.34,0,1,204.68
2.34,44.0,20,1.65,0,0,102.17
3.9,85.0,21,3.7,1,0,210.54
23.32,76.0,36,2.56,0,0,485.57
14.24,79.0,44,1.99,0,0,327.31
20.11,96.0,55,2.84,0,0,435.23
8.98,44.0,49,2.71,0,0,232.82
15.22,88.0,50,2.38,0,1,430.39
12.88,81.0,39,1.31,0,0,295.86
23.7,43.0,41,1.99,0,0,442.76
18.94,20.0,28,2.73,0,0,367.63
18.53,12.0,35,2.22,0,0,374.76
2.11,19.0,55,,0,0,68.43
14.19,91.0,39,2.91,0,0,353.57
12.21,121.0,10,1.83,1,0,612.9
23.27,21.0,44,1.02,0,0,383.38
7.18,60.0,40,2.79,0,0,203.61
7.48,122.0,6,1.88,1,0,537.49
10.87,98.0,20,1.67,0,0,315.42
6.84,68.0,53,2.85,0,0,173.86
4.1,11.0,9,,0,0,101.84
21.58,11.0,51,2.3,0,0,398.92
14.4,14.0,9,2.31,0,0,310.63
21.67,31.0,24,1.64,0,0,408.3
20.95,42.0,52,2.06,0,0,397.23
7.77,108.0,32,3.06,1,0,307.21
14.15,37.0,40,1.61,0,0,283.87
3.0,97.0,49,3.39,1,0,188.58
22.97,53.0,26,2.44,1,0,596.19
10.7,59.0,44,1.14,0,0,260.17
10.45,113.0,5,2.2,1,0,698.89
8.27,50.0,15,1.82,0,0,256.55
12.06,24.0,47,2.82,0,1,373.36
7.04,113.0,43,2.63,1,1,353.98
10.0,77.0,32,1.18,0,0,280.23
20.2,52.0,16,1.39,0,0,459.42
21.02,64.0,50,2.09,0,0,444.89
8.3,58.0,35,1.36,0,0,199.01
12.26,27.0,44,1.13,0,0,232.34
21.97,90.0,34,2.43,0,1,653.92
2.26,34.0,24,2.57,0,0,124.17
22.34,21.0,31,2.7,0,0,427.22
6.26,64.0,29,2.69,0,1,242.16
17.28,56.0,54,1.76,0,0,366.47
14.98,94.0,38,2.47,0,0,370.42
14.27,90.0,39,2.17,0,0,345.85
21.62,93.0,47,1.05,0,0,421.52
3.44,106.0,48,2.6,1,1,225.29
9.33,80.0,56,1.11,0,0,208.52
13.92,73.0,9,1.17,0,1,575.97
20.47,99.0,34,1.91,1,0,604.45
6.19,99.0,43,2.92,0,1,259.51
20.27,93.0,12,2.69,0,0,648.29
10.59,52.0,23,1.88,0,0,304.2
5.53,46.0,47,1.5,0,0,174.51
19.22,41.0,22,1.14,0,0,348.77
3.18,124.0,48,2.66,1,0,173.8
13.35,61.0,20,2.2,0,0,334.61
2.53,62.0,23,2.59,0,0,135.01
9.55,95.0,9,1.9,1,0,487.73
15.43,81.0,33,1.84,0,0,383.16
14.35,11.0,19,2.95,0,0,279.39
10.71,57.0,33,1.24,0,0,260.59
11.3,25.0,21,1.8,0,0,246.46
6.44,75.0,9,2.35,1,0,359.77
11.94,19.0,44,1.27,0,0,235.53
23.88,120.0,5,3.48,1,1,1350.82
21.41,98.0,7,2.39,0,0,874.58
4.49,118.0,7,2.62,1,0,404.59
1.71,27.0,42,1.74,0,0,78.35
23.4,41.0,3,3.46,1,0,984.36
13.64,49.0,59,1.18,0,0,279.9
13.91,81.0,14,2.09,1,0,510.65
19.74,34.0,58,2.81,0,0,406.19
8.55,10.0,52,,0,1,232.23
12.57,91.0,30,2.55,0,0,329.46
24.25,25.0,16,2.25,0,0,496.9
17.13,51.0,53,1.58,0,0,317.48
4.69,46.0,35,2.87,0,0,177.17
4.2,46.0,6,1.98,0,0,209.37
5.9,110.0,27,2.36,1,0,263.7
19.4,15.0,20,1.73,0,0,365.31
8.09,87.0,9,1.03,0,0,322.27
1.51,31.0,57,1.51,0,0,97.79
23.66,83.0,21,1.38,0,0,544.97
5.07,85.0,43,2.07,1,0,227.82
1.23,49.0,44,1.06,0,1,121.5
6.69,63.0,36,1.45,0,0,189.3
6.64,55.0,19,1.21,0,0,178.87
11.13,45.0,16,1.09,0,0,234.45
23.09,50.0,21,1.27,0,0,463.29
22.1,76.0,14,1.4,0,0,564.87
11.97,32.0,30,1.83,0,0,239.47
10.86,52.0,48,2.17,0,0,246.36
14.32,70.0,32,1.64,0,1,461.99
6.84,26.0,32,1.28,0,0,193.33
2.25,74.0,27,2.88,0,0,99.83
23.54,42.0,14,2.83,1,0,692.21
5.48,117.0,11,3.28,1,0,383.35
5.76,114.0,46,3.19,1,0,241.22
12.34,69.0,38,2.37,1,0,386.16
12.8,30.0,12,2.12,0,0,329.02
1.44,25.0,54,2.2,0,0,63.75
4.55,71.0,19,,0,0,160.97
10.08,69.0,45,2.34,0,0,241.7
17.41,48.0,17,3.38,1,0,567.02
6.48,75.0,57,1.73,0,0,188.58
11.15,35.0,18,1.03,0,0,239.29
14.38,76.0,44,1.7,0,0,333.18
22.33,24.0,50,1.23,0,0,395.01
8.83,21.0,31,1.31,0,0,194.85
4.21,28.0,47,1.73,0,0,141.36
12.74,53.0,7,2.22,1,0,524.17
18.92,24.0,43,2.87,0,0,371.48
3.64,96.0,47,2.31,0,0,131.44
11.19,20.0,29,2.04,0,0,246.15
1.43,72.0,30,1.02,0,0,107.25
1.81,52.0,48,1.21,0,1,144.63
12.59,76.0,15,2.58,0,0,407.07
8.16,52.0,42,1.78,0,0,215.93
21.28,10.0,13,1.09,0,0,378.61
15.45,13.0,47,2.65,0,0,283.74
11.89,94.0,37,1.61,0,0,282.7
10.79,64.0,45,2.57,1,0,331.55
12.93,93.0,20,2.95,0,1,491.22
1.97,83.0,53,1.03,0,0,113.4
22.43,121.0,14,3.24,1,0,888.92
24.96,62.0,11,2.9,0,0,713.65
5.36,44.0,37,1.13,0,0,124.87
3.89,34.0,17,2.73,0,0,136.54
4.45,42.0,41,2.63,1,0,178.7
16.86,,29,3.56,1,1,661.35
16.87,59.0,8,1.62,0,0,507.99
21.35,22.0,35,2.97,0,0,408.61
19.04,44.0,34,2.29,0,0,376.46
11.79,128.0,1,3.05,1,0,784.13
15.71,64.0,45,2.61,0,0,340.77
17.52,57.0,21,2.67,1,0,530.51
13.31,60.0,36,1.52,0,0,286.55
12.42,39.0,51,1.53,0,0,243.23
16.48,49.0,42,1.66,0,0,330.55
14.38,69.0,1,3.03,1,0,888.16
16.45,67.0,12,2.68,0,0,458.49
15.71,97.0,58,2.0,0,0,370.54
18.26,99.0,28,1.81,0,0,443.17
16.43,74.0,19,2.59,0,0,460.96
13.47,111.0,19,2.38,1,0,502.85
17.36,21.0,31,2.38,0,0,326.61
11.79,17.0,48,1.21,0,0,228.98
6.8,84.0,17,1.23,0,0,236.96
1.03,87.0,24,2.29,0,0,116.47
14.44,,1,1.97,1,0,895.09
15.18,74.0,42,1.31,0,0,314.97
24.33,124.0,1,3.05,1,0,1359.45
9.68,19.0,9,1.88,0,0,238.13
10.46,46.0,32,2.12,0,0,280.24
5.84,38.0,41,2.95,0,0,150.56
2.69,85.0,23,3.06,1,0,162.71
19.55,97.0,46,2.18,0,0,446.84
6.99,53.0,41,1.76,0,1,240.29
15.61,75.0,1,3.06,1,0,939.99
17.51,57.0,40,1.83,1,0,461.29
12.31,88.0,30,2.11,0,0,320.78
22.03,41.0,51,1.14,0,1,525.84
11.65,29.0,23,1.44,0,1,345.87
7.84,43.0,14,2.13,0,0,231.88
22.5,82.0,46,2.34,0,0,482.62
21.68,80.0,14,2.57,1,0,758.0
4.94,44.0,50,1.84,0,0,125.83
1.62,66.0,35,2.0,0,0,89.7
3.16,66.0,30,3.32,1,0,204.2
7.88,27.0,50,1.04,0,0,147.27
24.33,30.0,10,1.89,0,0,542.17
14.4,57.0,9,1.83,1,0,521.1
9.96,66.0,18,2.44,1,1,415.49
22.33,37.0,34,2.04,0,0,427.2
11.88,24.0,13,1.16,0,0,254.46
8.57,54.0,5,,0,0,331.22
23.59,56.0,54,2.85,0,0,461.05
21.39,45.0,51,2.37,0,0,421.94
21.25,28.0,19,2.56,0,0,437.84
13.29,84.0,1,2.96,1,0,852.33
19.95,96.0,9,3.59,1,0,930.07
5.3,115.0,1,2.09,1,0,449.68
14.76,38.0,50,1.9,0,0,282.99
24.61,25.0,31,2.19,0,0,465.0
7.98,61.0,4,3.55,1,0,474.7
20.06,111.0,26,2.42,1,0,647.82
12.77,94.0,15,1.8,1,0,501.57
1.96,51.0,38,3.75,1,0,158.98
19.31,55.0,31,1.85,1,0,531.87
5.05,64.0,58,1.3,0,0,132.1
16.16,56.0,42,1.84,0,0,342.75
3.06,82.0,40,1.99,0,1,139.2
23.72,36.0,18,2.67,0,0,530.25
8.0,20.0,46,1.9,0,0,164.03
6.44,122.0,33,2.89,1,1,352.87
4.1,24.0,45,1.4,0,0,131.96
23.7,92.0,42,2.94,1,0,669.21
18.09,42.0,18,1.7,0,0,405.1
18.8,80.0,6,1.2,0,0,725.6
12.99,126.0,18,3.69,1,0,555.58
12.39,31.0,14,1.16,0,0,279.16
3.64,74.0,46,2.36,0,0,141.46
14.44,67.0,10,2.82,0,0,463.96
6.93,,1,2.16,1,0,519.17
24.45,114.0,28,2.27,1,0,737.96
20.12,51.0,20,2.65,1,0,583.92
10.91,99.0,4,2.39,1,0,747.24
4.63,124.0,32,3.32,1,0,227.62
19.85,81.0,58,1.68,0,1,561.37
3.93,86.0,25,2.97,0,0,174.01
5.54,42.0,56,2.72,0,0,142.94
6.08,75.0,29,,0,1,242.99
14.37,48.0,1,1.93,1,0,911.67
19.89,86.0,40,1.35,0,0,426.37
8.54,35.0,5,1.34,0,1,349.75
3.03,54.0,48,2.34,0,1,145.77
12.15,64.0,46,1.02,0,0,261.62
18.95,61.0,40,2.61,0,0,401.77
6.32,18.0,48,2.09,0,0,142.18
6.28,118.0,18,2.93,1,1,394.65
23.73,16.0,14,2.07,0,0,453.76
23.9,96.0,45,2.87,1,0,653.14
24.77,66.0,39,1.4,0,0,474.29
20.38,46.0,26,1.57,0,0,428.45
5.52,82.0,50,1.98,0,0,147.58
6.09,87.0,51,2.36,0,0,191.27
9.17,39.0,38,1.54,0,0,201.12
8.64,60.0,36,2.61,0,0,229.98
23.96,56.0,20,2.62,0,0,550.47
19.94,123.0,24,2.35,1,0,682.71
18.38,63.0,40,2.12,0,0,374.69
5.46,32.0,35,1.7,0,0,162.69
22.83,88.0,34,1.38,0,1,641.91
20.87,67.0,9,2.61,0,0,666.92
4.93,65.0,28,2.98,0,0,180.75
21.91,70.0,40,2.93,1,1,771.33
7.53,77.0,40,2.83,0,0,208.01
2.94,128.0,21,3.08,1,0,203.21
16.76,71.0,18,2.13,0,0,426.1
16.69,92.0,41,1.96,0,1,495.69
3.28,99.0,7,2.27,1,0,301.3
8.65,46.0,24,1.17,0,1,289.28
24.83,73.0,22,2.68,1,0,758.64
17.28,10.0,55,2.12,0,0,294.84
18.52,50.0,10,2.02,0,0,500.05
6.11,53.0,13,2.39,0,0,201.94
2.89,74.0,16,2.18,1,0,184.7
7.65,36.0,27,1.71,0,0,186.68
6.97,30.0,12,1.83,0,0,211.29
6.63,111.0,1,2.17,1,0,496.46
5.63,,11,2.81,0,0,276.39
14.79,32.0,16,2.36,0,0,340.53
8.87,80.0,33,1.98,1,0,303.67
20.69,89.0,21,2.43,0,0,534.5
5.41,59.0,54,2.1,0,0,140.55
12.15,113.0,10,2.85,1,0,584.95
1.33,90.0,8,2.98,0,0,171.17
12.56,31.0,41,2.24,0,0,254.69
2.34,49.0,13,2.79,0,0,151.54
24.47,41.0,3,3.63,1,0,1045.25
19.97,51.0,31,1.2,0,0,390.05
12.76,39.0,16,1.02,0,0,303.41
3.08,53.0,38,1.87,0,0,95.85
15.22,92.0,27,2.54,0,0,374.21
19.21,19.0,39,2.65,0,0,366.94
5.58,93.0,44,2.57,0,1,268.58
14.64,72.0,13,1.89,0,0,414.32
20.54,33.0,47,2.5,0,0,405.67
19.44,15.0,17,2.44,0,0,397.28
20.27,54.0,56,1.63,0,0,365.35
22.1,27.0,54,1.34,0,0,400.15
23.5,25.0,50,2.24,0,0,421.38
10.73,49.0,47,2.35,0,0,263.24
14.65,25.0,6,2.14,0,1,489.8
19.98,88.0,51,1.43,0,0,419.92
17.73,79.0,6,1.55,0,0,697.5
24.89,52.0,23,3.22,1,0,703.96
1.33,77.0,49,2.93,0,0,111.79
9.52,59.0,26,2.89,0,0,286.33
7.74,68.0,37,2.84,1,0,267.26
7.3,67.0,25,2.77,0,0,228.12
6.34,46.0,41,1.86,1,0,212.65
18.02,44.0,1,3.52,1,1,1085.61
3.03,49.0,51,1.95,0,0,111.18
18.8,43.0,22,3.36,1,0,566.89
17.64,16.0,20,1.01,0,1,456.85
7.02,89.0,5,2.74,0,0,415.39
7.07,46.0,27,2.19,0,0,179.23
16.09,84.0,12,1.48,0,0,486.91
19.29,68.0,56,1.69,0,0,392.16
22.04,59.0,12,1.4,0,0,569.23
21.45,108.0,36,2.65,1,1,808.8
24.16,38.0,5,1.66,0,0,667.61
14.95,64.0,15,2.07,0,0,429.24
22.81,98.0,12,2.63,0,0,748.06
20.4,76.0,51,2.96,0,0,424.68
22.47,39.0,55,1.5,0,0,410.14
1.28,59.0,25,2.01,1,0,119.65
24.18,76.0,50,1.79,0,0,489.32
12.36,70.0,40,1.29,0,0,286.71
20.16,53.0,12,2.67,0,0,531.41
4.05,65.0,28,2.0,0,0,122.5
10.5,88.0,31,2.24,0,0,273.09
7.52,,33,1.3,0,0,230.69
8.0,50.0,48,2.5,0,0,210.54
3.96,87.0,22,2.95,0,0,199.18
20.34,79.0,3,2.76,1,0,1167.04
1.22,89.0,30,3.72,1,0,143.62
8.5,19.0,42,1.07,0,0,173.07
5.19,56.0,8,1.87,1,0,276.34
15.14,54.0,7,3.72,1,1,730.7
7.1,62.0,44,2.4,0,0,191.83
7.22,82.0,56,1.38,0,0,188.29
12.72,60.0,28,1.73,0,1,416.54
16.66,90.0,43,2.02,0,0,371.01
3.91,75.0,18,,0,0,183.18
5.21,35.0,12,2.68,0,0,197.78
6.93,47.0,16,1.17,0,0,191.53
24.37,39.0,56,2.31,0,0,454.02
10.53,64.0,35,1.95,0,0,255.31
15.38,18.0,38,2.2,0,0,332.95
6.8,25.0,40,2.02,0,0,152.19
12.77,33.0,25,1.9,0,0,267.86
2.78,95.0,8,1.41,0,1,262.06
1.83,59.0,5,2.74,1,0,180.34
12.25,71.0,46,1.38,0,0,270.6
10.57,61.0,41,1.09,0,0,220.2
4.29,87.0,45,1.75,0,0,145.6
17.5,61.0,11,1.05,0,0,481.97
24.83,52.0,59,2.13,0,0,486.17
10.5,19.0,16,1.14,0,0,204.06
15.99,75.0,9,1.88,0,0,536.51
24.11,80.0,7,2.96,0,0,885.2
20.96,74.0,36,1.02,0,0,412.58
12.13,24.0,44,1.73,0,0,235.95
18.7,114.0,46,3.15,1,1,723.49
4.08,93.0,39,1.32,0,0,123.33
13.29,59.0,40,2.12,0,0,278.84
7.7,80.0,6,2.32,1,0,446.65
4.87,99.0,24,2.25,1,0,238.16
11.23,42.0,37,2.79,0,0,295.55
4.14,61.0,44,1.41,0,1,186.16
17.78,47.0,45,1.75,0,0,356.42
11.95,93.0,7,1.34,0,0,526.35
13.75,73.0,30,1.57,0,1,399.17
4.51,49.0,32,2.39,1,1,229.51
4.35,59.0,56,1.65,0,0,141.08
15.0,102.0,35,3.08,1,0,479.79
24.64,68.0,38,2.49,0,0,503.19
3.31,51.0,1,2.82,1,0,365.21
7.86,67.0,18,2.22,0,0,290.88
21.87,98.0,49,2.63,0,0,482.5
2.73,48.0,40,3.8,1,0,163.46
22.02,58.0,18,1.91,0,1,649.66
13.58,70.0,21,2.87,0,0,369.53
10.8,90.0,19,1.98,0,0,323.23
8.43,87.0,16,2.56,0,0,292.02
8.13,97.0,43,2.15,0,0,215.02
8.34,60.0,45,2.77,0,0,209.98
22.24,84.0,38,2.7,1,0,646.96
18.37,76.0,34,2.39,0,0,416.05
17.07,89.0,53,1.93,0,0,374.33
20.17,27.0,55,2.71,0,0,407.09
7.17,100.0,1,3.79,1,0,538.2
15.83,59.0,52,1.49,0,1,427.19
12.04,23.0,39,1.95,0,1,346.72
19.78,19.0,55,1.16,0,0,345.75
8.42,83.0,55,1.28,0,0,226.71
16.44,15.0,56,2.86,0,1,450.34
22.17,12.0,35,2.09,0,0,373.78
10.65,95.0,56,1.79,0,0,253.59
2.6,11.0,44,2.34,0,0,100.16
13.39,115.0,31,2.92,1,0,475.25
9.3,10.0,18,1.58,0,0,179.78
17.13,61.0,55,1.45,0,0,317.74
23.82,22.0,32,2.18,0,0,432.0
12.65,41.0,57,1.38,0,1,357.8
12.19,34.0,16,1.28,0,0,291.07
16.71,47.0,45,1.64,0,1,450.91
3.48,14.0,10,2.72,0,0,145.48
7.08,27.0,8,1.07,0,0,228.88
23.06,19.0,37,2.67,0,0,445.24
17.08,62.0,9,2.24,0,0,519.32
1.32,92.0,13,1.08,0,0,131.19
5.91,43.0,43,2.2,0,1,207.62
17.39,69.0,12,2.65,1,0,609.5
19.35,41.0,36,2.68,0,0,402.81
21.16,20.0,35,2.81,0,1,549.23
8.01,125.0,28,2.37,1,0,319.12
23.34,69.0,34,3.37,1,0,650.97
14.27,10.0,31,1.62,0,0,259.68
17.72,15.0,41,1.59,0,0,312.39
15.32,117.0,31,2.19,1,0,526.24
3.95,95.0,48,3.16,1,0,169.47
24.11,106.0,33,2.32,1,0,713.58
3.95,67.0,48,1.93,0,1,188.06
7.12,88.0,17,2.62,0,0,286.86
20.53,28.0,8,2.58,0,0,476.6
15.85,100.0,3,3.51,1,0,989.22
21.12,101.0,2,2.12,1,0,1210.04
13.38,125.0,40,2.97,1,0,447.44
10.05,80.0,10,2.83,0,0,391.09
23.12,44.0,37,1.08,0,0,407.28
1.87,52.0,10,2.59,0,0,123.74
21.55,44.0,42,2.29,1,0,526.54
6.54,55.0,21,2.34,0,0,214.49
21.37,74.0,31,3.23,1,0,668.24
4.34,96.0,17,2.85,0,0,200.24
14.93,45.0,26,2.02,0,0,332.03
22.31,43.0,44,3.5,1,0,605.22
12.36,70.0,23,1.09,0,1,388.57
18.92,11.0,32,1.84,0,0,360.9
20.31,74.0,49,2.68,1,1,684.62
18.68,55.0,57,2.08,0,1,503.44
23.21,43.0,37,2.76,1,1,760.32
11.72,69.0,29,2.94,0,0,307.0
5.16,87.0,38,1.96,1,0,235.78
2.15,13.0,12,1.53,0,0,86.57
6.92,79.0,49,2.94,0,0,212.1
4.44,60.0,36,1.89,0,0,173.59
14.39,26.0,51,2.14,0,0,306.43
5.44,13.0,15,1.16,0,0,140.63
1.93,125.0,32,2.37,1,0,180.44
1.86,96.0,12,1.88,1,0,168.28
20.96,124.0,42,2.08,1,1,777.09
15.19,85.0,31,2.27,0,0,379.79
9.59,16.0,42,2.53,0,0,191.57
22.46,57.0,41,2.74,0,0,474.08
2.68,116.0,40,2.3,1,0,167.86
24.53,42.0,46,1.67,0,0,429.11
15.79,86.0,40,2.14,0,0,365.16
5.4,77.0,45,1.17,0,0,160.88
17.3,65.0,38,2.61,0,0,403.83
19.32,64.0,9,2.77,1,0,734.34
11.3,93.0,17,2.93,0,0,400.27
21.68,74.0,21,2.03,1,0,658.36
4.62,82.0,23,1.27,0,0,166.72
7.69,78.0,30,2.5,1,0,261.52
3.24,32.0,17,1.41,0,0,110.67
6.06,20.0,11,2.39,0,0,182.08
6.73,88.0,49,2.89,0,0,205.42
23.02,31.0,5,1.18,0,0,588.26
2.87,90.0,45,1.48,0,0,140.09
11.26,56.0,25,,0,0,267.83
13.78,21.0,20,2.02,0,1,406.32
22.57,44.0,53,1.9,0,0,445.35
24.94,43.0,33,2.45,0,0,499.84
19.08,10.0,28,2.47,0,0,357.38
24.3,71.0,13,2.95,1,0,816.92
19.89,43.0,21,2.98,1,1,713.95
24.12,33.0,52,,0,0,475.23
17.97,80.0,51,1.79,0,0,362.79
2.91,85.0,5,1.02,0,0,247.66
10.65,31.0,31,1.43,0,0,232.46
16.52,74.0,8,1.87,1,0,666.5
9.42,94.0,15,1.79,0,1,401.69
7.56,38.0,27,1.72,0,0,184.99
14.86,26.0,51,1.2,0,0,262.18
23.4,67.0,14,3.31,1,0,774.98
1.84,56.0,57,2.11,0,0,99.37
19.46,80.0,20,2.25,1,0,600.04
18.35,56.0,12,3.32,1,0,594.21
24.13,13.0,40,2.34,0,0,435.1
23.34,50.0,34,1.38,0,0,463.63
19.29,15.0,57,2.97,0,0,380.71
13.49,88.0,8,1.35,0,0,503.56
5.9,53.0,23,2.54,0,0,191.05
14.09,33.0,9,2.94,0,0,356.9
19.37,63.0,6,2.45,0,0,671.64
22.5,81.0,14,2.33,0,0,625.08
19.95,70.0,43,3.61,1,0,577.7
5.69,48.0,37,2.34,1,0,237.05
15.39,91.0,59,1.55,0,0,318.39
8.97,62.0,47,2.28,0,0,245.42
1.22,11.0,15,2.76,0,0,93.45
5.81,125.0,45,3.03,1,0,223.29
3.72,59.0,16,3.75,1,0,214.69
21.23,13.0,47,1.45,0,0,368.13
7.2,53.0,12,2.65,0,0,257.41
7.83,71.0,7,2.85,0,0,354.93
24.04,22.0,45,1.85,0,0,408.64
10.1,29.0,57,2.92,0,0,207.62
1.23,61.0,44,1.4,0,0,98.89
7.81,45.0,12,3.71,1,0,343.19
3.86,24.0,54,2.81,0,0,151.72
3.47,111.0,16,1.93,1,1,279.55
2.86,73.0,15,2.04,0,1,206.52
15.24,45.0,6,2.06,0,0,491.66
5.54,75.0,16,1.91,1,0,253.94
9.67,42.0,35,1.88,1,0,267.77
21.69,119.0,45,1.81,1,0,599.14
11.18,79.0,9,2.85,1,0,527.15
22.98,77.0,2,2.73,1,0,1327.61
12.95,93.0,23,2.88,0,0,366.43
10.57,84.0,3,2.48,1,0,710.85
19.01,101.0,1,3.12,1,0,1111.14
2.76,89.0,12,1.02,0,1,223.15
3.15,94.0,37,2.33,0,1,154.25
16.65,121.0,43,3.63,1,0,539.83
12.69,105.0,9,,1,1,720.9
19.97,33.0,19,1.63,0,0,396.69
22.99,45.0,35,3.05,1,0,626.42
10.32,120.0,1,2.46,1,1,695.39
15.31,99.0,25,1.8,0,0,407.3
13.02,41.0,40,2.35,1,0,357.97
24.56,35.0,30,1.69,0,0,446.28
20.95,53.0,5,2.36,0,0,701.78
22.88,10.0,55,2.84,0,0,418.44
7.1,41.0,20,2.97,1,0,245.34
19.54,20.0,30,1.02,0,0,342.69
7.37,69.0,22,2.33,1,0,292.56
6.01,43.0,13,2.9,0,0,214.17
23.66,100.0,20,3.62,1,0,814.1
1.46,,45,2.03,1,1,152.29
24.17,110.0,7,3.62,1,0,1230.29
4.58,41.0,1,3.73,1,0,396.48
20.67,103.0,40,2.45,1,0,598.13
7.62,12.0,22,2.4,0,0,196.53
9.42,75.0,57,2.12,0,0,233.71
6.2,39.0,27,1.67,0,0,170.02
15.05,74.0,22,2.11,1,0,455.81
9.35,31.0,41,1.73,0,0,171.47
16.78,91.0,9,2.86,0,0,641.34
1.38,101.0,21,3.42,1,0,166.31
2.54,93.0,14,2.46,1,0,209.28
3.39,99.0,30,2.9,1,0,184.24
11.06,47.0,41,1.81,0,1,356.31
20.56,39.0,38,1.93,0,0,407.48
22.32,11.0,18,2.52,0,0,428.75
6.88,29.0,51,2.09,0,0,171.45
14.78,53.0,10,1.36,0,0,390.64
19.44,89.0,31,1.54,0,0,465.3
7.93,77.0,6,2.14,0,0,382.56
10.82,86.0,13,2.39,0,0,346.72
13.58,87.0,15,2.02,0,0,400.69
4.24,18.0,58,2.24,0,1,175.62
1.62,53.0,1,3.38,1,0,260.09
4.67,50.0,5,2.89,1,0,286.03
16.04,49.0,1,3.75,1,0,958.54
2.77,80.0,30,1.47,0,0,138.24
5.55,96.0,8,3.64,1,0,386.48
9.11,45.0,3,2.3,1,1,564.99
2.87,26.0,23,2.06,0,0,115.41
5.6,22.0,21,1.91,0,0,179.54
22.87,68.0,53,1.75,0,0,456.97
1.46,86.0,40,3.73,1,0,159.32
16.68,13.0,28,1.54,0,0,295.52
10.23,65.0,8,3.15,1,0,466.92
17.14,41.0,14,2.61,0,0,414.67
15.13,95.0,49,2.19,1,1,562.98
6.36,106.0,1,3.75,1,1,492.9
21.33,50.0,7,2.89,1,0,764.0
12.81,93.0,39,2.83,0,0,347.38
20.74,67.0,35,2.33,0,0,453.68
10.74,91.0,32,3.1,1,0,372.79
24.63,68.0,36,2.49,1,0,661.05
19.49,11.0,41,2.54,0,0,379.04
24.18,107.0,47,1.86,1,0,646.23
13.34,58.0,33,2.11,0,0,313.84
12.37,30.0,10,1.06,0,0,328.32
19.13,26.0,12,1.61,0,0,405.53
22.13,116.0,19,1.99,1,0,749.14
24.14,12.0,9,2.82,0,0,504.98
8.79,81.0,4,3.06,1,0,573.28
20.17,57.0,27,2.34,0,0,421.57
6.06,70.0,1,3.5,1,0,453.8
14.09,40.0,7,3.27,1,0,528.35
5.32,96.0,41,1.25,0,1,239.36
9.34,78.0,30,2.24,0,0,265.07
23.35,10.0,23,2.96,0,0,459.9
4.51,119.0,20,2.23,1,1,315.57
16.18,84.0,52,2.24,0,0,358.19
15.23,45.0,54,2.13,0,0,320.99
3.9,89.0,55,1.78,0,1,195.59
8.82,68.0,46,2.91,0,0,238.03
14.51,70.0,6,1.71,0,0,572.11
5.49,115.0,35,1.99,1,0,250.64
20.21,13.0,23,2.93,0,1,553.17
24.33,58.0,16,2.46,0,1,748.31
6.15,80.0,38,2.48,1,1,288.33
5.49,69.0,39,1.56,0,0,148.7
11.92,81.0,36,2.86,0,1,421.61
18.95,111.0,47,2.35,1,0,563.8
7.76,30.0,17,2.07,0,0,202.93
1.48,49.0,40,1.43,0,1,130.51
13.99,81.0,5,2.99,0,1,766.82
23.96,88.0,37,2.54,0,0,522.57
10.39,87.0,57,2.14,0,0,257.65
11.08,113.0,1,3.29,1,0,722.12
24.25,49.0,6,2.83,0,0,730.49
17.67,66.0,2,3.73,1,0,1050.35
18.26,51.0,20,2.57,0,0,445.29
14.5,75.0,16,3.5,1,0,533.82
24.39,50.0,4,2.6,1,0,992.63
17.53,116.0,3,2.58,1,0,1036.4
22.48,44.0,58,2.62,0,0,434.4
17.79,94.0,11,2.52,0,0,632.18
18.64,46.0,44,2.8,0,1,521.07
7.97,51.0,11,2.07,1,0,318.98
8.28,89.0,24,3.18,1,0,319.1
19.79,,15,2.3,0,0,426.32
8.12,102.0,37,3.4,1,0,308.89
14.51,121.0,49,1.85,1,0,437.24
6.98,19.0,19,2.65,0,0,167.29
20.61,67.0,11,1.65,0,1,712.9
3.65,42.0,1,3.17,1,0,345.85
20.91,78.0,27,2.23,0,0,472.78
15.47,94.0,21,2.68,1,0,542.94
5.49,51.0,24,3.29,1,0,214.08
14.01,87.0,52,2.92,0,0,326.51
7.78,54.0,20,1.65,0,0,196.46
8.76,50.0,18,2.5,0,0,241.53
9.44,81.0,46,2.43,1,0,289.95
2.52,42.0,26,2.69,0,0,130.36
24.66,79.0,54,1.87,0,0,479.02
1.76,45.0,14,2.7,1,1,180.86
16.9,11.0,14,2.54,0,0,344.46
9.91,35.0,33,1.99,0,0,226.39
16.5,57.0,8,1.53,0,1,613.34
9.55,66.0,35,2.99,0,0,263.69
17.17,78.0,18,2.24,0,0,458.47
18.5,55.0,9,2.29,0,0,563.27
17.57,87.0,32,3.09,1,0,543.68
3.74,50.0,8,2.77,0,0,161.48
16.77,25.0,15,1.37,0,0,332.47
7.72,61.0,58,1.12,0,0,171.31
1.69,21.0,29,1.77,0,0,116.47
10.96,24.0,16,2.13,0,0,259.23
11.41,94.0,56,1.57,0,0,248.53
12.21,60.0,25,3.18,1,0,378.4
17.92,34.0,15,1.15,0,0,371.03
8.41,90.0,43,,0,0,255.1
8.57,81.0,36,2.44,0,0,235.91
2.45,39.0,15,1.43,0,0,133.87
17.48,42.0,11,1.6,0,0,421.32
14.63,,6,2.61,0,0,596.22
9.39,42.0,5,2.55,0,0,353.51
17.92,37.0,29,2.63,0,0,404.05
13.9,99.0,13,1.64,0,0,490.77
12.26,50.0,50,2.94,0,0,309.13
13.27,10.0,56,2.43,0,0,258.46
16.27,72.0,40,1.13,0,0,336.65
16.84,74.0,23,2.76,1,0,551.09
7.93,87.0,4,3.13,1,0,533.96
4.38,78.0,21,2.14,1,0,213.96
4.76,29.0,23,2.8,0,1,215.8
16.35,86.0,23,2.51,0,0,436.93
21.95,47.0,57,1.16,0,0,370.49
10.83,62.0,47,3.63,1,0,367.92
5.07,21.0,24,1.81,0,0,127.32
19.16,15.0,33,1.9,0,1,517.82
20.98,97.0,57,2.57,0,0,476.07
22.13,16.0,7,2.29,0,0,478.24
15.56,60.0,26,1.88,0,0,358.22
21.66,23.0,26,1.52,0,0,402.87
1.37,25.0,33,2.03,0,1,155.19
3.57,62.0,17,2.96,1,0,197.85
3.22,57.0,34,3.06,1,0,178.83
18.1,16.0,59,2.21,0,0,345.56
2.67,77.0,30,2.23,0,0,149.37
12.91,34.0,51,1.95,0,0,268.13
12.34,42.0,57,2.12,0,1,349.59
8.46,60.0,26,1.58,0,0,233.11
21.89,97.0,42,1.32,0,0,447.85
5.09,62.0,3,3.01,1,0,413.93
9.46,59.0,25,1.09,0,0,248.97
19.58,30.0,40,1.13,0,0,316.85
1.73,72.0,54,1.49,0,0,79.47
17.15,30.0,52,1.39,0,0,314.66
20.59,66.0,30,2.55,1,0,582.63
23.37,90.0,36,1.74,0,0,502.48
22.03,35.0,36,1.23,0,0,382.61
8.67,28.0,38,1.49,0,0,200.09
15.07,67.0,27,1.01,0,0,353.64
2.86,16.0,30,1.7,0,0,107.68
7.19,24.0,58,2.59,0,1,252.44
3.26,75.0,20,1.53,0,0,168.08
8.56,75.0,42,2.29,0,0,227.52
22.0,120.0,43,2.0,1,0,631.31
9.33,56.0,7,1.02,0,0,341.02
14.49,55.0,49,2.0,0,0,316.01
11.4,128.0,1,2.72,1,0,733.18
12.01,84.0,40,1.38,0,0,279.89
24.27,83.0,3,2.37,1,0,1352.37
8.11,18.0,32,1.06,0,0,187.26
16.06,110.0,18,3.4,1,0,613.04
11.08,20.0,53,1.6,0,0,214.16
2.47,95.0,39,2.24,1,0,160.49
12.74,13.0,32,2.61,0,0,287.05
20.52,46.0,11,1.08,0,1,623.65
3.37,99.0,30,1.57,0,0,152.9
2.67,73.0,40,2.33,1,0,153.09
4.69,89.0,5,1.53,0,0,345.63
19.35,86.0,35,1.82,1,0,504.43
18.38,39.0,49,2.87,0,0,376.6
14.56,55.0,45,2.73,0,0,335.91
12.24,89.0,39,,0,0,293.74
22.32,79.0,22,1.89,0,0,525.17
19.4,72.0,16,2.85,1,0,625.1
20.49,59.0,17,1.96,0,0,491.34
20.52,54.0,10,3.36,1,0,704.99
16.43,29.0,51,1.98,0,0,314.12
11.99,85.0,55,1.38,0,0,266.16
21.75,127.0,23,2.03,1,0,744.1
23.22,49.0,25,2.84,0,0,483.8
1.57,41.0,46,1.1,0,0,84.79
2.24,21.0,13,2.8,0,0,101.5
24.01,24.0,33,,0,1,659.11
7.65,98.0,6,2.61,1,0,490.77
21.96,99.0,2,2.17,1,0,1281.12
10.33,111.0,4,2.42,1,0,674.35
3.86,43.0,28,2.86,1,0,152.24
2.93,36.0,51,2.31,0,0,114.44
4.76,67.0,24,2.38,0,0,190.75
7.0,92.0,10,2.69,1,0,376.81
12.72,87.0,46,1.75,0,1,382.71
17.84,48.0,49,2.54,0,0,359.04
24.67,54.0,5,3.65,1,1,1195.59
11.6,28.0,52,2.83,0,0,242.93
13.44,23.0,18,2.1,0,0,303.97
13.52,110.0,25,1.96,1,0,471.01
13.95,15.0,44,1.15,0,0,284.89
13.43,73.0,45,2.61,1,1,534.67
1.21,97.0,38,2.47,0,0,100.63
1.04,34.0,8,1.99,0,0,136.46
3.34,50.0,54,2.25,0,0,119.39
3.44,128.0,42,3.49,1,0,197.43
17.92,59.0,11,1.08,0,1,610.86
5.92,88.0,46,2.85,0,0,189.31
22.47,51.0,42,1.66,0,0,421.49
23.29,76.0,5,1.09,0,1,1070.13
24.42,75.0,54,2.67,0,0,476.69
23.54,31.0,50,2.87,0,0,474.67
7.53,37.0,28,2.54,0,0,230.78
13.23,,46,2.61,0,0,308.52
5.21,10.0,32,2.74,0,1,228.34
20.35,53.0,28,2.04,0,0,390.03
22.32,32.0,17,2.36,0,1,656.92
21.43,14.0,42,1.57,0,0,369.05
11.4,84.0,14,1.5,0,0,338.02
19.21,54.0,20,3.02,1,0,574.83
3.34,78.0,59,2.47,0,0,141.85
1.97,13.0,6,1.79,0,1,128.96
19.08,53.0,37,1.8,0,0,390.45
11.21,113.0,22,3.71,1,1,562.38
24.89,112.0,21,2.84,1,0,833.66
3.33,42.0,10,2.97,0,1,205.54
21.54,99.0,45,3.53,1,0,649.42
12.52,79.0,21,2.28,0,1,447.5
20.85,55.0,37,1.02,0,0,375.03
20.61,36.0,19,1.59,0,0,421.15
22.98,37.0,50,1.84,0,1,540.41
8.15,55.0,7,2.31,0,0,290.88
23.8,,14,1.79,0,0,549.78
4.64,38.0,33,2.66,0,0,154.84
2.97,94.0,1,3.13,1,0,368.65
11.36,66.0,54,1.69,0,0,255.04
20.88,31.0,40,2.57,0,0,394.05
12.36,24.0,56,1.61,0,0,245.31
20.9,36.0,48,1.13,0,1,509.61
18.51,83.0,26,1.35,0,0,433.57
6.03,98.0,35,1.01,0,1,244.86
23.77,69.0,43,2.66,0,0,487.98
2.46,84.0,18,2.25,0,0,144.97
22.56,111.0,1,2.94,1,0,1291.72
8.31,30.0,53,2.32,0,0,215.87
13.0,81.0,10,2.31,0,0,459.9
11.14,46.0,23,2.13,0,0,261.82
5.12,63.0,21,3.48,1,1,293.99
9.6,57.0,10,1.88,0,0,305.34
5.63,32.0,6,2.61,0,0,248.48
5.89,97.0,17,2.57,0,0,246.23
5.49,22.0,59,1.4,0,0,144.37
12.74,68.0,51,1.91,0,0,277.5
20.15,14.0,14,2.67,0,0,358.23
14.66,24.0,44,2.66,0,0,301.05
22.44,33.0,9,1.05,0,1,660.24
16.28,84.0,18,1.45,0,0,421.43
17.54,95.0,25,2.65,1,0,579.98
17.02,90.0,29,1.09,0,0,390.07
11.79,47.0,1,2.32,1,0,759.18
17.54,97.0,16,1.52,0,1,655.23
2.67,51.0,7,1.43,0,0,165.06
21.64,16.0,51,1.79,0,1,555.29
19.67,33.0,54,2.63,0,0,414.56
6.89,36.0,27,1.49,0,0,174.64
19.43,42.0,1,2.96,1,0,1083.04
1.3,95.0,19,2.12,0,0,141.67
6.21,87.0,43,3.44,1,0,248.71
2.56,31.0,44,1.79,0,0,108.37
19.73,49.0,17,1.45,0,0,415.52
19.14,87.0,32,3.58,1,0,580.58
20.53,58.0,18,2.67,0,1,645.32
1.11,38.0,23,2.24,0,0,110.81
13.03,83.0,13,1.19,0,0,411.08
17.92,26.0,32,1.03,0,0,318.21
4.73,46.0,27,2.17,1,0,214.53
16.59,52.0,57,1.39,0,1,461.24
3.02,44.0,37,1.27,0,0,121.94
5.35,79.0,39,2.32,1,0,214.26
12.42,106.0,33,2.48,1,0,411.95
16.69,86.0,37,2.51,0,0,400.7
4.5,15.0,8,2.42,0,0,150.13
5.45,90.0,22,1.21,0,0,204.74
5.91,11.0,30,2.95,0,0,154.2
6.73,48.0,29,2.5,0,0,203.39
6.44,42.0,39,1.33,0,0,158.03
10.48,32.0,58,1.25,0,1,302.93
16.69,42.0,43,1.18,0,0,313.85
11.51,98.0,22,2.46,0,0,334.69
19.62,87.0,37,1.47,0,0,394.7
18.26,39.0,22,1.15,0,0,341.09
4.04,18.0,33,1.84,0,0,122.66
2.17,80.0,45,2.42,0,0,124.88
22.07,71.0,12,,0,0,615.45
2.92,81.0,53,1.97,0,0,96.94
4.56,80.0,6,1.39,0,0,280.22
1.53,34.0,8,1.86,0,0,121.91
16.08,86.0,9,2.52,1,0,681.22
14.98,90.0,2,2.67,1,0,935.69
24.69,97.0,34,1.93,0,0,570.37
22.29,37.0,51,1.18,0,0,372.73
10.86,113.0,33,1.99,1,1,443.18
9.92,75.0,18,2.32,1,0,362.46
8.12,118.0,35,2.03,1,1,381.14
4.66,70.0,56,1.51,0,0,139.52
4.31,106.0,6,1.85,1,1,413.51
4.17,85.0,40,1.7,0,0,150.87
3.74,42.0,18,1.43,0,0,146.93
6.77,71.0,47,2.78,0,0,187.12
8.36,35.0,36,2.72,0,0,209.53
24.08,73.0,55,1.6,0,0,462.72
14.88,64.0,59,1.95,0,1,448.89
24.7,45.0,8,3.71,1,0,872.93
9.94,76.0,32,2.05,0,1,346.97
11.98,53.0,37,3.5,1,0,346.7
8.79,58.0,24,2.65,0,0,261.47
5.39,59.0,17,2.88,0,0,174.53
4.44,84.0,50,1.61,0,0,106.43
23.68,26.0,49,1.09,0,0,408.88
24.68,94.0,11,2.01,1,0,933.36
2.08,69.0,34,2.14,0,0,94.54
4.61,55.0,52,2.06,0,1,201.66
11.16,102.0,34,2.4,1,0,368.96
5.47,57.0,21,1.5,0,0,187.27
9.73,71.0,36,2.42,0,0,285.54
4.1,25.0,48,1.68,0,0,109.54
11.96,74.0,23,2.21,0,0,287.78
7.52,57.0,13,2.42,0,1,301.56
9.45,63.0,47,1.86,0,0,227.5
3.26,71.0,30,1.39,0,0,143.65
11.28,15.0,5,2.72,0,0,288.54
24.6,118.0,43,1.99,1,0,667.39
8.89,72.0,13,3.46,1,0,361.48
22.03,80.0,49,2.67,0,0,492.41
21.24,81.0,16,2.14,0,0,550.91
23.85,51.0,59,2.26,0,1,587.88
19.96,39.0,48,1.72,0,0,351.05
16.83,16.0,32,2.68,0,0,335.85
21.56,79.0,39,2.33,1,0,615.58
2.82,100.0,32,2.92,1,0,173.51
12.11,23.0,35,1.0,0,0,228.25
24.74,70.0,17,2.88,0,0,645.15
19.47,73.0,57,2.9,0,0,402.93
24.09,94.0,37,3.22,1,0,702.45
19.71,106.0,46,2.65,1,0,550.48
22.0,99.0,57,1.36,0,1,621.01
17.96,53.0,57,1.98,0,0,361.23
19.25,67.0,15,2.58,0,0,520.83
13.56,43.0,16,2.21,0,0,316.36
23.18,66.0,27,2.05,0,0,506.77
20.8,38.0,58,2.7,0,0,416.69
21.25,46.0,51,1.63,0,0,394.87
17.15,98.0,33,2.72,0,0,432.99
8.31,77.0,13,1.88,0,0,271.51
1.86,71.0,18,1.0,0,0,80.48
23.46,10.0,36,2.46,0,0,414.73
15.07,81.0,7,2.76,0,0,625.86
8.16,,1,2.77,1,0,590.73
4.58,66.0,10,1.91,0,0,236.94
20.91,66.0,39,2.61,0,0,440.8
21.08,75.0,31,2.77,0,0,484.75
20.55,90.0,59,2.95,0,0,449.79
16.48,70.0,32,1.69,0,0,366.75
9.78,61.0,27,2.19,0,0,251.13
8.3,88.0,4,3.45,1,0,607.45
1.21,32.0,21,2.06,0,0,83.59
21.01,124.0,48,2.72,1,0,610.74
3.1,78.0,19,2.14,0,0,145.52
16.14,30.0,18,1.71,0,0,357.34
13.1,67.0,15,1.38,0,0,364.88
13.64,48.0,49,1.93,1,1,449.34
23.24,110.0,23,3.02,1,0,754.68
1.76,,12,2.56,1,0,216.11
19.56,88.0,30,2.77,0,0,491.41
2.25,67.0,51,1.45,0,0,84.61
1.92,98.0,55,1.62,0,0,85.0
11.32,57.0,29,2.94,0,1,378.28
2.51,89.0,44,2.11,0,0,144.05
19.94,70.0,47,1.69,0,0,391.17
13.71,93.0,5,2.72,0,0,660.93
1.7,46.0,7,2.49,0,0,152.88
1.97,14.0,23,2.15,0,0,76.96
15.7,72.0,5,3.58,1,0,755.47
20.35,74.0,32,1.19,0,0,417.78
11.51,16.0,55,1.79,0,0,227.06
14.31,51.0,22,2.62,0,0,336.89
20.2,69.0,57,1.77,0,0,406.21
15.65,13.0,50,2.85,0,0,326.95
6.39,43.0,8,2.11,1,0,291.44
15.71,86.0,17,1.67,0,0,455.82
16.08,27.0,23,1.85,0,0,339.23
18.62,59.0,48,2.37,0,0,402.06
15.9,84.0,55,1.39,0,0,317.54
24.26,22.0,36,1.02,0,0,413.97
5.73,40.0,47,2.95,0,0,155.13
23.83,51.0,37,2.8,0,0,504.02
13.92,109.0,1,2.4,1,0,847.84
17.13,20.0,34,1.97,0,0,349.25
3.39,30.0,14,1.98,0,0,108.34
10.13,35.0,34,2.74,0,0,251.54
19.47,24.0,13,2.19,0,0,424.61
17.97,33.0,10,2.65,0,0,465.5
1.96,99.0,39,3.62,1,0,160.11
14.12,121.0,1,2.93,1,0,862.32
3.12,81.0,24,1.57,0,0,160.28
24.9,44.0,21,,0,0,516.03
22.54,67.0,1,3.5,1,1,1263.22
1.51,68.0,1,2.97,1,1,259.01
21.61,61.0,14,2.79,0,0,599.17
23.07,71.0,5,2.79,0,0,905.19
9.49,95.0,28,2.55,1,0,362.75
18.27,11.0,51,1.9,0,1,473.29
11.61,91.0,57,2.36,0,0,275.09
16.73,74.0,40,1.22,0,1,462.94
9.17,102.0,34,2.73,1,0,328.1
8.74,69.0,55,,0,1,274.47
11.19,75.0,24,2.7,0,0,307.03
4.49,23.0,36,2.89,0,1,194.18
20.95,67.0,11,2.08,1,0,710.34
9.37,53.0,43,2.33,0,0,256.94
10.6,99.0,16,3.07,1,0,455.03
22.46,60.0,1,3.32,1,1,1278.86
12.92,93.0,5,2.39,0,1,754.61
14.06,43.0,35,1.43,0,0,293.61
23.96,63.0,22,1.58,0,0,544.58
22.28,78.0,1,2.13,1,0,1281.2
5.07,13.0,29,2.84,0,0,130.38
12.36,37.0,11,2.04,0,0,342.08
24.31,48.0,18,2.95,0,0,541.62
9.94,74.0,11,1.9,0,0,353.98
9.92,54.0,34,2.11,0,0,270.32
5.68,81.0,21,2.58,0,1,272.69
3.74,70.0,17,2.59,0,0,179.5
18.77,99.0,18,2.26,1,1,771.58
19.48,25.0,40,1.58,0,0,355.49
24.26,60.0,16,1.2,0,0,516.85
19.56,84.0,12,3.41,1,0,735.59
6.84,40.0,27,2.59,0,0,204.17
1.96,16.0,26,1.16,0,1,117.16
24.65,90.0,19,2.31,1,0,804.86
9.17,44.0,38,2.7,1,0,306.92
8.49,75.0,29,2.08,0,1,305.28
22.74,80.0,30,2.85,1,0,669.68
15.04,77.0,25,2.97,0,0,407.07
6.16,19.0,52,2.53,0,0,168.66
22.34,104.0,40,2.03,1,0,647.24
24.84,12.0,33,1.59,0,0,419.29
3.08,52.0,57,1.69,0,0,135.39
21.69,54.0,12,1.63,0,0,531.07
10.37,35.0,53,2.57,0,0,246.72
13.58,90.0,58,1.72,0,0,302.45
22.96,51.0,9,1.98,0,0,596.6
24.36,81.0,6,2.07,0,0,934.49
7.29,39.0,56,1.54,0,0,168.52
6.11,81.0,27,1.65,0,0,168.08
2.93,91.0,6,2.56,0,0,283.93
14.48,33.0,26,2.73,0,0,317.25
1.33,112.0,15,1.87,1,1,202.51
10.89,93.0,48,2.21,0,0,264.24
2.76,53.0,53,2.27,0,0,141.85
10.73,22.0,21,2.47,0,0,264.14
1.96,46.0,44,2.39,0,0,115.63
21.05,28.0,35,2.75,0,0,437.27
6.03,14.0,29,1.16,0,0,154.14
8.88,45.0,11,1.78,0,0,272.21
21.88,97.0,29,2.56,0,0,537.67
18.91,64.0,22,2.69,0,0,449.8
6.26,61.0,36,1.53,0,0,170.43
2.73,43.0,12,2.17,0,0,113.07
18.18,,41,,1,0,470.8
10.38,43.0,8,3.5,1,0,404.34
19.39,81.0,52,2.46,0,0,432.96
11.69,112.0,1,2.24,1,0,785.84
9.3,50.0,59,2.25,0,0,225.9
11.83,50.0,27,2.02,0,0,276.14
18.97,40.0,19,,0,1,539.41
22.65,69.0,26,2.79,0,0,511.05
2.19,60.0,40,1.3,0,0,112.08
13.58,49.0,7,1.93,0,0,430.47
1.79,110.0,39,2.97,1,0,156.88
12.24,64.0,38,3.45,1,1,485.75
22.25,116.0,3,2.1,1,0,1249.3
9.68,108.0,1,3.02,1,0,665.32
23.38,100.0,6,1.81,1,0,1162.81
16.13,27.0,33,2.65,0,0,337.95
23.42,80.0,5,1.47,0,0,965.98
19.17,47.0,37,2.44,0,1,529.46
3.48,73.0,25,2.2,0,0,165.56
6.55,63.0,25,1.1,0,0,223.38
10.46,118.0,21,2.17,1,1,530.32
5.08,88.0,1,2.34,1,0,429.81
12.88,54.0,12,2.77,0,0,367.72
12.31,71.0,16,1.96,0,1,420.61
23.95,91.0,16,3.63,1,1,1023.61
11.41,40.0,53,1.09,0,0,221.51
19.86,65.0,13,1.01,0,0,527.32
23.61,112.0,38,3.7,1,0,740.28
22.05,58.0,32,3.25,1,1,766.03
6.01,79.0,33,2.57,0,0,212.97
12.9,93.0,1,3.63,1,0,822.13
9.35,37.0,26,2.97,0,0,221.19
10.6,68.0,8,1.2,0,0,378.88
9.66,71.0,33,1.32,0,0,251.75
20.83,59.0,45,1.38,0,0,389.14
11.85,47.0,17,2.64,0,0,317.14
13.57,49.0,18,2.51,1,0,421.89
24.58,44.0,6,2.19,0,0,693.72
2.44,55.0,7,2.71,0,0,180.24
12.71,33.0,19,2.37,0,0,293.82
19.58,82.0,28,1.13,0,0,392.57
4.63,118.0,44,2.69,1,0,222.0
15.68,41.0,30,1.14,0,0,312.43
6.75,,12,1.96,0,0,204.88
21.82,35.0,44,,0,0,392.2
8.85,83.0,47,1.8,1,0,266.42
8.9,26.0,51,2.63,0,0,218.1
15.36,25.0,9,2.94,0,1,497.21
5.41,65.0,2,3.73,1,1,462.51
7.84,65.0,50,1.6,0,1,302.05
11.0,46.0,43,2.66,0,0,265.87
9.49,117.0,40,3.16,1,0,328.2
13.6,91.0,36,2.6,0,0,352.76
15.39,55.0,25,3.49,1,0,485.08
14.6,11.0,12,2.96,0,1,446.58
16.7,93.0,21,1.3,0,0,439.85
8.39,39.0,27,2.54,0,0,234.19
4.03,112.0,33,3.27,1,0,181.03
19.26,94.0,44,2.38,1,1,689.76
21.42,72.0,17,1.79,0,0,540.92
7.17,73.0,48,1.35,0,0,174.41
10.77,74.0,19,2.83,0,0,310.81
12.97,36.0,49,2.76,0,0,278.71
13.8,18.0,32,2.23,0,0,297.76
16.83,123.0,42,2.82,1,0,533.46
2.0,78.0,24,2.27,1,0,147.56
18.32,74.0,9,3.38,1,0,758.04
2.49,42.0,42,1.02,0,0,80.99
12.24,52.0,2,2.73,1,0,721.75
20.86,117.0,40,3.52,1,0,649.17
11.83,62.0,19,2.24,0,0,327.24
4.58,10.0,42,2.27,0,0,108.92
24.64,59.0,43,1.14,0,0,482.0
22.34,80.0,55,1.57,0,0,456.57
19.51,86.0,28,3.15,1,0,599.26
10.88,61.0,40,1.1,0,1,313.64
5.41,73.0,14,2.46,1,0,282.59
23.59,16.0,48,1.71,0,0,415.67
13.78,85.0,7,2.8,1,0,640.1
21.46,127.0,38,,1,0,658.74
9.21,88.0,49,1.91,0,0,256.4
9.05,63.0,41,2.89,1,0,313.94
24.65,48.0,25,1.26,0,1,664.62
13.52,71.0,51,1.36,0,0,310.53
4.38,76.0,27,2.67,0,0,157.38
6.27,83.0,50,1.92,0,0,182.21
12.57,115.0,1,2.51,1,0,833.82
2.02,50.0,26,1.87,0,0,93.44
12.1,38.0,33,1.35,0,0,243.68
11.05,111.0,34,2.28,1,0,371.11
19.7,83.0,34,2.03,0,0,467.93
9.52,26.0,28,1.72,0,0,226.23
24.58,18.0,29,1.95,0,1,620.86
5.34,24.0,16,1.3,0,0,131.96
15.18,13.0,54,1.31,0,0,252.65
3.15,30.0,24,1.77,0,0,114.8
18.61,80.0,37,1.76,0,0,408.42
24.87,57.0,43,2.77,0,0,506.94
20.66,17.0,26,1.07,0,0,345.58
14.34,85.0,40,3.79,1,1,567.24
12.63,93.0,23,2.91,0,0,352.13
21.04,46.0,26,2.88,1,0,604.03
23.46,109.0,47,3.24,1,0,666.75
24.74,48.0,45,3.67,1,1,848.17
10.52,87.0,30,1.5,0,0,274.38
24.78,87.0,38,2.43,1,0,674.51
4.74,91.0,1,2.02,1,0,433.08
7.09,38.0,12,2.13,0,0,228.41
3.14,12.0,15,1.32,0,0,110.93
7.52,40.0,44,2.86,0,0,201.74
19.43,97.0,20,1.86,0,0,501.4
21.47,72.0,13,2.84,0,0,618.38
19.69,33.0,45,1.41,0,0,372.52
16.15,57.0,8,2.39,0,0,528.23
13.34,74.0,5,3.1,1,0,704.27
18.01,34.0,14,1.8,0,0,401.59
10.38,65.0,57,2.8,0,0,272.74
21.19,30.0,33,1.87,0,0,398.08
17.25,24.0,45,1.4,0,0,320.77
17.75,82.0,9,2.95,0,0,650.37
13.86,42.0,1,2.68,1,0,828.39
22.25,19.0,17,1.42,0,1,565.47
7.05,59.0,20,1.73,0,0,204.52
10.15,88.0,45,2.23,0,0,267.45
19.66,119.0,2,2.82,1,0,1127.41
12.83,52.0,22,3.07,1,0,411.12
22.34,53.0,28,2.32,0,0,472.17
9.31,10.0,42,1.25,0,0,176.52
9.86,86.0,1,2.43,1,0,675.72
22.33,94.0,1,3.3,1,1,1282.77
12.14,42.0,23,2.3,0,0,295.43
13.39,81.0,22,1.18,0,0,376.02
8.99,25.0,42,1.63,0,0,190.3
7.64,57.0,28,2.86,0,0,214.54
16.74,44.0,43,2.72,0,0,349.32
3.88,60.0,24,2.34,0,0,143.54
22.1,69.0,28,1.15,0,0,460.65
19.7,87.0,59,2.21,0,0,413.17
5.58,83.0,1,1.82,1,0,501.36
17.66,87.0,30,3.12,1,1,713.38
15.46,10.0,20,2.46,0,0,332.01
5.43,74.0,29,2.79,1,0,243.92
7.56,19.0,11,1.01,0,0,179.25
10.82,21.0,34,2.33,0,0,231.43
17.78,44.0,39,2.64,0,0,353.94
16.33,78.0,33,2.97,1,0,488.66
13.77,115.0,37,3.22,1,0,460.71
19.44,84.0,10,1.98,1,0,768.77
19.19,37.0,20,2.43,0,0,426.57
15.83,122.0,18,3.03,1,1,759.9
19.89,63.0,8,2.46,1,0,756.34
9.02,29.0,20,2.37,0,0,225.98
22.15,125.0,26,3.09,1,0,761.31
15.76,20.0,56,2.2,0,1,438.06
20.74,67.0,1,2.17,1,0,1189.38
14.11,29.0,29,1.59,0,0,306.03
6.24,78.0,27,2.98,0,0,209.39
14.02,102.0,1,2.67,1,1,858.97
9.91,67.0,13,1.12,0,0,286.27
17.74,49.0,41,2.8,0,1,513.39
12.42,16.0,46,,0,0,245.39
21.07,125.0,26,2.61,1,0,702.71
17.27,46.0,47,1.56,0,1,467.08
17.43,68.0,16,3.73,1,1,721.6
6.21,115.0,12,2.56,1,0,366.85
24.62,45.0,46,2.42,0,0,488.25
21.2,44.0,50,2.2,0,0,404.12
19.94,31.0,27,1.09,0,0,347.75
8.93,27.0,13,1.77,0,1,289.72
13.86,66.0,31,1.78,0,0,322.36
4.29,95.0,38,2.98,0,0,180.22
13.92,92.0,13,2.62,0,1,563.74
4.5,43.0,25,2.71,0,1,212.43
14.27,112.0,11,2.43,1,1,738.42
16.57,83.0,9,1.66,0,0,592.42
10.36,122.0,8,2.83,1,0,625.62
12.97,18.0,22,2.26,0,0,292.73
22.02,60.0,28,2.46,0,1,652.27
3.61,37.0,55,2.64,0,0,133.71
20.0,34.0,13,2.75,0,0,430.82
5.1,121.0,25,1.85,1,0,258.77
1.88,61.0,25,2.59,0,1,139.81
5.45,35.0,39,2.22,0,0,170.19
19.36,28.0,30,2.06,0,0,365.03
10.72,77.0,21,2.26,0,1,379.63
21.94,58.0,8,2.76,0,0,667.13
13.59,35.0,11,2.09,0,0,350.66
1.53,54.0,7,1.32,0,0,140.13
18.2,76.0,45,1.87,0,0,385.75
3.65,16.0,35,2.85,0,0,118.47
19.95,,15,3.43,1,0,642.04
5.03,77.0,18,1.41,0,1,252.07
9.29,16.0,48,2.43,0,1,307.07
19.27,31.0,31,1.51,0,0,343.73
23.9,95.0,42,1.7,0,0,497.82
9.91,62.0,27,1.94,0,1,366.82
20.91,38.0,14,1.88,0,0,481.03
5.58,20.0,50,1.06,0,0,136.24
20.37,72.0,25,2.55,0,0,482.47
16.78,119.0,44,3.49,1,0,531.79
5.63,100.0,1,2.86,1,0,446.23
8.26,65.0,52,1.35,0,0,175.26
4.16,66.0,15,1.5,0,1,194.28
10.19,15.0,17,1.25,0,0,241.44
5.89,76.0,3,2.14,1,0,481.39
16.46,52.0,40,3.55,1,0,473.53
24.87,56.0,19,1.96,0,0,555.07
1.29,81.0,55,1.22,0,0,69.95
13.98,114.0,1,2.31,1,0,854.14
14.77,103.0,18,3.7,1,0,581.93
22.94,53.0,17,2.02,0,0,519.61
13.14,57.0,28,2.03,0,0,310.31
14.05,27.0,27,2.05,0,0,302.14
12.32,54.0,54,1.22,0,0,285.19
7.45,41.0,38,2.94,0,0,213.34
2.34,33.0,7,1.17,0,0,128.03
10.81,125.0,8,3.2,1,0,616.18
2.26,89.0,20,1.92,1,0,154.76
14.21,98.0,1,2.69,1,0,871.55
8.38,12.0,33,2.8,0,1,259.86
13.81,76.0,16,2.54,0,0,398.14
4.22,23.0,9,1.67,0,0,141.4
23.38,82.0,55,2.1,0,0,461.83
22.47,,56,1.33,0,0,380.99
5.56,98.0,45,2.91,0,1,238.25
9.24,78.0,59,2.42,0,0,264.2
15.72,71.0,11,1.75,0,0,465.22
3.3,86.0,39,1.64,0,0,134.2
9.51,68.0,11,1.48,0,0,316.96
7.03,30.0,51,2.57,0,0,185.98
22.97,79.0,19,2.67,1,0,741.16
21.46,70.0,36,1.66,0,0,445.0
14.92,60.0,32,2.81,0,0,332.0
13.49,82.0,47,1.3,0,0,288.06
23.34,124.0,20,2.33,1,0,813.38
23.38,82.0,14,1.69,0,0,647.86
24.26,49.0,27,2.32,1,0,632.34
4.01,50.0,13,2.17,0,0,163.36
4.85,21.0,39,2.2,0,0,131.64
17.24,114.0,1,1.91,1,0,1041.62
13.99,93.0,22,1.29,0,0,369.03
1.44,73.0,8,1.4,0,0,153.42
2.49,48.0,23,1.14,0,0,113.85
22.31,73.0,10,1.25,0,0,623.41
21.85,80.0,37,1.48,0,0,439.83
9.57,10.0,8,1.69,0,0,250.06
22.39,23.0,37,2.58,0,0,423.53
15.25,84.0,43,2.24,1,0,417.84
20.34,30.0,8,2.34,0,0,476.46
11.26,54.0,25,1.12,0,0,288.16
3.72,81.0,32,2.32,0,0,144.6
11.41,90.0,11,2.59,0,1,525.55
11.98,71.0,12,2.21,0,0,398.44
14.22,54.0,39,1.4,0,0,295.82
3.53,93.0,6,2.46,1,0,313.57
24.79,88.0,23,2.61,0,0,624.24
6.86,11.0,46,1.86,0,0,129.48
5.77,22.0,56,1.51,0,0,146.3
13.64,38.0,42,2.87,0,0,291.83
13.89,,12,3.07,1,0,513.88
11.56,17.0,32,2.61,0,0,255.04
19.53,44.0,42,1.05,0,0,336.25
13.4,63.0,26,2.48,1,0,425.42
15.63,46.0,24,2.72,1,0,479.46
18.37,37.0,36,2.17,0,0,368.26
1.6,125.0,16,2.18,1,0,168.07
14.7,99.0,54,2.0,0,0,328.86
22.22,90.0,9,2.37,0,0,749.47
1.42,72.0,47,1.69,0,0,114.54
10.72,15.0,11,2.38,0,0,287.69
23.23,20.0,13,1.78,0,0,455.77
9.48,47.0,7,1.94,0,0,304.38
12.01,75.0,59,,0,0,241.86
24.56,72.0,23,2.3,0,0,595.83
5.78,41.0,48,1.45,0,0,152.92
2.57,65.0,12,3.46,1,0,220.32
21.63,41.0,34,2.11,0,0,400.7
21.84,44.0,51,2.12,0,0,405.35
12.33,11.0,56,2.82,0,1,356.37
13.34,12.0,41,1.33,0,1,332.2
21.06,42.0,12,2.06,0,1,635.75
18.73,46.0,48,2.56,1,0,537.5
7.36,94.0,33,2.93,0,1,314.28
1.41,87.0,38,3.39,1,0,140.44
12.51,98.0,21,2.52,0,0,371.4
21.61,,13,2.21,1,0,901.79
22.5,32.0,18,1.47,0,0,424.34
23.95,120.0,10,1.86,1,1,1217.11
22.11,91.0,19,2.28,0,0,594.27
14.92,96.0,40,1.74,0,0,342.33
11.67,18.0,22,1.62,0,1,339.63
19.6,,44,2.27,0,0,424.37
18.76,57.0,41,2.66,0,0,395.06
13.92,44.0,35,1.27,0,0,295.43
3.1,101.0,43,3.64,1,0,182.21
23.23,33.0,44,1.07,0,0,387.18
11.93,79.0,17,1.19,0,0,353.95
9.72,92.0,13,2.68,0,0,329.36
16.11,87.0,50,1.99,0,0,333.96
17.17,12.0,53,2.88,0,0,364.01
6.06,15.0,58,1.92,0,0,144.45
21.09,90.0,42,2.85,0,0,488.44
7.96,45.0,11,1.48,0,0,235.97
5.48,95.0,37,2.23,0,1,245.95
10.75,92.0,18,3.79,1,0,442.77
18.53,13.0,40,1.75,0,0,354.57
24.17,19.0,31,1.0,0,0,399.66
20.42,58.0,56,1.13,0,0,388.31
23.57,52.0,47,2.72,0,0,478.52
4.37,77.0,14,1.98,0,0,195.14
2.71,52.0,7,2.87,1,0,221.47
14.38,122.0,46,3.4,1,0,470.06
7.97,52.0,26,2.62,0,0,212.94
20.87,57.0,49,1.95,0,1,534.25
17.13,129.0,48,3.52,1,0,538.04
24.3,39.0,10,1.94,0,0,610.71
7.12,52.0,54,2.35,0,0,158.14
12.66,40.0,25,1.07,0,0,285.5
13.03,60.0,31,1.28,0,0,301.45
6.74,77.0,38,3.5,1,0,278.06
15.16,115.0,28,2.43,1,0,543.84
11.64,28.0,10,1.67,0,0,299.11
11.72,62.0,1,3.13,1,0,755.29
9.71,59.0,58,2.19,0,0,231.02
1.41,85.0,29,1.96,1,0,148.18
13.53,,34,2.53,0,1,422.6
9.05,83.0,15,2.23,0,0,302.13
1.03,88.0,34,2.71,0,0,115.07
8.39,26.0,25,2.07,0,0,208.36
7.69,61.0,45,1.83,0,0,198.21
10.44,22.0,50,1.74,0,0,216.34
4.16,63.0,5,1.81,1,0,287.61
13.18,119.0,1,1.88,1,0,830.59
17.62,39.0,23,1.26,0,0,355.16
16.12,83.0,41,3.66,1,0,491.87
20.29,54.0,19,3.56,1,0,643.34
11.85,13.0,36,1.99,0,0,240.17
13.46,61.0,31,1.36,0,0,278.11
20.45,113.0,40,2.09,1,1,735.32
11.26,55.0,16,1.51,0,0,292.7
17.84,,17,2.82,0,1,642.57
11.43,55.0,9,2.04,0,1,461.6
11.03,41.0,16,2.61,0,0,279.2
19.24,60.0,43,2.81,1,1,658.09
5.2,38.0,30,2.22,0,0,157.19
9.13,69.0,45,3.02,1,1,390.61
6.38,46.0,29,1.86,1,0,224.83
9.62,51.0,22,1.89,0,0,262.7
6.53,113.0,12,3.53,1,0,378.8
14.91,59.0,45,1.98,0,0,314.22
20.16,95.0,7,1.87,0,1,963.68
19.88,56.0,20,2.85,1,0,627.48
9.75,27.0,47,1.76,0,0,213.63
24.73,44.0,46,2.83,1,0,597.87
15.25,70.0,52,1.27,0,1,435.1
10.59,78.0,9,3.74,1,0,532.05
21.05,90.0,42,1.07,0,0,434.39
18.52,77.0,30,1.97,0,0,406.36
18.98,50.0,45,1.42,0,0,382.42
5.71,81.0,5,1.12,0,1,402.32
12.24,35.0,18,2.3,0,0,279.6
21.68,98.0,55,2.97,0,0,457.39
13.1,48.0,39,2.5,0,0,266.66
17.4,84.0,58,1.51,0,0,360.22
15.11,76.0,13,1.99,0,0,471.37
21.22,53.0,31,1.1,0,0,421.33
7.83,103.0,35,2.86,1,0,311.92
14.81,78.0,26,2.0,1,0,487.17
3.96,65.0,9,2.59,0,0,220.68
17.57,98.0,36,1.11,0,0,364.94
18.57,95.0,35,1.02,0,0,397.27
2.03,22.0,10,2.72,0,0,121.67
17.22,13.0,57,2.89,0,0,354.71
10.95,37.0,35,1.17,0,0,227.56
3.98,,35,1.56,0,0,163.63
11.08,12.0,48,2.48,0,0,235.0
5.66,36.0,43,2.08,0,0,153.41
10.97,70.0,11,2.9,0,1,466.15
10.22,114.0,46,2.58,1,0,327.02
18.72,45.0,4,1.81,1,0,743.48
19.58,87.0,42,1.84,1,0,525.73
15.57,65.0,53,2.13,0,0,368.99
1.54,38.0,35,2.5,0,0,99.06
23.34,81.0,49,2.58,0,0,501.83
17.47,84.0,9,2.82,0,0,613.13
1.82,82.0,36,1.46,0,0,114.14
20.65,70.0,8,3.28,1,0,839.41
5.81,,35,3.45,1,1,302.79
14.9,110.0,8,3.47,1,0,753.61
12.2,113.0,2,2.62,1,0,815.6
11.08,18.0,24,2.25,0,0,257.14
22.35,102.0,36,2.9,1,0,658.13
11.5,116.0,35,2.99,1,0,413.81
2.81,36.0,58,1.56,0,0,109.14
23.72,27.0,43,2.37,0,0,444.46
23.09,25.0,14,2.42,0,1,631.51
17.43,13.0,14,1.39,0,0,312.62
12.23,47.0,12,1.89,0,0,309.62
3.23,59.0,11,2.64,1,1,251.7
19.98,50.0,56,2.5,0,1,537.07
2.81,67.0,42,2.33,0,0,129.68
2.65,85.0,56,1.95,0,0,93.15
13.9,37.0,55,2.31,0,0,285.07
4.84,53.0,17,1.53,0,0,139.75
1.19,104.0,31,2.26,1,0,129.09
11.15,18.0,40,1.48,0,0,221.32
4.29,72.0,15,1.86,1,0,240.91
4.85,74.0,48,2.38,0,0,140.66
2.85,18.0,51,2.97,0,0,120.14
5.92,125.0,1,2.42,1,0,491.67
18.17,101.0,24,3.66,1,0,640.64
20.41,82.0,51,2.21,0,0,419.9
11.86,108.0,13,2.25,1,0,521.76
13.16,11.0,44,1.02,0,0,256.1
1.78,87.0,19,2.45,0,0,148.15
2.66,85.0,28,2.39,0,0,128.26
7.18,38.0,46,1.46,0,0,159.55
14.05,89.0,17,1.67,0,0,403.01
18.75,57.0,28,2.8,0,0,424.44
15.52,82.0,55,1.31,0,0,342.53
10.41,,5,2.67,0,0,437.97
3.84,41.0,47,1.34,0,0,121.46
19.74,63.0,12,2.76,1,0,658.69
9.73,67.0,55,2.0,0,0,218.96
18.67,29.0,22,1.94,0,0,365.63
13.31,123.0,45,2.38,1,0,423.52
18.73,52.0,43,1.51,0,0,353.67
22.77,14.0,41,2.47,0,0,410.68
23.1,93.0,50,1.55,0,0,463.24
13.84,89.0,15,2.22,0,0,405.74
13.28,28.0,32,2.69,0,0,291.4
7.38,115.0,5,3.47,1,1,562.81
23.46,90.0,57,1.33,0,1,615.79
11.99,36.0,36,2.31,0,0,274.6
4.06,50.0,38,2.2,0,0,143.11
11.38,99.0,45,1.56,0,1,367.12
4.05,73.0,1,2.58,1,1,399.14
13.06,60.0,9,2.37,1,0,489.36
14.47,51.0,28,2.07,0,0,325.67
9.11,106.0,34,3.41,1,0,354.74
2.72,122.0,1,3.56,1,1,323.07
23.64,30.0,10,2.45,0,0,554.79
19.56,115.0,1,2.77,1,0,1129.95
21.13,126.0,11,3.72,1,0,964.14
9.8,56.0,11,2.13,0,0,331.48
19.26,37.0,7,1.96,0,0,535.65
12.65,102.0,18,3.51,1,0,535.74
5.83,73.0,55,1.37,0,0,151.48
3.99,,6,2.12,1,0,327.42
9.28,21.0,22,2.57,0,0,222.27
4.3,11.0,12,2.74,0,0,126.35
24.96,68.0,48,1.15,0,0,465.65
2.18,39.0,30,2.53,0,0,77.43
11.59,21.0,5,1.85,0,0,311.45
11.85,78.0,1,3.21,1,0,768.2
8.22,27.0,46,1.27,0,0,172.43
14.71,33.0,7,2.95,0,0,415.46
4.6,21.0,46,2.76,0,0,167.65
19.81,91.0,8,1.81,0,1,873.46
8.98,45.0,18,3.59,1,1,408.5
15.19,47.0,6,3.59,1,0,620.24
18.18,66.0,18,1.92,0,0,456.08
22.34,58.0,44,2.89,0,0,455.3
21.06,24.0,28,2.95,0,0,435.1
15.6,,34,1.43,0,0,329.87
10.32,97.0,33,1.93,1,0,352.23
13.08,62.0,37,1.66,0,0,300.86
19.45,34.0,53,1.98,0,1,524.48
22.06,86.0,25,1.19,0,0,501.2
3.49,100.0,9,2.08,1,0,262.94
10.24,51.0,41,3.74,1,0,329.53
19.63,64.0,26,3.27,1,0,552.95
11.36,58.0,31,3.55,1,0,385.14
8.97,81.0,47,,1,0,314.76
10.87,119.0,25,2.56,1,0,439.52
15.47,51.0,1,3.18,1,0,937.88
25.0,99.0,45,2.17,1,0,661.38
12.83,45.0,37,2.1,0,1,389.42
6.0,33.0,38,1.42,0,0,140.69
4.91,42.0,47,1.32,0,0,139.07
2.02,45.0,48,1.2,0,0,97.76
14.41,43.0,5,2.96,1,0,575.9
14.07,89.0,34,3.7,1,0,486.34
5.93,65.0,56,1.24,0,0,190.45
17.69,17.0,40,2.0,0,0,349.28
18.79,100.0,47,3.17,1,1,710.91
7.22,17.0,38,1.99,0,0,180.42
9.26,16.0,13,2.82,0,0,227.51
24.77,64.0,25,2.13,1,0,649.05
9.98,57.0,33,1.05,0,1,305.81
19.26,44.0,17,1.77,0,1,564.26
11.87,88.0,14,2.11,0,0,379.96
20.04,27.0,13,1.51,0,1,539.77
19.46,20.0,49,1.34,0,1,499.94
17.03,38.0,7,2.61,0,0,481.69
21.51,96.0,53,1.38,0,0,417.7
23.54,92.0,22,1.89,0,0,596.25
14.92,55.0,21,3.71,1,0,495.48
6.7,15.0,36,2.23,0,0,169.8
10.57,24.0,12,2.0,0,0,257.76
19.2,82.0,17,1.72,0,0,497.78
16.62,38.0,22,2.04,0,0,358.19
5.27,73.0,30,2.47,0,0,194.29
2.23,75.0,20,2.65,0,0,117.02
17.39,126.0,15,3.1,1,0,707.65
7.03,52.0,40,3.38,1,0,275.23
12.99,93.0,29,1.18,0,0,317.99
18.92,80.0,49,1.03,0,0,378.58
14.5,66.0,8,2.47,0,0,502.93
3.0,90.0,37,1.52,0,1,144.82
5.45,90.0,24,3.56,1,0,252.58
6.26,94.0,35,2.07,0,0,157.21
7.19,67.0,27,2.76,1,0,282.02
14.57,62.0,1,3.35,1,0,901.43
13.1,94.0,19,2.48,0,0,375.99
5.88,10.0,19,2.41,0,0,170.71
2.62,90.0,43,2.38,0,0,113.74
5.11,97.0,35,2.03,0,0,146.63
24.63,110.0,3,3.65,1,1,1381.09
12.25,44.0,36,2.78,0,0,268.11
21.82,45.0,49,1.66,0,0,421.2
21.37,53.0,32,3.41,1,0,600.67
13.28,65.0,46,2.78,0,1,430.26
17.96,71.0,25,2.24,0,0,412.06
5.63,21.0,57,2.11,0,0,139.82
17.52,96.0,16,2.34,0,0,511.64
7.54,23.0,39,1.33,0,0,174.83
20.97,71.0,19,1.17,0,0,489.51
3.01,98.0,56,2.64,0,0,117.26
19.56,31.0,47,2.15,0,0,396.73
3.4,38.0,32,1.25,0,0,111.38
22.15,111.0,26,2.63,1,0,715.22
8.3,84.0,55,1.6,0,0,214.33
16.71,68.0,30,2.75,0,0,391.14
12.7,,4,2.81,1,0,811.09
9.79,54.0,35,2.96,1,0,326.08
16.49,60.0,17,,1,0,525.61
23.74,98.0,5,2.6,0,0,1113.39
1.99,86.0,20,2.86,0,0,144.99
23.05,80.0,25,2.58,0,0,555.27
15.62,121.0,41,2.79,1,1,609.42
20.38,21.0,21,2.67,0,0,380.76
10.21,70.0,24,1.38,0,0,259.6
12.32,56.0,30,1.23,0,1,385.4
21.85,35.0,21,1.88,0,0,455.99
10.96,78.0,29,1.36,0,1,330.48
13.83,111.0,19,,1,0,509.14
1.48,75.0,1,2.97,1,0,273.8
4.81,64.0,32,1.81,0,0,142.06
16.4,108.0,1,,1,1,977.6
18.21,95.0,18,1.45,0,0,531.62
14.98,96.0,26,2.99,0,0,420.85
4.44,81.0,18,1.72,0,0,167.93
11.69,28.0,19,2.03,0,0,236.52
9.52,43.0,9,1.26,0,0,266.94
12.9,79.0,19,2.16,0,0,349.7
21.89,102.0,46,3.72,1,0,661.84
19.62,89.0,38,3.3,1,0,621.27
3.02,26.0,51,1.49,0,0,99.22
22.37,,38,1.89,0,0,469.07
12.32,88.0,33,1.85,0,0,319.32
18.85,48.0,26,1.2,0,1,523.91
4.36,40.0,20,2.77,0,0,146.27
17.1,31.0,11,1.76,0,0,387.63
6.67,67.0,5,1.99,0,0,348.47
11.52,34.0,55,1.58,0,0,229.91
1.4,28.0,11,,0,0,90.99
4.64,93.0,36,3.6,1,0,218.27
3.21,110.0,16,1.87,1,0,230.62
6.75,11.0,54,1.8,0,0,145.03
3.4,88.0,12,2.46,0,1,228.66
17.61,61.0,32,2.42,1,0,524.85
1.7,,5,1.89,0,0,136.23
15.83,16.0,27,2.13,0,0,297.6
4.38,96.0,36,2.99,0,0,157.65
23.68,75.0,29,2.52,0,0,528.28
23.39,42.0,49,2.93,0,1,654.19
6.41,91.0,12,2.39,0,1,362.61
15.75,16.0,59,1.54,0,1,406.31
1.67,98.0,18,2.37,1,0,177.64
23.36,97.0,40,2.64,0,0,558.45
13.55,20.0,9,1.86,0,0,294.97
2.04,21.0,51,1.74,0,0,99.37
9.22,27.0,41,2.89,0,1,297.5
2.84,10.0,28,1.03,0,0,92.32
10.43,70.0,47,2.05,0,0,284.46
17.08,10.0,46,2.55,0,0,336.11
12.28,36.0,45,2.47,0,0,259.39
10.21,112.0,2,2.54,1,0,710.16
3.86,104.0,1,2.87,1,0,380.75
6.88,85.0,36,1.01,0,1,248.04
3.4,73.0,27,2.07,0,1,183.03
20.38,88.0,26,2.98,1,1,796.41
4.25,89.0,52,2.75,0,0,141.32
15.29,110.0,1,2.22,1,0,948.99
9.23,44.0,54,2.65,0,0,227.66
6.42,66.0,22,2.44,0,0,240.04
16.35,50.0,46,2.33,0,1,481.3
11.97,62.0,44,2.59,1,0,381.54
10.6,44.0,39,1.73,0,0,221.65
15.23,119.0,22,3.21,1,0,572.02
12.79,87.0,14,3.78,1,0,493.35
8.28,51.0,26,1.81,0,1,289.02
14.42,81.0,5,2.84,0,0,666.12
17.07,89.0,46,2.17,0,0,379.77
1.64,15.0,12,2.74,0,0,83.81
12.18,,2,2.23,1,1,782.02
2.38,26.0,24,2.52,0,0,102.14
5.47,56.0,21,2.67,0,0,232.09
14.45,39.0,19,2.66,0,0,333.35
21.79,48.0,37,3.37,1,0,564.97
22.19,32.0,52,1.61,0,1,550.04
2.68,84.0,16,2.84,1,1,214.92
11.06,104.0,49,2.4,1,0,370.49
14.99,51.0,10,2.49,1,0,542.17
4.53,90.0,37,1.6,0,1,211.81
19.37,55.0,28,1.57,0,0,447.28
18.86,42.0,24,2.39,0,0,419.83
22.68,31.0,34,2.3,0,0,417.25
1.2,49.0,27,2.21,1,0,134.24
6.2,99.0,29,2.38,0,0,226.78
20.85,,50,1.58,0,0,379.2
17.09,98.0,50,1.4,0,0,366.66
22.47,20.0,40,2.49,0,0,404.24
2.37,28.0,12,,0,1,140.11
15.33,60.0,34,2.14,0,0,340.28
14.66,37.0,20,1.4,0,0,311.85
1.86,36.0,44,2.23,0,1,139.09
13.32,20.0,19,1.42,0,0,236.79
15.63,31.0,31,1.33,0,0,294.07
5.59,34.0,54,1.77,0,0,159.7
7.56,58.0,39,3.38,1,0,295.23
16.37,103.0,4,2.15,1,0,978.93
12.24,48.0,28,1.23,0,0,270.59
21.59,16.0,35,1.06,0,0,356.14
9.22,15.0,42,1.83,0,0,190.55
7.4,48.0,13,2.36,1,0,279.05
24.64,57.0,1,2.38,1,0,1369.19
22.87,40.0,6,2.96,0,0,666.0
1.7,109.0,33,2.19,1,0,154.91
19.5,71.0,16,1.92,0,1,622.09
3.65,70.0,34,2.97,0,0,154.73
1.66,85.0,34,1.86,1,0,131.92
7.57,95.0,17,2.39,0,0,280.41
7.46,18.0,29,1.74,0,0,161.01
20.66,61.0,27,3.61,1,0,659.48
18.06,62.0,29,2.82,0,0,444.24
24.56,60.0,12,2.57,1,0,802.08
18.08,44.0,12,1.44,0,1,558.29
11.04,38.0,36,1.86,0,0,237.24
17.77,94.0,16,2.93,0,0,571.61
24.99,62.0,59,1.56,0,1,626.99
18.04,101.0,48,3.76,1,0,549.96
19.28,97.0,48,3.44,1,0,554.72
23.52,70.0,23,1.53,0,0,546.59
3.73,44.0,25,2.58,0,0,176.64
17.91,126.0,38,1.9,1,1,673.85
21.42,79.0,1,2.9,1,0,1241.11
23.91,126.0,47,2.51,1,0,678.62
6.06,,51,1.85,0,0,168.29
13.09,68.0,15,1.95,0,0,371.56
17.33,126.0,45,2.81,1,0,556.29
6.94,40.0,19,3.11,1,0,291.34
15.41,53.0,5,2.39,0,0,546.49
7.18,67.0,39,,0,0,180.99
9.0,93.0,37,2.53,0,0,237.97
11.6,93.0,35,3.18,1,0,395.36
13.7,119.0,21,2.58,1,0,509.89
11.78,48.0,15,2.04,1,0,386.14
12.84,34.0,18,,0,1,409.92
8.17,47.0,59,1.96,0,0,179.95
4.82,64.0,42,3.14,1,1,281.26
2.14,16.0,7,2.3,0,0,92.04
5.7,55.0,45,2.91,0,1,208.49
14.97,89.0,33,1.76,0,0,365.57
19.87,74.0,11,3.06,1,1,858.68
5.06,70.0,53,2.78,0,0,142.8
3.61,10.0,8,1.81,0,0,128.27
18.98,29.0,48,1.96,0,1,489.33
8.32,67.0,50,2.85,0,0,220.85
23.84,74.0,26,2.1,0,0,533.92
18.14,46.0,18,2.6,0,0,434.35
8.84,63.0,8,3.67,1,0,419.69
7.95,14.0,52,2.14,0,0,163.99
13.57,20.0,13,1.22,0,1,383.14
2.9,74.0,1,3.44,1,0,356.79
3.82,38.0,41,2.64,0,0,125.25
5.22,32.0,9,1.23,0,0,175.41
19.59,83.0,22,2.1,0,0,504.8
13.33,63.0,37,2.77,1,0,401.37
1.25,117.0,26,3.49,1,0,152.1
17.16,84.0,45,1.55,0,0,357.52
11.17,74.0,13,1.85,0,1,467.39
13.26,83.0,38,3.01,1,0,425.68
6.14,35.0,8,2.03,0,0,213.29
14.24,95.0,1,3.71,1,0,897.31
24.5,29.0,41,2.92,0,0,479.34
2.76,75.0,25,1.16,0,0,120.83
7.81,42.0,43,1.6,0,0,182.79
6.83,56.0,50,1.02,0,1,237.77
6.97,54.0,34,1.84,0,1,257.43
10.09,54.0,41,2.32,0,0,258.27
20.63,90.0,28,1.94,0,1,638.29
22.91,79.0,5,1.13,0,0,891.77
5.85,21.0,20,1.39,0,0,176.97
14.03,,32,1.35,0,0,320.75
16.29,95.0,24,2.82,1,0,573.45
13.52,106.0,13,3.16,1,0,612.16
11.42,31.0,27,1.63,0,1,366.14
5.61,47.0,38,1.26,0,0,157.84
12.72,94.0,54,2.6,0,0,314.45
10.63,52.0,41,2.72,0,0,238.25
20.09,15.0,27,1.55,0,0,345.55
19.33,20.0,47,1.84,0,1,504.53
4.22,56.0,10,1.96,1,0,202.46
3.12,22.0,45,1.46,0,1,161.94
22.8,57.0,36,2.53,0,0,459.82
13.85,77.0,10,2.53,1,0,544.96
21.59,93.0,39,2.21,0,0,470.0
2.4,47.0,31,2.89,0,1,147.64
13.64,58.0,7,,0,0,462.78
13.95,104.0,14,2.71,1,1,676.38
21.66,59.0,31,1.73,0,0,452.66
3.34,22.0,6,1.38,0,1,190.95
6.77,42.0,7,3.31,1,1,414.11
10.76,93.0,10,1.22,0,0,393.56
21.78,67.0,8,1.92,1,0,798.71
23.53,79.0,28,1.21,0,0,480.97
24.83,85.0,21,2.29,1,0,744.93
24.02,85.0,3,3.05,1,0,1343.79
1.14,18.0,54,2.72,0,0,92.43
2.15,71.0,27,2.99,0,0,106.67
4.54,84.0,29,3.26,1,0,242.56
9.37,42.0,48,1.29,0,0,206.63
20.92,13.0,55,1.56,0,0,380.76
22.42,52.0,31,2.06,1,0,573.98
5.48,61.0,18,1.23,0,0,182.99
15.87,47.0,30,2.14,0,0,345.3
23.02,74.0,12,2.81,0,0,702.12
12.13,55.0,57,2.37,0,0,281.87
3.49,98.0,49,2.6,0,1,169.12
11.99,10.0,35,2.02,0,1,346.13
10.02,71.0,2,2.75,1,0,674.47
14.86,58.0,40,2.87,0,1,456.64
11.53,28.0,34,2.44,0,0,253.34
1.42,120.0,10,2.72,1,0,230.44
24.86,61.0,59,1.67,0,0,445.66
14.04,48.0,57,1.19,0,1,379.7
12.37,,25,3.44,1,0,451.74
23.91,50.0,35,1.34,0,0,434.57
4.74,85.0,39,2.03,0,0,175.44
5.54,29.0,41,2.27,0,0,149.3
20.39,31.0,18,2.49,0,0,426.13
7.26,70.0,41,1.97,1,1,339.87
20.18,96.0,43,1.02,0,0,417.47
7.52,65.0,29,2.41,0,0,204.63
1.8,58.0,1,2.71,1,0,294.46
13.41,75.0,59,1.36,0,0,256.34
5.72,75.0,33,2.96,0,0,201.42
19.19,47.0,32,2.58,0,0,397.99
16.39,48.0,33,2.16,0,0,363.41
23.17,85.0,14,2.4,0,1,844.14
19.79,37.0,12,1.31,0,0,440.22
5.34,20.0,44,2.92,0,0,159.49
20.2,30.0,34,2.99,0,0,421.27
16.4,38.0,34,2.3,0,0,359.3
17.05,81.0,35,3.14,1,0,539.88
20.97,21.0,10,2.41,0,0,446.7
14.77,11.0,19,2.33,0,0,307.45
12.18,,59,1.88,0,0,255.39
16.28,72.0,28,2.08,0,0,385.23
8.15,42.0,17,1.57,0,1,292.12
5.38,85.0,3,2.69,1,0,456.66
15.8,49.0,44,2.67,1,0,442.39
6.61,20.0,24,1.58,0,0,158.51
2.92,25.0,40,2.57,0,1,146.47
1.01,,56,1.82,0,0,72.64
15.6,56.0,53,2.1,0,0,313.98
9.69,55.0,17,1.31,0,0,274.73
19.06,13.0,31,1.95,0,1,498.14
10.0,53.0,22,2.52,0,0,293.75
12.66,26.0,12,1.89,0,0,305.64
10.77,91.0,46,2.12,0,0,282.93
16.61,44.0,43,3.2,1,0,460.92
9.55,111.0,2,2.58,1,0,652.6
24.13,62.0,55,1.71,0,1,620.39
23.47,14.0,56,1.17,0,1,558.53
21.35,44.0,28,2.16,0,0,428.49
23.09,62.0,38,3.21,1,0,646.13
11.78,61.0,34,2.96,1,0,393.77
13.87,98.0,21,2.37,1,0,500.87
18.81,75.0,55,1.52,0,0,350.81
17.71,45.0,24,1.32,0,1,498.44
22.38,76.0,39,1.09,0,0,436.51
18.19,37.0,12,1.85,0,0,427.08
24.95,96.0,28,,0,0,570.82
9.36,82.0,44,2.38,0,0,260.77
20.99,122.0,6,3.72,1,0,1235.6
17.74,62.0,41,1.95,1,1,618.64
17.59,22.0,37,2.79,0,1,490.89
8.82,112.0,8,3.12,1,0,533.28
19.85,78.0,25,2.72,0,1,628.29
22.61,69.0,27,2.11,1,0,645.96
6.25,95.0,35,3.61,1,0,284.87
16.01,69.0,49,2.92,0,0,370.29
10.41,96.0,59,2.81,0,1,363.34
24.75,30.0,5,2.57,0,0,645.38
12.49,116.0,1,,1,0,794.36
6.48,51.0,18,1.44,0,0,194.03
10.16,87.0,22,3.63,1,0,398.76
16.69,85.0,29,1.46,0,0,365.22
2.83,31.0,43,1.7,0,0,115.31
15.49,107.0,17,1.9,1,0,598.63
23.35,82.0,47,2.26,0,0,488.63
21.41,59.0,43,2.13,0,0,443.49
2.62,72.0,21,2.92,0,1,202.6
24.84,57.0,35,2.78,0,0,510.34
17.77,75.0,56,2.01,0,0,359.95
4.89,64.0,32,2.22,0,0,173.14
1.3,45.0,11,1.83,0,0,122.93
5.11,114.0,12,2.06,1,1,366.86
21.12,38.0,20,2.74,0,0,459.15
1.52,86.0,1,2.9,1,0,267.74
6.6,59.0,6,1.85,0,0,310.73
19.18,18.0,24,1.14,0,0,327.19
15.07,85.0,27,2.33,0,0,404.43
19.79,94.0,6,1.8,0,0,865.1
18.91,71.0,29,1.51,0,1,527.44
2.21,14.0,51,2.75,0,0,98.22
22.42,46.0,1,2.17,1,0,1225.9
6.45,53.0,47,2.03,0,0,173.4
14.28,46.0,44,2.59,0,0,326.66
16.46,12.0,33,2.7,0,0,348.81
5.05,54.0,3,3.44,1,0,381.96
24.43,92.0,13,2.79,0,0,747.55
12.72,42.0,8,2.08,1,1,552.59
2.38,93.0,49,2.88,0,0,137.5
23.49,88.0,19,1.02,0,0,568.45
15.07,84.0,50,1.51,0,0,339.27
17.78,53.0,10,1.97,1,0,603.66
13.6,13.0,52,2.89,0,0,297.83
21.03,44.0,55,1.85,0,0,401.99
1.8,17.0,49,1.63,0,0,66.12
7.44,94.0,48,1.33,0,0,188.98
12.27,44.0,13,1.31,0,0,299.26
2.84,77.0,32,2.23,0,1,157.36
17.94,45.0,8,1.09,0,0,471.3
10.45,117.0,34,2.99,1,0,381.21
7.54,53.0,16,2.55,0,0,265.64
1.08,73.0,26,2.2,0,1,156.14
18.28,76.0,5,2.65,0,0,776.05
21.01,59.0,38,2.33,1,0,572.9
10.48,81.0,44,1.15,0,0,242.31
14.54,66.0,8,2.44,0,0,501.76
6.46,64.0,46,2.66,0,0,180.25
15.93,23.0,37,2.0,0,0,326.64
1.29,10.0,24,2.64,0,0,79.57
12.73,66.0,39,1.92,0,0,303.58
16.46,93.0,51,1.4,0,0,357.08
23.04,53.0,1,2.75,1,1,1312.37
10.15,90.0,4,2.23,1,0,679.3
19.36,67.0,12,1.94,0,0,556.71
15.34,18.0,18,1.3,0,0,295.86
23.25,126.0,21,2.17,1,0,785.1
10.56,119.0,7,3.57,1,1,704.7
8.66,57.0,17,1.23,0,0,240.67
22.29,36.0,58,1.45,0,0,390.28
2.18,111.0,23,3.79,1,0,192.78
4.27,37.0,12,2.15,0,1,227.76
2.98,95.0,18,2.97,1,0,206.62
21.23,91.0,9,2.69,0,0,766.16
1.25,43.0,32,2.05,0,0,92.36
21.68,11.0,6,1.44,0,0,407.99
11.83,33.0,25,1.84,0,0,241.99
1.1,83.0,42,2.51,0,0,113.54
10.64,88.0,21,3.54,1,0,417.12
5.48,49.0,12,1.55,0,0,225.31
15.99,47.0,6,2.32,1,0,593.24
17.3,78.0,14,1.66,0,0,513.52
12.7,76.0,54,2.19,0,0,263.03
1.97,39.0,11,1.56,0,0,98.86
16.75,91.0,35,3.59,1,0,533.27
21.21,48.0,14,2.96,0,0,537.27
18.29,80.0,33,2.36,0,0,432.23
20.92,124.0,19,3.74,1,0,796.25
5.81,22.0,30,1.58,0,0,147.19
22.33,128.0,46,3.43,1,0,706.87
8.73,41.0,20,3.16,1,0,302.6
1.32,75.0,10,1.53,0,0,134.24
21.24,75.0,26,1.64,0,1,613.22
23.6,118.0,33,2.78,1,0,718.66
16.73,24.0,16,2.58,0,0,344.11
6.55,68.0,11,,0,0,262.87
7.04,27.0,30,2.27,0,0,173.91
12.2,78.0,17,2.44,0,0,363.46
22.55,129.0,12,2.33,1,1,1121.64
4.59,69.0,1,3.28,1,1,426.23
20.82,117.0,25,3.01,1,0,694.78
7.99,44.0,11,2.25,1,0,316.98
20.41,49.0,19,2.9,0,0,469.75
23.09,60.0,28,2.83,1,0,668.15
11.26,73.0,26,2.59,0,0,332.49
9.76,17.0,9,2.05,0,0,248.24
20.25,45.0,10,3.67,1,0,677.64
13.71,99.0,37,1.28,0,0,316.27
17.43,107.0,35,2.89,1,1,662.43
15.95,67.0,8,1.05,0,0,495.89
4.67,91.0,27,2.19,1,1,285.78
21.27,39.0,32,1.56,0,0,428.52
5.7,66.0,15,1.95,0,1,280.99
23.37,36.0,9,2.64,0,0,551.17
7.01,53.0,46,1.93,0,0,190.62
18.61,78.0,45,2.12,0,1,532.04
7.83,50.0,1,3.65,1,0,578.9
8.63,52.0,55,2.51,0,0,203.93
8.44,44.0,28,1.1,0,0,181.86
18.95,20.0,48,1.35,0,0,325.23
14.36,63.0,54,1.08,0,0,283.34
22.19,59.0,8,1.14,0,0,618.41
8.38,70.0,16,1.68,0,0,271.87
17.61,14.0,59,2.46,0,0,329.57
19.07,65.0,1,2.29,1,0,1125.22
4.64,42.0,29,1.78,0,0,136.84
10.61,32.0,7,1.79,0,0,298.19
12.59,67.0,21,2.18,0,0,333.61
9.54,80.0,30,2.79,0,0,272.42
8.73,48.0,44,3.77,1,0,305.77
17.47,25.0,13,2.21,0,0,387.19
6.18,82.0,50,2.01,0,1,219.64
18.03,53.0,17,2.36,0,0,459.45
23.44,67.0,1,3.14,1,0,1313.76
14.56,32.0,51,2.05,0,0,300.53
15.67,21.0,57,2.47,0,0,336.12
2.65,51.0,9,1.98,0,0,169.45
21.75,18.0,16,2.99,0,0,467.63
7.85,67.0,32,1.1,0,0,199.49
15.76,115.0,4,2.69,1,0,972.61
24.5,82.0,5,1.79,0,0,1024.63
15.29,58.0,29,3.34,1,0,481.19
18.39,45.0,32,1.38,0,0,372.21
11.69,86.0,55,1.87,0,0,261.15
2.45,105.0,1,3.2,1,0,309.05
20.14,66.0,27,2.21,0,0,426.73
1.84,66.0,9,,0,1,195.16
17.82,64.0,27,2.67,1,0,513.95
1.55,52.0,25,3.3,1,0,174.1
21.7,98.0,9,3.09,1,0,959.19
4.78,52.0,1,3.55,1,0,412.44
13.34,36.0,56,2.47,0,0,300.77
15.33,49.0,33,1.28,0,0,310.6
11.98,122.0,18,3.04,1,0,497.98
9.18,125.0,3,1.89,1,0,630.59
12.23,61.0,39,1.77,0,0,290.61
8.47,26.0,20,1.82,0,1,292.13
11.51,60.0,12,2.71,0,1,464.3
9.61,11.0,12,1.36,0,0,186.0
14.59,21.0,27,2.29,0,0,298.28
6.71,67.0,41,2.18,1,0,249.17
24.73,,48,2.9,0,1,735.23
13.02,34.0,21,2.06,0,0,269.06
5.66,40.0,31,2.42,0,0,146.9
12.45,36.0,33,2.29,0,0,261.66
21.79,68.0,15,1.61,0,0,561.99
1.52,10.0,27,2.8,0,0,104.28
17.31,44.0,8,2.25,0,0,498.32
14.15,10.0,21,2.02,0,0,285.02
5.07,18.0,15,2.06,0,0,183.92
20.62,42.0,12,2.78,0,0,513.36
9.85,83.0,45,1.92,1,0,306.23
8.05,92.0,20,2.58,1,0,342.33
20.88,86.0,46,3.48,1,1,723.57
16.32,88.0,53,1.08,0,0,312.62
22.56,88.0,12,2.28,0,0,708.53
16.12,94.0,12,1.81,0,0,548.97
18.78,85.0,1,2.21,1,0,1105.59
21.07,27.0,55,2.22,0,0,414.66
2.31,55.0,28,3.46,1,0,159.62
19.63,68.0,36,1.93,0,1,549.14
15.73,88.0,17,1.29,0,0,429.02
2.67,61.0,40,1.61,0,0,89.12
13.21,92.0,12,3.76,1,0,572.47
2.98,69.0,17,1.22,0,0,138.61
18.66,18.0,34,1.32,0,0,357.75
14.12,67.0,1,3.78,1,0,869.94
23.89,75.0,57,2.76,0,0,476.11
5.4,94.0,39,2.41,0,0,157.42
15.54,84.0,7,1.3,0,1,699.25
6.08,31.0,34,1.48,0,0,165.5
15.74,44.0,52,1.36,0,0,284.78
18.34,80.0,19,3.06,1,0,593.9
18.34,89.0,37,1.8,0,0,401.89
20.56,70.0,10,1.9,1,1,889.85
21.49,,53,1.58,0,0,423.37
2.85,68.0,7,2.72,0,0,217.6
9.24,49.0,41,3.39,1,0,308.51
17.49,45.0,33,2.29,0,0,392.4
12.97,124.0,8,1.97,1,0,726.15
5.58,111.0,37,3.57,1,0,234.27
14.27,56.0,49,2.07,0,0,307.61
10.78,67.0,9,1.99,0,0,369.55
10.36,56.0,48,2.87,0,0,248.88
20.43,61.0,11,1.82,1,0,669.68
10.78,39.0,57,2.11,0,0,242.15
1.63,32.0,33,2.58,0,0,94.81
2.39,88.0,25,1.13,0,0,104.81
21.55,56.0,10,1.71,0,0,562.29
24.05,63.0,28,2.95,0,0,559.72
17.52,99.0,53,1.42,0,0,351.22
9.74,55.0,22,2.86,1,0,336.56
23.53,19.0,21,,0,0,468.06
16.91,45.0,58,1.78,0,0,345.98
21.26,37.0,46,1.82,0,1,553.22
19.38,81.0,16,1.93,1,0,671.39
10.1,99.0,28,1.38,0,0,287.33
12.49,91.0,44,2.76,0,0,322.07
5.47,26.0,22,2.64,0,0,169.27
8.01,57.0,32,1.61,0,0,201.62
19.68,61.0,14,1.76,0,0,510.03
22.46,69.0,5,1.88,0,1,1035.34
18.39,48.0,41,1.69,0,0,360.07
12.16,60.0,30,2.31,0,1,401.51
3.08,90.0,44,1.83,1,0,175.37
2.37,14.0,30,2.76,0,0,107.71
9.98,103.0,27,,1,0,385.64
12.13,45.0,59,2.74,0,0,266.13
15.62,78.0,3,2.71,1,0,942.72
1.16,20.0,22,2.55,0,0,94.28
24.75,63.0,9,2.65,0,0,738.38
9.73,43.0,16,2.4,1,0,341.5
21.35,57.0,14,2.28,0,0,545.77
13.84,64.0,18,2.21,0,1,473.81
4.13,72.0,6,2.75,1,0,299.61
20.14,40.0,26,2.74,1,0,576.96
18.04,94.0,43,1.61,0,0,371.96
13.66,90.0,49,1.62,0,0,293.95
13.35,43.0,40,2.1,0,0,272.02
3.1,68.0,45,1.86,1,0,155.67
16.74,76.0,54,2.87,0,0,358.63
22.87,63.0,41,3.1,1,0,657.39
3.24,75.0,19,1.89,0,0,153.07
7.32,80.0,37,1.12,0,0,170.31
22.66,70.0,20,2.26,0,1,714.3
7.82,84.0,8,1.04,0,0,334.92
16.69,52.0,58,2.36,0,0,354.15
13.84,98.0,55,1.15,0,1,420.47
15.31,92.0,7,2.31,0,0,661.27
10.98,84.0,30,1.81,0,0,287.49
8.2,54.0,41,2.33,0,0,196.04
2.16,44.0,38,1.28,0,0,112.91
18.86,72.0,36,2.03,1,0,518.42
18.91,78.0,13,1.49,0,0,520.66
17.1,76.0,48,1.82,0,0,356.13
16.45,51.0,8,2.31,1,1,724.82
6.85,77.0,51,1.16,0,0,200.65
1.54,,27,2.45,1,0,131.97
20.41,33.0,52,2.41,0,0,398.34
12.79,60.0,42,2.17,0,0,275.25
8.36,75.0,9,2.93,0,0,355.54
3.45,78.0,55,1.87,0,1,164.83
2.51,21.0,51,1.67,0,0,103.99
9.37,34.0,32,2.39,0,0,216.84
20.31,63.0,27,2.62,1,0,589.34
23.05,98.0,21,2.24,0,1,764.07
22.52,53.0,25,2.89,0,0,513.63
23.08,54.0,11,2.0,0,1,775.59
22.79,96.0,34,2.8,1,0,669.78
13.65,54.0,39,2.55,0,0,320.27
6.27,27.0,11,2.51,0,0,202.08
20.15,90.0,2,2.83,1,0,1149.67
6.13,59.0,45,1.93,1,0,243.26
7.41,38.0,48,2.96,0,1,251.44
6.6,125.0,36,2.55,1,0,271.58
13.36,85.0,35,1.63,0,1,435.96
8.72,102.0,1,3.76,1,0,616.73
4.7,43.0,9,,0,0,206.44
11.88,107.0,18,2.46,1,0,455.59
21.97,44.0,48,2.42,1,0,549.57
14.69,83.0,26,2.44,0,0,361.5
22.08,31.0,48,1.67,0,0,405.11
5.7,34.0,17,1.5,0,0,144.53
5.01,71.0,26,2.96,0,0,169.78
14.81,,30,2.13,0,0,297.51
12.12,113.0,1,3.32,1,0,777.82
16.84,88.0,21,2.43,0,0,448.63
20.07,49.0,23,2.51,0,0,448.23
19.03,40.0,6,2.81,0,0,597.13
23.61,90.0,54,2.0,0,0,505.78
10.56,85.0,56,2.51,0,0,263.4
5.95,14.0,15,2.59,0,0,219.86
14.22,87.0,24,3.69,1,0,504.4
3.66,112.0,40,3.23,1,0,216.71
7.93,90.0,17,,1,0,346.94
5.99,120.0,9,,1,0,406.1
10.52,38.0,27,1.25,0,0,227.63
3.67,90.0,6,2.12,1,0,308.55
1.76,64.0,31,1.29,0,0,124.9
16.76,51.0,10,1.18,0,0,450.4
15.65,90.0,34,1.25,0,0,358.13
18.0,87.0,9,2.99,0,1,817.41
16.85,29.0,50,1.54,0,0,312.01
3.74,69.0,42,1.96,0,0,127.04
7.99,48.0,39,2.64,0,0,196.52
4.11,70.0,59,1.24,0,0,124.19
21.23,103.0,1,2.43,1,0,1204.67
18.93,93.0,18,1.32,0,0,517.3
5.84,62.0,46,1.93,1,0,221.53
9.19,18.0,54,2.92,0,0,241.87
24.2,62.0,21,2.72,0,0,573.49
15.26,60.0,13,2.76,0,0,440.61
20.23,122.0,34,,1,1,819.17
7.35,41.0,35,1.31,0,0,176.52
6.04,61.0,40,2.57,0,0,185.44
19.81,21.0,14,2.46,0,0,414.68
17.46,75.0,31,2.85,0,0,432.88
17.34,30.0,53,,0,0,334.23
14.26,79.0,46,2.63,1,0,420.63
14.53,20.0,9,1.59,0,0,318.24
18.66,70.0,21,1.52,0,0,460.38
7.48,37.0,35,2.3,0,0,193.89
9.47,85.0,18,1.33,0,0,315.14
21.92,44.0,17,2.73,1,0,620.45
8.41,102.0,38,3.09,1,0,288.35
14.11,24.0,33,1.26,0,1,362.8
17.86,41.0,43,1.51,0,0,353.77
25.0,120.0,9,3.73,1,1,1360.94
11.45,50.0,51,2.59,0,0,252.62
11.27,45.0,16,2.35,0,1,394.85
21.22,117.0,27,3.51,1,1,883.44
20.33,18.0,44,1.03,0,0,355.7
18.55,90.0,34,1.01,0,0,378.67
12.12,53.0,26,1.31,0,1,369.48
8.77,46.0,24,2.79,1,0,318.56
15.61,53.0,36,2.14,0,0,329.0
22.03,53.0,24,1.23,0,0,437.92
22.21,45.0,32,1.94,1,1,713.0
3.6,55.0,14,3.46,1,0,222.48
11.28,75.0,6,1.93,0,0,489.45
12.15,83.0,35,2.98,0,0,316.6
24.46,13.0,54,1.46,0,0,392.38
17.27,73.0,59,,0,0,366.19
10.77,14.0,32,2.61,0,0,227.42
1.63,76.0,1,3.55,1,0,288.38
14.57,35.0,24,1.61,0,0,301.93
3.31,39.0,39,1.39,0,1,159.54
21.03,11.0,23,1.45,0,0,359.43
19.06,27.0,10,2.33,0,0,442.55
12.05,46.0,5,2.84,1,0,499.01
11.3,126.0,39,3.0,1,0,382.71
22.54,29.0,10,1.04,0,0,465.4
7.92,24.0,22,1.78,0,0,181.53
6.98,61.0,51,1.62,0,0,161.45
23.54,37.0,18,2.73,0,0,523.68
20.42,73.0,18,2.55,0,0,517.58
20.7,76.0,5,1.86,0,0,821.75
5.68,12.0,58,2.26,0,1,201.54
4.44,66.0,21,1.1,0,0,179.73
1.62,64.0,58,2.27,0,0,84.56
6.69,21.0,18,1.19,0,0,148.76
19.58,73.0,35,,0,0,469.58
6.76,96.0,39,2.95,1,1,332.05
18.5,45.0,14,1.6,0,0,449.33
7.05,47.0,32,2.54,1,0,223.36
10.49,18.0,37,1.18,0,0,190.24
24.6,44.0,9,1.65,0,0,630.49
6.88,97.0,20,2.93,0,0,253.63
10.03,97.0,24,1.97,0,0,270.19
8.23,74.0,42,2.75,1,0,306.26
3.63,20.0,26,2.26,0,0,104.02
12.76,15.0,44,1.97,0,0,247.11
10.09,34.0,21,1.71,0,1,316.29
17.68,10.0,54,1.28,0,0,299.68
20.62,18.0,54,2.26,0,0,380.46
14.06,85.0,13,2.5,0,1,542.45
1.77,86.0,42,2.85,0,0,137.12
15.85,68.0,36,1.81,1,0,451.83
2.33,55.0,13,1.13,0,0,136.38
15.79,41.0,19,2.8,0,0,375.33
17.44,40.0,56,2.26,0,0,354.65
5.75,129.0,40,3.72,1,0,261.35
20.66,127.0,8,2.66,1,0,1056.53
22.87,88.0,13,1.83,0,0,677.21
20.51,15.0,13,1.69,0,0,387.1
8.32,38.0,37,1.29,0,0,183.17
15.08,40.0,57,1.76,0,0,296.05
22.96,25.0,35,1.03,0,0,405.57
8.7,83.0,14,2.02,0,0,285.64
20.68,43.0,4,3.49,1,0,842.01
1.23,17.0,43,1.64,0,1,105.47
1.09,84.0,9,1.19,0,0,140.92
19.23,74.0,22,2.95,0,0,492.23
19.27,76.0,47,2.06,1,0,496.15
19.94,,37,2.06,0,0,460.98
23.32,39.0,53,2.62,0,0,448.08
3.83,88.0,22,1.5,0,0,150.2
6.57,33.0,56,2.68,0,0,158.45
22.69,82.0,16,2.11,0,0,608.83
5.25,52.0,29,1.66,0,0,188.18
17.37,20.0,58,2.73,0,0,346.69
13.73,88.0,31,2.24,0,0,360.7
3.0,70.0,45,2.23,0,1,155.09
7.85,47.0,57,2.01,0,1,269.31
13.49,57.0,13,1.55,0,0,360.16
21.46,35.0,53,1.61,0,0,400.09
17.98,63.0,7,1.98,1,0,682.84
15.93,125.0,43,2.29,1,0,481.42
12.9,121.0,16,2.36,1,0,525.8
8.17,82.0,6,1.12,0,0,375.46
3.86,21.0,43,1.22,0,1,131.93
10.82,26.0,52,1.54,0,0,222.92
1.68,98.0,19,2.35,0,0,154.59
6.07,62.0,27,1.37,0,1,233.8
11.38,23.0,17,2.04,0,0,246.31
11.05,34.0,49,2.02,0,0,256.73
2.06,22.0,51,2.67,0,0,69.71
15.14,76.0,14,3.02,1,0,576.98
14.19,19.0,17,2.83,0,0,339.39
2.87,82.0,59,2.26,0,0,114.08
23.64,86.0,31,1.05,0,0,483.33
3.39,46.0,36,2.56,1,0,155.84
21.52,53.0,11,3.2,1,0,749.14
1.01,14.0,35,1.95,0,0,99.33
22.17,22.0,30,1.84,0,0,422.45
1.47,59.0,16,,1,0,132.11
19.19,37.0,45,1.57,0,0,344.28
9.68,91.0,26,3.62,1,0,340.19
18.72,88.0,26,1.83,0,0,427.7
10.64,48.0,32,2.26,0,0,290.38
2.7,60.0,49,3.76,1,0,153.41
19.42,73.0,46,2.57,0,0,411.85
2.71,26.0,51,2.06,0,0,92.44
23.13,79.0,5,2.72,0,0,965.43
2.22,64.0,1,2.92,1,1,290.91
12.5,83.0,20,1.88,0,0,351.04
18.35,87.0,47,2.75,0,1,572.48
10.44,28.0,27,1.05,0,1,304.45
6.21,50.0,32,2.61,1,0,227.05
19.22,41.0,45,1.69,0,0,359.89
19.82,19.0,52,2.43,0,0,424.89
23.14,53.0,40,1.03,0,0,415.59
10.03,125.0,8,3.12,1,0,626.59
13.15,117.0,37,2.49,1,1,539.92
9.72,68.0,47,1.2,0,0,215.04
7.17,41.0,1,3.76,1,0,552.06
19.02,21.0,5,1.42,0,0,447.76
9.15,95.0,48,1.7,0,0,234.81
11.28,104.0,10,2.21,1,0,542.04
10.69,85.0,12,2.32,0,1,478.66
18.1,85.0,5,2.57,0,0,839.44
23.03,107.0,15,3.52,1,0,849.4
17.0,26.0,6,1.62,0,0,431.94
12.32,62.0,16,2.05,0,0,333.47
19.7,58.0,8,3.13,1,0,725.17
16.38,10.0,26,2.26,0,0,308.78
2.45,61.0,24,2.43,0,0,124.71
3.3,26.0,21,2.54,0,0,120.53
1.91,67.0,11,1.19,0,0,148.9
11.96,80.0,25,1.34,0,0,318.87
20.82,71.0,38,2.47,0,1,609.01
8.51,42.0,26,1.95,0,0,211.44
10.22,109.0,16,2.65,1,0,459.6
22.83,61.0,25,1.91,0,1,670.16
21.09,15.0,17,1.74,0,0,356.58
16.96,103.0,39,,1,0,530.53
7.4,98.0,1,2.45,1,0,536.58
3.81,31.0,29,2.27,0,0,132.07
1.39,78.0,48,1.41,0,1,127.18
3.57,11.0,35,2.52,0,0,113.8
8.02,83.0,29,2.56,0,0,244.15
14.24,,36,2.16,0,0,295.01
2.54,93.0,59,1.74,0,0,98.5
4.27,71.0,33,1.03,0,0,178.35
5.35,91.0,42,,1,0,205.03
16.17,121.0,29,1.96,1,0,547.91
15.78,54.0,16,1.02,0,0,365.68
14.22,62.0,20,2.44,0,0,364.32
7.01,75.0,3,3.71,1,0,524.61
9.91,90.0,7,1.82,1,0,502.8
3.32,57.0,6,2.03,1,0,243.89
6.44,21.0,30,2.72,0,0,179.17
22.54,66.0,59,2.38,0,0,430.57
24.51,85.0,9,2.61,1,0,994.18
16.54,98.0,8,2.99,0,0,693.49
23.0,80.0,43,2.95,1,0,646.06
16.43,29.0,14,2.34,0,0,347.62
1.8,114.0,42,3.11,1,0,147.63
24.92,29.0,48,1.45,0,0,444.18
3.37,19.0,42,1.98,0,0,130.87
17.38,71.0,52,1.43,0,0,340.07
7.07,103.0,6,2.82,1,0,476.83
10.41,98.0,26,1.06,0,0,301.42
16.5,83.0,42,1.76,0,0,373.73
11.48,33.0,34,1.74,0,0,225.87
7.01,80.0,9,2.38,1,0,358.81
9.03,42.0,40,,0,1,255.39
9.2,43.0,9,2.54,0,0,314.95
24.02,68.0,53,1.84,0,0,462.78
20.17,88.0,8,2.63,0,0,755.01
12.01,97.0,30,2.67,0,0,344.57
5.8,88.0,47,1.43,0,0,143.31
20.46,49.0,13,2.64,1,0,656.76
4.77,14.0,18,2.44,0,0,168.78
6.05,95.0,31,2.0,0,0,188.11
9.78,76.0,32,3.51,1,0,340.31
22.13,70.0,20,2.94,1,1,862.7
4.16,62.0,36,3.06,1,0,169.05
3.93,20.0,27,2.57,0,0,119.35
12.86,83.0,46,1.24,0,0,317.57
7.63,31.0,54,2.17,0,0,200.71
14.65,95.0,53,1.17,0,0,326.77
11.84,46.0,6,1.52,0,0,410.91
11.44,66.0,48,2.23,1,0,349.66
3.69,10.0,17,2.13,0,1,188.44
4.39,72.0,16,2.69,0,0,179.1
20.71,14.0,41,1.27,0,1,504.37
22.26,20.0,44,2.54,0,0,404.17
6.63,89.0,40,1.29,0,0,183.23
3.72,49.0,7,1.38,0,0,199.04
2.28,37.0,8,2.83,0,0,144.85
15.6,38.0,35,1.02,0,0,284.3
18.17,55.0,35,2.19,1,1,639.2
9.95,10.0,32,1.43,0,0,225.42
17.31,102.0,34,2.36,1,0,518.67
18.11,81.0,15,1.73,0,1,655.11
23.45,43.0,41,2.01,1,0,612.86
2.56,60.0,47,1.94,0,0,111.14
5.62,100.0,10,2.6,1,1,375.92
2.64,91.0,42,2.25,0,0,115.26
21.83,92.0,33,2.74,0,0,519.95
20.02,82.0,19,1.6,0,0,504.41
14.79,35.0,25,2.09,0,0,316.6
3.01,11.0,18,1.74,0,0,113.28
7.56,106.0,10,1.88,1,0,451.98
8.15,54.0,31,2.64,0,0,226.03
14.46,69.0,32,2.27,0,0,363.12
7.19,29.0,18,1.0,0,0,158.42
2.75,28.0,40,1.5,0,0,104.99
18.54,92.0,14,1.62,0,0,547.87
8.18,46.0,51,2.62,0,0,178.96
11.86,54.0,48,3.32,1,0,360.43
4.06,79.0,13,1.79,0,0,212.69
20.26,104.0,22,2.11,1,0,682.75
14.57,22.0,18,1.77,0,0,291.27
22.64,95.0,13,3.42,1,0,877.21
12.89,66.0,17,1.9,0,0,358.6
23.59,42.0,45,2.03,1,0,571.52
22.4,54.0,59,1.08,0,0,412.05
14.84,81.0,41,1.67,0,0,338.2
23.41,96.0,43,1.3,0,0,474.85
8.75,37.0,56,2.49,0,0,223.2
9.78,42.0,7,1.56,0,0,282.81
2.09,,11,2.75,0,0,123.27
15.14,71.0,32,2.23,0,0,359.14
18.33,104.0,8,2.59,1,1,1014.58
19.56,110.0,48,3.02,1,0,564.02
4.6,,41,,0,0,156.06
11.66,37.0,52,1.28,0,0,261.06
5.24,90.0,56,2.93,0,0,187.13
16.89,69.0,16,2.93,1,1,696.24
4.79,40.0,25,1.81,1,1,253.04
22.7,57.0,1,2.42,1,0,1253.82
6.54,41.0,41,2.12,1,1,289.34
7.99,110.0,6,2.32,1,0,547.92
21.42,98.0,18,1.91,1,0,702.41
12.0,59.0,34,1.49,0,0,282.64
1.58,,48,3.17,1,0,128.46
12.87,46.0,40,3.44,1,0,410.91
3.03,70.0,52,1.69,0,0,88.41
24.65,77.0,31,2.04,0,0,540.3
15.11,26.0,20,1.08,0,0,292.2
7.16,122.0,15,1.98,1,1,421.06
14.53,78.0,8,2.1,0,1,639.49
2.84,64.0,6,2.68,0,0,188.29
20.2,52.0,15,1.98,1,0,602.44
23.21,85.0,11,1.84,0,0,719.69
21.99,107.0,31,3.74,1,0,703.5
9.2,128.0,1,3.28,1,1,642.49
8.82,79.0,1,2.2,1,0,628.24
1.84,24.0,16,1.57,0,0,106.72
16.63,67.0,1,3.7,1,0,996.85
13.84,66.0,7,1.44,0,0,480.92
12.02,73.0,5,1.88,0,0,542.33
22.78,84.0,39,,0,0,478.84
5.03,14.0,20,1.98,0,0,148.81
1.23,101.0,45,2.27,1,0,124.19
2.76,51.0,12,2.34,0,0,138.52
6.36,105.0,15,2.27,1,0,322.17
1.8,29.0,55,2.2,0,0,89.77
13.07,95.0,9,1.72,0,0,526.08
8.54,49.0,35,1.5,0,0,202.68
5.33,36.0,30,2.39,0,0,180.11
19.0,60.0,1,3.73,1,0,1141.61
5.91,59.0,17,3.54,1,0,283.33
17.5,41.0,17,1.17,0,0,417.99
9.38,93.0,26,2.71,1,0,374.09
13.28,45.0,9,2.39,0,0,348.45
23.41,67.0,24,2.13,0,0,532.26
1.9,76.0,55,2.45,0,0,101.37
13.01,81.0,32,2.95,0,1,449.3
21.51,69.0,1,2.48,1,0,1208.69
15.11,77.0,17,2.54,0,1,551.37
7.64,16.0,36,1.19,0,0,178.09
10.54,,50,2.74,0,0,228.02
17.33,18.0,22,2.56,0,1,480.21
22.38,43.0,50,2.04,0,0,412.07
1.99,82.0,49,2.64,0,0,105.81
2.72,94.0,2,3.13,1,0,327.32
8.8,88.0,33,2.1,0,0,246.2
6.59,21.0,24,2.89,0,0,184.38
7.36,67.0,30,1.26,0,0,196.32
6.31,68.0,22,2.99,0,0,215.2
5.7,107.0,40,2.11,1,0,264.95
4.13,26.0,6,1.96,0,1,196.93
23.41,82.0,47,1.46,0,0,434.29
4.46,39.0,51,1.54,0,0,143.26
5.91,102.0,36,3.06,1,0,243.13
6.91,101.0,43,1.87,1,0,282.34
23.39,71.0,28,2.88,0,0,559.27
19.14,27.0,47,1.56,0,0,350.21
19.95,30.0,12,1.55,0,0,416.62
3.51,120.0,16,3.53,1,0,247.76
21.07,44.0,38,2.53,0,0,417.05
10.8,26.0,36,2.34,0,0,249.14
7.31,90.0,39,1.29,0,0,189.11
14.82,98.0,29,2.54,0,0,372.86
20.73,63.0,11,1.72,0,0,549.98
19.69,86.0,18,2.99,0,0,550.01
22.36,33.0,48,2.34,0,1,569.31
23.28,24.0,33,2.67,0,0,471.62
6.71,94.0,41,2.47,0,1,255.01
11.17,85.0,41,2.19,0,0,281.9
1.35,23.0,11,2.43,0,0,111.97
22.1,86.0,27,2.99,1,1,852.99
4.71,98.0,21,1.1,0,0,190.32
21.68,40.0,23,1.69,0,0,445.5
8.91,119.0,19,2.43,1,0,402.23
9.84,67.0,12,2.43,0,0,327.48
1.94,49.0,16,2.15,0,0,125.34
8.85,71.0,7,2.22,0,0,369.56
22.32,63.0,35,2.69,0,0,498.53
1.61,69.0,48,2.05,0,0,106.16
10.75,20.0,12,1.44,0,0,257.38
1.75,65.0,1,1.82,1,0,259.38
9.9,66.0,26,2.12,1,0,323.35
5.14,39.0,11,1.06,0,0,166.35
7.05,92.0,8,2.27,1,0,387.35
22.06,46.0,38,2.27,0,0,435.66
11.47,12.0,9,1.3,0,1,326.83
7.57,83.0,16,1.16,0,0,266.13
15.14,78.0,41,2.94,0,0,366.49
4.41,18.0,31,2.99,0,0,153.34
7.23,35.0,25,2.27,0,0,199.89
14.11,44.0,17,1.22,0,0,312.5
6.7,108.0,19,3.44,1,0,320.81
17.3,,38,2.08,0,1,516.5
12.8,86.0,46,1.36,0,0,297.9
19.53,20.0,48,2.15,0,0,351.51
23.76,39.0,52,1.08,0,1,577.9
3.78,60.0,11,3.74,1,0,227.1
9.03,43.0,15,3.45,1,0,340.51
8.67,56.0,9,2.32,1,0,349.08
4.63,99.0,20,2.64,1,0,232.57
20.45,40.0,37,1.79,0,0,383.99
19.24,15.0,39,2.72,0,0,384.79
12.63,48.0,30,1.71,0,0,288.76
13.91,81.0,6,1.9,1,0,670.76
2.43,59.0,26,1.43,0,0,128.33
14.33,36.0,14,1.43,0,1,460.6
19.99,98.0,13,2.9,0,0,647.59
14.77,92.0,40,2.85,0,0,395.84
7.37,11.0,38,1.6,0,0,133.88
17.02,104.0,15,1.81,1,0,629.6
9.68,,37,2.03,0,1,286.1
14.08,54.0,4,3.39,1,0,671.17
12.7,90.0,39,2.34,1,0,386.51
10.15,61.0,1,2.68,1,0,720.74
18.25,97.0,22,2.15,1,0,560.01
22.21,90.0,22,1.65,0,0,543.57
1.13,101.0,9,3.32,1,0,196.77
23.41,59.0,44,1.86,0,0,423.08
13.28,80.0,24,2.69,1,0,454.25
17.82,41.0,29,2.58,0,0,371.82
21.53,42.0,54,2.53,0,0,420.1
12.21,74.0,54,1.37,0,0,281.97
21.04,50.0,49,1.83,0,0,405.82
5.26,122.0,24,3.5,1,0,272.9
4.82,98.0,10,2.71,1,0,303.9
16.78,67.0,14,2.32,0,0,465.08
21.88,13.0,29,1.61,0,0,381.67
22.42,,6,1.92,1,1,1260.18
16.45,12.0,44,1.33,0,0,287.57
13.61,105.0,49,2.6,1,0,425.01
8.95,45.0,5,1.71,0,0,319.53
24.52,32.0,13,2.79,0,0,570.66
8.67,50.0,14,2.89,1,0,326.36
18.86,44.0,42,2.25,0,0,407.64
13.77,38.0,22,2.38,0,0,327.26
15.6,100.0,23,2.86,1,0,536.79
10.44,101.0,31,3.34,1,0,382.54
24.16,46.0,43,3.37,1,0,628.73
14.72,28.0,16,1.7,0,1,415.17
23.51,79.0,41,1.17,0,0,485.05
1.18,98.0,36,2.97,0,1,128.9
14.74,89.0,16,2.29,0,0,450.04
18.21,101.0,31,3.22,1,1,721.93
18.88,32.0,43,2.51,0,0,378.41
22.72,62.0,16,2.23,0,0,549.46
1.11,50.0,27,2.74,1,0,125.31
1.01,,37,3.77,1,0,133.12
12.33,98.0,36,2.46,0,1,409.83
1.7,44.0,37,2.69,0,0,96.36
24.39,52.0,18,2.68,1,0,729.37
6.33,79.0,35,,0,0,175.28
12.34,100.0,41,3.26,1,0,417.18
2.47,78.0,24,3.29,1,0,185.66
13.53,77.0,30,1.17,0,0,328.39
10.12,52.0,6,2.23,0,0,397.32
2.07,51.0,56,1.67,0,0,76.87
9.04,25.0,21,2.34,0,0,248.49
10.39,20.0,5,2.14,0,0,265.3
24.76,127.0,46,2.02,1,0,684.31
5.99,117.0,25,2.86,1,0,279.25
14.07,72.0,33,1.9,0,1,419.42
24.7,111.0,5,3.35,1,0,1375.26
20.01,40.0,49,2.01,0,0,384.77
24.84,109.0,1,2.76,1,0,1383.65
24.24,33.0,40,2.44,0,0,463.04
12.75,64.0,12,2.34,0,0,373.43
17.71,10.0,40,2.98,0,0,346.21
3.65,47.0,51,1.7,0,0,138.96
11.59,65.0,25,2.38,0,0,309.84
20.42,85.0,5,2.13,1,0,1001.27
13.13,94.0,16,2.61,0,0,426.56
17.86,45.0,20,3.37,1,0,508.93
18.9,88.0,31,2.45,0,1,599.77
7.08,41.0,38,1.24,0,0,179.41
22.02,91.0,14,2.98,0,0,684.49
12.04,51.0,3,3.69,1,0,615.32
6.04,84.0,43,1.74,0,0,154.56
21.77,43.0,17,2.15,0,1,625.11
11.03,105.0,6,3.58,1,0,678.29
19.01,53.0,21,1.99,0,0,415.34
14.15,95.0,8,2.2,0,0,593.68
10.16,30.0,43,2.21,0,0,244.81
20.44,79.0,32,2.3,0,0,449.13
15.03,15.0,45,2.15,0,0,302.1
10.37,51.0,14,2.61,1,0,393.14
3.63,43.0,1,2.88,1,0,328.08
22.49,16.0,12,2.74,0,0,463.55
1.85,85.0,39,2.73,0,0,121.26
21.72,82.0,33,2.55,0,0,479.02
9.64,16.0,51,1.83,0,0,195.56
16.34,56.0,19,2.57,0,0,388.09
23.13,31.0,35,1.78,0,0,456.81
4.64,36.0,16,2.33,0,0,183.3
14.61,47.0,25,2.13,0,1,461.66
19.35,127.0,42,2.4,1,0,583.78
19.18,53.0,10,2.71,1,0,656.5
13.62,49.0,43,2.66,0,0,278.06
15.99,116.0,26,3.63,1,0,600.47
19.18,59.0,10,1.41,0,0,540.53
21.18,84.0,28,1.91,0,0,495.16
19.28,71.0,26,2.67,1,0,609.58
9.5,108.0,12,2.78,1,0,475.33
24.92,,48,2.95,0,0,536.53
11.43,75.0,14,2.04,0,0,359.93
1.59,126.0,23,3.46,1,0,180.26
9.7,14.0,13,2.33,0,0,274.96
4.07,49.0,17,1.21,0,0,163.02
3.91,77.0,45,3.19,1,0,174.9
7.76,81.0,31,2.29,0,1,303.66
2.28,71.0,41,2.52,0,0,111.11
17.52,41.0,2,1.95,1,0,843.56
2.78,49.0,57,1.48,0,0,122.41
5.88,,6,2.54,0,0,319.36
3.23,59.0,46,1.74,0,0,106.88
2.52,31.0,8,2.82,0,0,128.23
7.43,16.0,14,2.04,0,0,174.77
14.73,82.0,18,1.0,0,0,361.41
24.15,44.0,29,2.4,0,0,500.87
22.01,33.0,45,2.03,0,0,423.1
22.02,45.0,18,1.63,0,0,477.12
5.23,62.0,14,1.04,0,0,201.26
7.36,91.0,12,1.4,0,0,290.33
2.83,35.0,10,1.32,0,0,116.59
19.68,88.0,9,2.17,0,0,685.56
2.68,65.0,25,2.54,0,0,165.04
14.36,125.0,43,2.27,1,0,470.28
6.95,128.0,17,3.2,1,0,356.92
6.84,52.0,41,2.8,0,0,165.13
24.78,98.0,23,2.24,0,0,658.86
19.16,50.0,57,2.55,0,0,387.05
21.09,98.0,53,1.41,0,0,448.52
14.73,47.0,24,1.15,0,0,315.65
21.9,98.0,14,1.73,0,0,653.33
16.49,16.0,22,2.42,0,0,334.91
23.71,79.0,14,3.17,1,0,827.35
7.75,33.0,52,2.91,0,1,279.09
15.29,122.0,5,3.06,1,0,930.27
17.56,31.0,19,1.82,0,0,371.17
10.43,55.0,36,2.59,0,0,270.8
22.11,32.0,15,1.31,0,0,443.93
24.52,123.0,46,3.43,1,0,752.11
12.85,93.0,33,1.73,0,0,314.0
10.38,16.0,44,1.31,0,0,225.92
12.33,43.0,43,1.32,0,0,265.24
21.47,50.0,1,3.77,1,0,1217.35
16.49,52.0,51,2.25,0,0,329.83
2.07,81.0,31,1.35,0,0,100.43
14.01,50.0,29,2.34,1,1,521.26
1.42,52.0,12,1.74,0,0,105.12
19.68,34.0,16,1.11,0,0,419.73
8.88,40.0,32,1.22,0,0,198.81
12.33,65.0,42,3.32,1,0,371.09
20.17,83.0,23,2.57,0,0,521.95
2.11,80.0,33,2.98,0,0,89.57
4.8,84.0,48,1.94,1,0,178.15
10.55,67.0,46,2.78,0,0,243.72
6.52,103.0,36,2.43,1,0,270.04
9.11,29.0,22,1.66,0,0,221.18
24.96,88.0,38,1.25,0,0,511.71
20.81,89.0,55,2.97,0,0,453.21
22.21,101.0,13,3.76,1,0,904.77
23.49,70.0,28,2.73,0,1,710.87
9.18,94.0,38,1.18,0,1,309.59
8.13,63.0,36,2.68,0,0,220.4
6.62,74.0,1,3.07,1,0,514.26
20.92,43.0,36,1.26,0,1,559.85
17.31,10.0,12,1.52,0,0,327.55
6.67,48.0,39,3.18,1,1,312.46
10.05,60.0,47,3.41,1,1,377.15
13.16,91.0,13,2.7,0,0,436.55
13.68,61.0,17,2.89,1,0,452.81
22.33,99.0,59,2.07,0,1,597.54
10.13,85.0,33,2.37,0,0,273.71
22.8,40.0,11,2.56,0,0,559.29
11.59,46.0,9,1.34,0,0,331.27
18.91,87.0,34,3.28,1,0,588.59
23.33,,26,2.48,1,0,606.29
22.78,25.0,44,1.77,0,0,382.13
2.37,89.0,1,1.96,1,0,307.34
5.94,32.0,14,2.18,0,0,172.11
12.45,15.0,44,1.19,0,1,322.96
11.36,100.0,47,3.63,1,0,357.16
16.38,75.0,23,3.04,1,0,520.32
23.67,31.0,49,2.98,0,0,494.68
3.7,71.0,23,1.49,0,0,114.32
11.84,20.0,29,2.36,0,0,243.36
5.62,94.0,24,2.93,0,0,232.09
22.46,86.0,51,1.6,0,0,453.36
24.15,,42,1.19,0,0,441.52
12.49,91.0,50,2.27,0,0,289.48
3.5,95.0,4,2.53,1,0,373.34
19.85,54.0,55,1.55,0,0,381.19
17.73,53.0,15,,0,0,468.18
9.51,127.0,8,3.31,1,0,570.86
22.3,10.0,55,1.97,0,0,358.92
24.42,67.0,25,1.9,1,0,661.7
14.39,13.0,9,1.38,0,0,309.83
14.58,13.0,47,1.6,0,0,241.46
8.14,87.0,32,1.97,0,0,234.29
15.03,84.0,23,1.99,0,1,510.01
11.55,96.0,37,1.05,0,1,360.3
8.25,85.0,6,2.89,0,0,424.22
2.61,67.0,58,2.09,0,0,156.75
7.06,51.0,33,1.04,0,1,223.17
5.75,77.0,22,2.4,0,0,219.63
14.01,104.0,40,1.94,1,0,431.2
15.44,79.0,4,3.24,1,0,867.83
15.61,113.0,32,3.2,1,0,511.61
10.32,16.0,19,,0,0,258.09
11.11,11.0,26,1.68,0,0,248.84
21.02,96.0,31,1.29,0,0,480.41
12.43,73.0,21,1.98,1,1,516.69
24.71,60.0,26,1.14,0,0,483.63
11.55,21.0,25,2.62,0,0,234.9
16.59,65.0,35,2.44,0,0,375.44
2.21,85.0,38,2.95,0,0,126.53
16.68,25.0,10,1.62,0,1,496.52
21.43,47.0,7,3.41,1,0,776.87
23.62,81.0,34,1.99,1,0,656.49
24.94,15.0,19,2.81,0,0,494.87
7.77,88.0,31,1.1,0,0,216.8
14.81,58.0,35,2.58,0,0,342.93
11.82,20.0,52,1.61,0,0,247.04
14.53,101.0,36,2.16,1,0,457.56
4.78,39.0,27,2.41,0,0,147.08
21.55,49.0,40,3.59,1,0,600.88
22.83,96.0,39,2.53,0,0,515.94
11.79,27.0,58,1.63,0,0,241.15
7.73,71.0,12,1.71,0,0,303.72
4.38,48.0,49,2.18,1,0,182.42
17.41,82.0,37,2.65,0,0,414.62
8.49,45.0,22,2.01,1,0,274.65
22.83,119.0,1,3.61,1,0,1282.6
17.1,115.0,30,3.0,1,1,715.87
16.5,41.0,37,2.98,1,0,458.09
14.43,90.0,17,2.68,0,0,449.76
2.1,35.0,46,2.34,0,0,99.89
23.37,18.0,35,,0,0,415.34
16.07,14.0,17,1.7,0,0,325.68
24.86,56.0,29,2.15,1,1,810.01
13.9,71.0,54,1.93,0,0,266.75
18.04,56.0,11,1.22,0,0,473.49
2.35,78.0,16,3.11,1,0,201.73
16.16,68.0,44,1.34,0,0,303.87
19.35,92.0,56,2.73,0,0,430.05
19.68,15.0,38,2.4,0,0,383.9
19.48,107.0,3,3.58,1,0,1136.6
6.43,47.0,36,1.17,0,0,175.72
24.41,95.0,29,3.4,1,0,766.27
24.88,23.0,7,2.76,0,1,740.77
2.81,119.0,15,1.89,1,0,245.94
23.47,63.0,17,3.0,0,0,586.75
7.95,41.0,37,1.6,0,0,207.09
17.54,40.0,40,1.42,0,0,352.61
9.11,78.0,14,1.83,0,0,291.69
24.23,26.0,40,1.02,0,0,408.27
3.44,13.0,22,2.77,0,0,138.89
12.95,97.0,35,1.54,0,0,324.81
11.27,45.0,39,2.84,1,0,362.13
8.82,73.0,44,2.25,0,0,208.65
16.49,69.0,1,3.38,1,1,1003.4
4.15,114.0,25,2.3,1,1,252.74
18.2,18.0,30,2.43,0,0,368.87
24.53,33.0,20,1.24,0,0,440.41
20.31,29.0,42,2.41,0,1,505.8
21.64,52.0,49,3.64,1,0,617.38
9.63,94.0,6,1.97,1,0,560.67
8.8,28.0,52,1.23,0,0,191.7
13.41,56.0,47,2.11,0,0,315.23
2.1,80.0,47,1.09,0,0,93.62
23.69,106.0,45,2.17,1,1,829.75
4.45,79.0,23,2.18,1,0,218.23
22.67,97.0,6,2.76,1,0,1137.68
3.01,40.0,9,1.5,0,1,189.14
20.74,,46,1.95,0,0,410.37
4.65,93.0,1,2.84,1,0,445.6
1.92,112.0,6,3.26,1,0,272.17
18.27,95.0,18,2.89,0,0,534.55
7.73,36.0,51,2.01,0,0,178.76
18.15,61.0,58,1.71,0,0,324.0
14.32,94.0,24,2.32,1,0,502.5
3.61,36.0,39,,0,0,144.45
23.37,54.0,51,2.89,0,0,475.8
11.86,52.0,21,2.53,0,0,303.27
18.63,51.0,7,1.41,0,0,542.42
13.02,15.0,13,,0,0,272.26
15.5,57.0,11,2.47,0,1,565.1
8.27,97.0,14,2.06,1,0,400.51
5.81,36.0,16,2.43,0,0,176.29
14.02,41.0,11,1.58,0,0,346.16
11.57,47.0,33,1.98,0,0,249.62
10.36,95.0,58,1.6,0,0,263.45
17.14,62.0,33,1.17,0,0,371.01
17.57,86.0,22,2.54,0,0,460.64
2.1,36.0,6,2.66,0,0,150.14
9.13,79.0,42,2.26,1,0,307.49
10.88,74.0,5,2.28,1,0,598.61
3.33,86.0,30,1.86,0,1,185.38
6.66,101.0,21,3.42,1,0,296.87
2.24,40.0,13,1.95,1,0,136.63
24.91,66.0,32,3.42,1,0,703.13
18.68,31.0,24,2.85,0,1,540.57
3.1,87.0,18,2.92,1,0,220.34
1.49,33.0,43,1.12,0,0,63.92
18.26,62.0,7,2.34,1,1,850.04
11.54,62.0,10,1.22,0,0,343.33
19.88,44.0,44,1.52,0,0,377.82
23.16,82.0,41,2.62,0,0,478.26
15.38,66.0,1,1.91,1,0,942.97
5.49,46.0,46,2.37,1,0,232.93
19.77,33.0,6,2.03,0,0,534.94
23.94,89.0,42,2.75,0,0,534.36
14.93,,35,2.3,1,0,439.33
17.37,16.0,34,2.56,0,0,356.24
9.1,65.0,28,2.17,0,0,238.46
10.16,61.0,35,3.15,1,0,325.34
18.63,59.0,32,3.52,1,0,576.85
23.27,15.0,31,1.05,0,0,382.4
16.1,40.0,34,2.06,0,0,359.49
19.96,112.0,3,3.29,1,0,1180.06
5.12,101.0,48,3.57,1,0,234.75
6.09,98.0,41,1.27,0,0,212.77
13.77,51.0,20,1.68,0,0,320.58
5.24,22.0,39,1.16,0,0,169.74
16.24,66.0,22,3.47,1,0,523.13
8.0,92.0,16,2.71,0,0,271.64
20.0,89.0,16,1.97,0,0,563.21
20.39,56.0,55,1.04,0,0,362.88
12.13,66.0,13,1.2,0,1,480.1
5.34,87.0,33,2.25,0,1,248.74
16.52,,55,2.97,0,0,324.52
24.83,31.0,55,2.68,0,0,449.34
15.94,63.0,25,2.6,0,0,372.2
1.86,10.0,21,1.84,0,0,112.73
1.42,90.0,27,3.77,1,0,121.3
8.69,94.0,38,2.65,0,0,251.77
5.7,102.0,20,2.47,1,0,267.05
20.51,39.0,58,2.5,0,0,389.86
21.28,43.0,22,1.87,0,0,445.8
7.21,38.0,38,2.32,0,0,204.99
8.82,107.0,32,3.74,1,0,359.66
6.67,80.0,29,1.49,0,0,184.87
22.8,66.0,56,2.59,0,0,480.76
13.06,85.0,55,2.18,0,0,299.53
16.75,42.0,38,2.9,0,1,479.65
10.97,97.0,54,1.27,0,0,264.69
16.14,104.0,42,3.24,1,0,513.15
10.26,43.0,49,1.07,0,0,213.27
9.15,90.0,19,1.49,0,1,364.53
16.23,89.0,1,2.44,1,1,989.62
15.19,66.0,27,1.86,0,1,489.8
8.04,95.0,49,2.93,0,0,212.51
4.58,58.0,10,1.14,0,1,241.55
9.85,57.0,43,1.34,0,0,199.95
10.96,88.0,23,1.41,0,1,397.88
16.09,88.0,38,1.85,0,0,365.73
22.95,95.0,31,1.92,1,1,799.1
1.87,96.0,50,2.93,0,0,117.24
6.85,51.0,17,2.92,1,0,253.21
5.65,65.0,19,2.63,0,1,249.35
13.06,18.0,6,2.54,0,1,439.95
11.31,38.0,42,2.32,0,0,249.9
18.5,46.0,29,2.81,0,0,409.66
6.82,30.0,48,2.8,0,0,200.44
15.27,10.0,12,1.26,0,0,306.51
22.21,115.0,5,3.6,1,0,1281.32
22.86,104.0,23,2.85,1,0,734.33
24.01,36.0,9,1.54,0,0,550.02
19.56,63.0,31,3.02,1,0,547.68
22.74,127.0,14,2.36,1,1,1076.72
6.63,58.0,16,1.96,0,0,221.09
5.74,43.0,20,2.63,0,1,239.22
1.16,96.0,15,1.86,1,0,170.85
17.96,59.0,41,1.37,0,0,360.84
23.5,85.0,49,3.71,1,0,672.98
5.49,19.0,54,1.89,0,0,145.83
16.29,97.0,25,1.61,0,0,442.45
18.92,16.0,32,2.85,0,0,383.93
23.26,53.0,28,3.62,1,0,658.78
16.52,24.0,57,1.09,0,1,396.44
24.29,60.0,12,1.72,0,1,794.61
9.27,64.0,50,2.83,0,0,228.7
9.4,41.0,35,1.36,0,0,192.36
14.03,68.0,25,2.16,0,0,330.99
10.2,82.0,7,1.64,0,0,410.44
1.03,48.0,51,2.47,0,0,105.32
18.56,56.0,25,1.32,0,0,386.84
19.04,42.0,33,2.19,0,1,517.88
18.93,42.0,36,1.0,0,0,339.5
9.28,47.0,53,1.51,0,1,258.95
13.53,30.0,30,1.32,0,1,385.65
9.64,108.0,7,2.22,1,0,591.15
1.38,52.0,19,2.72,0,0,113.81
14.5,20.0,6,2.83,0,0,408.56
3.97,69.0,53,2.51,0,0,150.05
2.92,55.0,37,2.18,0,0,115.17
19.13,81.0,35,1.46,0,0,423.71
1.23,65.0,5,1.55,0,0,165.46
24.02,80.0,9,2.42,1,0,912.93
13.37,82.0,48,3.35,1,0,411.22
24.59,61.0,43,1.51,0,0,468.01
2.39,57.0,57,2.95,0,0,112.54
15.0,51.0,9,3.39,1,0,554.8
9.38,16.0,24,3.0,0,0,253.26
21.24,53.0,56,1.92,0,0,407.11
9.67,,11,2.18,0,0,237.54
7.25,28.0,40,1.56,0,0,147.46
21.58,55.0,37,3.01,1,0,572.73
9.99,20.0,16,2.95,0,0,258.73
1.4,68.0,17,1.06,0,0,116.41
10.37,126.0,1,2.38,1,0,677.2
16.71,44.0,47,1.56,0,1,457.42
7.1,69.0,10,2.96,0,0,308.64
11.37,44.0,9,1.27,0,0,321.88
2.36,26.0,49,2.62,0,0,82.75
15.11,48.0,43,1.55,0,0,288.58
19.15,13.0,47,2.72,0,0,389.19
10.92,87.0,41,2.78,1,0,334.23
11.09,110.0,1,2.28,1,0,745.95
3.12,57.0,58,2.42,0,1,137.49
5.85,121.0,1,3.48,1,0,481.75
4.71,71.0,15,1.94,0,1,235.84
12.56,32.0,31,2.43,0,0,285.45
13.7,69.0,20,1.36,0,1,472.0
23.77,37.0,49,2.88,0,0,453.86
2.76,51.0,7,1.19,0,1,208.41
15.4,47.0,26,1.44,0,0,356.63
13.64,122.0,26,2.38,1,0,489.0
13.39,67.0,29,1.31,0,0,293.25
21.96,72.0,22,1.81,0,0,506.83
5.93,68.0,23,1.92,0,0,181.18
1.98,30.0,52,2.04,0,1,138.03
17.13,59.0,34,1.08,0,0,342.44
9.28,11.0,39,1.44,0,0,213.95
1.42,90.0,55,2.62,0,0,97.67
7.03,84.0,50,2.62,0,0,174.93
8.42,22.0,58,1.66,0,0,176.41
15.8,95.0,21,2.72,1,0,563.31
5.14,26.0,22,1.37,0,1,198.6
10.91,84.0,7,,1,1,655.84
12.58,92.0,38,3.71,1,0,413.13
12.02,97.0,35,1.58,0,0,300.16
24.37,46.0,57,2.56,0,0,445.77
2.09,,7,1.7,0,0,140.96
23.82,79.0,35,1.01,0,0,487.64
14.97,50.0,28,2.2,0,1,456.12
20.1,65.0,59,1.82,0,0,375.31
11.33,53.0,41,2.52,0,1,370.82
11.89,31.0,26,2.5,0,0,288.94
22.1,93.0,37,2.89,0,0,556.8
22.5,62.0,39,2.68,1,1,758.46
6.73,53.0,19,1.97,0,0,205.93
5.78,41.0,42,1.8,0,0,171.75
12.91,125.0,36,2.39,1,0,432.21
22.61,,8,3.08,1,0,1114.55
8.74,93.0,52,2.66,0,0,237.92
16.65,46.0,19,1.32,0,0,360.32
18.0,55.0,33,2.96,0,0,394.38
19.69,48.0,30,2.37,0,0,413.1
14.53,43.0,26,2.56,0,1,453.73
10.66,90.0,8,3.0,0,1,568.52
24.21,88.0,37,2.01,0,0,509.64
15.67,124.0,1,1.94,1,0,953.29
18.49,10.0,32,2.58,0,0,350.65
9.28,47.0,53,2.74,0,0,227.75
17.08,68.0,29,2.12,1,1,619.87
7.19,75.0,46,1.05,0,1,226.59
6.88,29.0,36,1.27,0,1,243.62
18.15,51.0,33,1.65,0,0,373.29
13.51,96.0,40,3.65,1,0,468.41
17.4,86.0,28,1.0,0,0,393.0
7.47,17.0,34,2.61,0,0,185.96
15.37,126.0,3,3.51,1,0,934.18
11.65,68.0,52,2.62,0,0,280.23
15.33,50.0,48,,1,0,422.87
7.98,126.0,12,3.16,1,0,457.08
18.17,45.0,15,2.91,0,0,459.07
20.34,37.0,26,1.24,0,0,384.84
7.24,120.0,31,1.86,1,0,305.14
8.21,81.0,27,2.75,0,0,241.99
16.87,40.0,23,3.09,1,1,596.84
17.69,61.0,17,2.29,0,0,448.62
17.9,12.0,36,2.93,0,1,458.04
17.38,22.0,48,2.54,0,1,457.42
10.43,32.0,14,1.79,0,0,255.6
10.48,96.0,47,1.87,0,0,254.77
7.12,43.0,52,1.29,0,1,243.88
4.76,35.0,10,1.61,0,0,168.82
17.62,14.0,25,1.89,0,0,334.18
3.24,47.0,29,2.32,1,0,154.77
23.51,120.0,1,3.63,1,0,1336.33
20.84,34.0,25,1.02,0,0,397.3
21.58,96.0,24,2.17,0,0,548.28
22.76,64.0,54,2.54,0,0,455.38
10.81,37.0,47,2.46,0,0,246.15
21.32,17.0,38,2.29,0,0,384.27
4.79,58.0,1,2.62,1,1,434.8
1.52,22.0,49,2.84,0,0,91.89
19.84,65.0,39,2.46,1,0,531.41
2.8,78.0,34,3.3,1,0,153.37
24.72,60.0,41,2.85,0,0,535.16
17.2,15.0,57,1.26,0,0,305.27
19.08,22.0,9,2.89,0,0,451.42
6.9,61.0,54,2.55,0,0,188.33
17.17,96.0,15,2.23,0,0,532.94
2.04,,58,1.75,0,0,100.94
21.11,26.0,52,2.81,0,1,576.8
5.07,74.0,21,1.09,0,0,177.02
17.74,52.0,8,1.86,0,1,617.64
6.39,22.0,12,2.51,0,0,184.48
2.64,72.0,45,2.62,0,1,145.68
12.56,64.0,51,1.4,0,0,254.56
5.06,87.0,26,1.1,0,0,166.51
18.51,53.0,26,3.41,1,0,538.25
6.7,,21,,1,0,267.03
9.22,50.0,10,,0,1,355.71
14.62,52.0,35,1.17,0,0,277.93
7.84,102.0,1,3.08,1,0,603.18
10.07,91.0,51,2.17,0,0,244.3
20.57,50.0,43,2.71,0,0,425.4
5.3,48.0,24,1.86,1,0,224.05
2.97,29.0,47,2.74,0,0,103.47
8.88,30.0,57,2.77,0,0,224.97
11.19,64.0,27,2.69,1,0,370.14
14.02,75.0,35,1.15,0,0,303.53
9.94,69.0,22,3.69,1,1,475.95
19.96,81.0,29,1.14,0,0,433.45
1.94,34.0,53,2.18,0,0,105.45
11.36,39.0,21,1.99,0,0,294.95
10.17,116.0,25,3.47,1,1,494.96
16.54,40.0,54,2.01,0,0,329.17
24.19,45.0,40,1.94,0,0,457.6
13.25,80.0,40,3.56,1,1,518.86
24.69,70.0,47,2.93,0,1,719.56
8.25,38.0,21,2.1,0,0,226.03
1.74,43.0,14,1.91,0,0,121.25
4.98,28.0,55,2.66,0,0,137.73
10.48,129.0,42,3.46,1,0,393.42
8.59,14.0,26,1.64,0,0,190.75
3.33,29.0,35,2.15,0,0,115.68
11.38,87.0,34,1.31,0,0,278.77
9.11,38.0,55,2.27,0,0,201.58
3.94,12.0,24,2.67,0,1,187.68
8.11,93.0,18,1.38,0,0,256.33
22.27,64.0,9,2.45,1,0,773.23
8.25,108.0,37,2.7,1,0,314.11
18.13,64.0,23,2.69,0,1,571.5
15.69,65.0,57,2.46,0,0,311.8
11.25,38.0,44,1.63,0,1,334.69
6.74,50.0,35,1.49,0,0,204.55
9.86,11.0,41,2.39,0,0,210.67
15.21,15.0,27,1.96,0,0,281.05
9.42,68.0,48,2.19,0,0,243.6
6.16,74.0,18,2.3,0,0,214.57
3.8,70.0,16,,1,0,216.4
22.11,55.0,34,2.23,0,0,448.25
11.57,69.0,52,2.78,0,0,275.74
16.0,55.0,12,2.74,0,0,451.86
12.77,28.0,48,1.3,0,0,241.82
21.94,40.0,25,2.97,1,0,616.52
14.13,27.0,20,1.88,0,0,302.97
12.54,46.0,48,2.37,1,0,367.25
23.19,41.0,43,2.26,0,0,458.79
18.27,68.0,28,2.02,0,0,407.52
3.68,74.0,25,2.55,0,0,152.43
5.26,51.0,2,,1,0,399.95
19.89,54.0,22,1.61,0,0,457.77
21.06,63.0,32,1.85,1,1,722.25
14.08,63.0,10,2.49,0,0,441.22
14.31,13.0,18,2.82,0,0,304.93
16.17,88.0,59,2.17,0,0,355.66
11.54,33.0,34,2.23,0,0,269.7
17.32,32.0,18,1.09,0,0,361.18
3.6,128.0,1,2.81,1,0,351.41
24.07,58.0,8,2.05,0,0,738.9
19.0,99.0,23,1.08,0,0,457.48
16.15,30.0,29,2.56,0,0,348.53
8.59,79.0,29,1.56,0,0,227.06
4.86,31.0,23,2.45,0,0,159.9
10.82,84.0,34,1.81,0,0,270.18
16.88,76.0,37,3.79,1,0,524.26
16.21,39.0,34,1.42,0,0,323.88
10.18,70.0,9,1.92,1,0,446.83
15.72,42.0,52,2.96,0,0,372.45
20.53,85.0,33,1.49,0,0,438.61
1.63,36.0,39,2.27,0,0,105.33
11.81,117.0,27,2.55,1,1,532.98
19.21,97.0,33,3.08,1,0,634.77
14.11,10.0,44,2.19,0,0,271.87
16.64,73.0,27,2.41,0,0,401.11
13.4,81.0,27,1.04,0,0,339.76
24.8,111.0,37,3.47,1,0,743.03
2.31,65.0,31,2.76,1,0,136.65
12.79,99.0,59,2.04,0,0,302.12
3.19,58.0,46,1.82,0,0,109.98
4.83,123.0,46,3.78,1,0,221.21
10.19,53.0,34,2.6,0,0,279.71
4.73,52.0,20,1.62,0,0,176.35
24.13,58.0,37,2.57,0,0,473.04
23.72,61.0,31,1.87,0,0,486.61
9.07,110.0,4,3.54,1,0,659.49
16.35,71.0,14,1.86,1,0,540.04
13.81,64.0,8,1.71,0,0,461.92
20.57,27.0,24,1.86,0,0,411.53
16.06,125.0,9,3.29,1,0,857.49
1.01,68.0,42,1.36,0,0,86.16
19.32,38.0,19,1.57,0,0,411.56
18.92,41.0,51,2.45,0,0,382.2
13.23,63.0,21,1.15,0,0,300.58
22.67,93.0,24,1.4,0,0,551.45
22.8,40.0,53,2.51,0,1,604.55
13.57,52.0,21,2.75,0,0,368.62
15.59,80.0,47,3.26,1,0,468.34
24.92,47.0,6,2.85,1,0,911.52
8.17,82.0,5,2.0,1,0,492.98
8.79,60.0,34,2.65,0,0,224.35
5.39,17.0,30,1.25,0,1,207.93
22.5,48.0,42,2.57,1,0,575.33
18.87,117.0,19,1.9,1,0,681.76
3.54,55.0,49,2.42,0,0,110.33
24.56,42.0,21,2.01,0,0,530.21
18.54,67.0,58,2.82,0,0,353.54
21.41,88.0,45,1.28,0,1,579.66
2.16,40.0,5,2.64,0,0,161.58
13.12,108.0,44,2.82,1,0,404.76
17.77,,30,1.73,0,0,431.72
14.03,57.0,7,2.29,0,0,488.48
17.0,50.0,47,3.38,1,0,445.43
20.63,83.0,47,1.88,0,1,582.73
9.98,72.0,5,2.27,1,0,509.95
21.37,70.0,51,2.83,0,0,472.65
4.91,127.0,22,2.43,1,0,279.58
7.5,24.0,32,3.0,0,0,203.2
2.04,68.0,24,3.33,1,0,144.48
9.75,36.0,39,2.38,0,0,233.18
10.12,29.0,11,1.02,0,0,229.39
20.33,45.0,37,1.9,0,1,582.47
16.68,23.0,52,2.0,0,0,318.33
11.48,46.0,31,1.75,0,0,270.32
16.65,127.0,23,2.1,1,0,602.95
2.27,58.0,31,1.73,0,0,132.29
5.33,45.0,46,1.15,0,0,140.97
16.05,67.0,35,1.58,0,1,490.11
16.39,54.0,41,1.97,1,0,443.39
19.58,48.0,9,2.5,0,0,555.96
10.67,44.0,28,3.14,1,0,379.37
18.34,54.0,41,2.88,0,0,412.98
17.42,10.0,25,1.76,0,1,464.74
24.12,56.0,30,2.57,0,0,519.7
6.16,73.0,48,2.98,1,0,219.93
14.24,17.0,47,2.29,0,0,275.32
15.44,127.0,1,2.89,1,0,944.17
24.97,63.0,37,2.56,0,0,509.14
5.83,96.0,46,1.08,0,0,188.13
13.56,99.0,1,1.96,1,0,840.3
9.31,86.0,27,1.19,0,0,230.23
13.62,46.0,55,1.58,0,0,288.46
6.57,85.0,37,,1,1,336.18
2.14,27.0,33,2.29,0,0,73.17
14.74,19.0,22,2.43,0,0,313.12
9.06,77.0,39,1.56,0,0,239.49
5.37,110.0,4,3.1,1,0,461.96
8.77,125.0,33,2.04,1,0,327.7
2.18,85.0,37,1.02,0,0,105.38
23.81,33.0,36,2.39,0,0,461.51
14.95,56.0,46,2.43,0,0,325.54
20.55,76.0,31,3.04,1,0,620.12
11.15,81.0,27,1.52,0,0,296.68
22.68,123.0,1,3.65,1,0,1262.6
12.6,52.0,21,2.75,0,0,308.57
14.77,91.0,50,2.03,0,0,345.84
12.8,34.0,40,2.98,0,0,303.05
18.6,96.0,31,1.6,0,0,424.64
14.6,57.0,42,2.78,1,1,516.75
7.52,90.0,33,3.66,1,0,322.04
4.49,55.0,5,1.92,0,0,267.2
15.55,84.0,42,1.94,0,1,456.92
12.74,98.0,8,1.96,1,0,602.42
3.3,48.0,8,1.42,0,0,151.03
10.49,87.0,36,1.32,0,1,340.69
13.35,95.0,25,2.13,0,1,493.0
20.85,77.0,41,2.44,1,0,583.01
2.83,64.0,47,1.15,0,0,118.76
9.36,118.0,44,2.82,1,0,337.54
20.74,44.0,1,3.14,1,1,1202.16
16.56,44.0,19,3.27,1,1,623.12
7.96,89.0,32,3.48,1,1,409.94
21.29,81.0,42,2.76,1,0,577.21
12.84,28.0,18,1.78,0,0,290.49
12.96,43.0,17,2.37,0,1,436.83
24.44,62.0,48,1.03,0,0,446.22
23.73,89.0,23,2.27,0,0,591.26
9.6,30.0,16,1.81,0,0,216.56
4.37,54.0,35,1.91,0,0,142.74
8.82,69.0,38,1.59,0,0,219.81
1.73,62.0,45,1.25,0,1,111.68
1.5,58.0,17,2.6,1,1,168.18
10.49,127.0,3,2.42,1,1,714.28
23.58,74.0,10,3.72,1,0,880.8
21.91,91.0,28,2.89,0,1,693.8
13.27,23.0,12,2.29,0,0,304.19
14.57,95.0,41,2.81,0,0,360.66
1.14,21.0,35,2.5,0,0,72.51
6.17,58.0,59,1.69,0,0,181.34
1.59,85.0,36,2.21,0,0,116.13
19.11,12.0,57,1.44,0,1,459.97
4.5,66.0,36,3.17,1,0,206.32
21.86,121.0,17,1.89,1,0,800.13
16.44,34.0,42,2.66,0,0,337.3
6.51,24.0,40,2.17,0,0,154.02
4.79,36.0,36,1.12,0,0,131.29
16.06,24.0,27,2.74,0,0,334.8
22.62,69.0,48,3.56,1,0,634.51
18.24,114.0,17,3.51,1,0,726.15
9.37,68.0,37,2.55,0,0,237.66
15.1,54.0,45,2.36,0,0,304.19
8.46,62.0,30,1.79,0,1,294.35
24.98,87.0,44,1.27,0,0,491.2
18.97,84.0,1,2.38,1,0,1110.57
15.75,111.0,1,2.49,1,0,941.42
11.16,70.0,17,1.72,0,0,308.67
15.84,20.0,31,2.13,0,0,289.55
9.2,117.0,44,2.22,1,1,422.09
1.69,60.0,31,1.38,0,0,85.41
10.48,95.0,48,2.43,0,0,287.27
23.33,98.0,26,1.02,0,0,560.44
16.03,83.0,59,1.3,0,1,457.93
3.01,48.0,15,1.87,0,1,187.83
22.24,33.0,19,1.3,0,1,594.52
7.45,15.0,34,2.92,0,0,176.61
6.85,42.0,22,2.34,0,0,187.02
8.13,31.0,48,1.87,0,1,259.58
14.85,99.0,18,2.02,1,0,567.97
14.07,29.0,36,1.77,0,0,294.95
12.79,50.0,16,3.1,1,0,454.67
18.22,44.0,9,2.94,0,0,512.89
8.6,44.0,9,1.95,0,0,302.59
19.77,104.0,16,,1,0,744.68
5.21,99.0,52,1.39,0,0,164.57
19.78,87.0,53,2.25,0,0,430.03
16.93,58.0,55,1.48,0,0,334.54
17.4,75.0,43,1.4,0,0,339.24
12.56,85.0,16,2.82,1,0,487.87
17.01,14.0,11,1.42,0,0,355.92
2.92,48.0,54,2.44,0,0,108.57
21.44,88.0,58,2.87,0,0,462.6
2.33,94.0,25,1.79,0,0,144.6
4.57,90.0,29,2.44,1,0,207.38
14.84,30.0,14,1.35,0,0,307.21
18.75,47.0,54,1.78,0,0,382.89
2.83,45.0,16,2.12,0,0,125.48
23.1,23.0,41,1.75,0,0,421.3
24.37,42.0,27,2.25,0,0,473.27
15.54,32.0,42,2.32,0,0,315.76
12.55,81.0,17,1.2,0,0,363.89
18.79,123.0,1,3.2,1,0,1093.04
8.88,77.0,1,3.6,1,0,638.78
12.84,56.0,34,1.05,0,0,308.8
22.99,73.0,45,2.1,0,1,658.1
23.94,56.0,7,2.21,0,0,732.55
23.25,10.0,6,2.42,0,0,447.87
7.3,81.0,24,2.57,1,0,318.84
6.58,107.0,22,3.44,1,0,336.8
8.14,87.0,57,2.08,0,0,236.49
11.59,95.0,53,1.82,0,1,348.53
8.54,85.0,53,2.44,0,1,284.78
9.98,34.0,47,2.85,0,1,296.6
15.9,66.0,44,2.62,0,0,370.37
19.3,61.0,38,2.86,0,0,439.92
18.65,16.0,35,1.53,0,0,343.96
20.55,16.0,21,1.24,0,0,377.87
1.77,65.0,13,2.07,0,0,129.57
2.15,48.0,24,1.09,0,0,91.36
19.95,109.0,7,3.15,1,0,1015.47
13.79,122.0,48,2.28,1,0,440.68
14.88,97.0,21,2.71,1,0,513.56
2.26,32.0,40,2.31,0,0,117.45
7.13,19.0,8,1.97,0,0,215.74
16.32,81.0,31,1.47,0,0,371.06
21.62,75.0,2,3.56,1,0,1223.0
23.01,80.0,13,2.53,0,0,673.64
13.01,12.0,25,2.2,0,0,268.57
14.09,81.0,39,2.4,0,0,368.45
20.99,116.0,22,2.63,1,1,867.88
13.9,52.0,21,2.55,1,0,445.95
13.4,,11,1.32,0,1,589.85
22.72,87.0,44,3.41,1,0,660.87
19.96,75.0,49,1.76,0,0,397.73
22.82,12.0,38,2.38,0,0,393.79
6.24,102.0,8,2.4,1,0,402.49
13.59,24.0,33,2.59,0,0,301.72
21.22,11.0,50,1.21,0,0,316.34
3.67,100.0,23,3.05,1,0,206.64
20.07,68.0,58,2.62,0,0,394.91
5.39,56.0,15,3.12,1,0,267.18
20.39,20.0,53,2.39,0,0,396.76
15.69,14.0,6,2.05,0,0,346.95
5.64,79.0,55,2.12,0,0,158.23
12.36,106.0,4,1.93,1,0,792.17
17.37,32.0,28,1.5,0,0,339.98
16.21,72.0,31,2.44,0,0,380.99
11.25,13.0,55,2.89,0,0,264.26
22.58,68.0,45,2.88,1,0,607.18
13.46,26.0,36,2.45,0,1,375.63
13.14,44.0,49,2.37,0,0,271.75
2.49,57.0,27,3.0,0,0,127.94
23.13,94.0,52,2.59,0,0,490.9
5.25,96.0,56,2.26,0,0,174.77
13.68,57.0,48,1.23,0,0,255.71
20.29,92.0,30,2.53,1,0,629.28
6.17,74.0,25,1.5,0,0,179.85
13.66,84.0,26,2.71,0,0,375.86
6.78,10.0,27,1.89,0,0,165.57
19.23,46.0,48,2.87,1,1,627.39
14.54,86.0,16,2.93,0,0,449.32
21.54,123.0,7,3.47,1,0,1180.43
22.47,109.0,28,3.38,1,1,888.27
16.57,39.0,29,,0,0,352.37
18.41,79.0,6,1.05,0,0,721.73
14.18,93.0,45,1.25,0,0,313.56
10.23,77.0,48,3.28,1,0,349.1
16.55,69.0,15,2.62,1,0,551.97
22.8,93.0,25,2.03,1,0,707.29
11.0,97.0,22,2.48,0,0,325.44
8.55,25.0,20,,0,0,206.52
10.32,25.0,18,2.18,0,0,252.95
11.45,36.0,37,2.48,0,0,257.06
2.77,31.0,50,2.22,0,0,104.85
12.96,24.0,11,2.99,0,0,327.36
12.86,55.0,42,1.87,0,0,280.54
15.12,10.0,24,1.62,0,0,277.25
9.71,37.0,8,1.4,0,0,273.65
15.71,72.0,5,2.81,1,0,764.48
22.08,24.0,10,2.7,0,0,495.5
23.93,96.0,33,3.69,1,1,917.4
15.01,79.0,54,2.94,0,0,367.25
2.02,77.0,11,2.06,0,0,143.55
24.26,,49,2.21,0,0,491.76
17.94,29.0,34,2.16,0,0,359.79
9.06,13.0,46,1.93,0,0,185.63
4.53,,17,2.1,1,0,226.32
4.44,16.0,32,1.13,0,0,117.77
5.03,66.0,42,1.87,0,0,164.42
2.09,15.0,39,1.37,0,0,91.56
22.65,64.0,5,2.77,0,0,866.14
13.98,40.0,28,2.52,0,1,428.91
17.8,73.0,52,2.24,0,0,370.95
20.87,45.0,32,1.09,0,0,422.12
20.0,22.0,59,2.24,0,0,394.35
22.18,84.0,38,2.24,0,0,456.88
24.21,82.0,21,1.88,0,1,764.35
11.54,81.0,28,2.32,0,0,303.11
23.81,70.0,35,2.72,0,1,680.54
18.36,49.0,14,3.32,1,0,572.94
2.7,75.0,33,1.95,0,0,141.67
17.36,33.0,32,1.52,0,0,339.22
17.48,43.0,18,1.96,0,0,364.26
22.74,89.0,36,3.69,1,0,702.02
9.95,114.0,20,3.44,1,0,421.59
15.04,,45,1.05,0,0,265.59
1.29,14.0,48,2.57,0,0,89.39
8.97,36.0,15,1.34,0,0,229.55
2.49,16.0,20,2.14,0,0,118.56
13.52,10.0,40,2.61,0,0,256.98
20.62,41.0,33,2.12,0,0,400.68
5.95,26.0,31,1.81,0,0,149.41
13.66,27.0,33,1.64,0,0,285.62
5.9,107.0,22,2.41,1,0,263.51
3.9,58.0,36,2.67,0,0,164.76
13.26,22.0,31,2.65,0,0,303.26
2.9,78.0,15,2.65,0,0,167.07
15.1,61.0,39,2.37,1,0,422.31
1.75,35.0,12,2.6,0,0,103.01
3.56,77.0,53,1.07,0,0,119.04
14.2,126.0,47,2.21,1,0,432.85
15.19,14.0,47,2.03,0,0,297.2
1.7,18.0,8,1.81,0,0,129.29
14.76,86.0,56,1.22,0,0,293.95
21.12,101.0,6,1.88,1,0,1027.77
18.34,112.0,26,3.02,1,0,631.21
4.15,107.0,6,2.43,1,0,345.14
15.22,129.0,45,1.83,1,0,456.42
17.13,87.0,29,1.86,0,0,399.19
1.89,41.0,18,2.41,1,0,127.12
21.53,59.0,24,2.15,0,0,496.79
22.75,90.0,44,3.66,1,0,656.32
21.41,99.0,46,1.62,0,0,457.44
20.79,41.0,1,3.79,1,1,1194.32
18.88,50.0,36,1.17,0,1,529.63
16.2,73.0,55,1.18,0,0,274.1
17.29,53.0,10,2.43,0,0,507.02
20.35,61.0,23,2.5,0,0,487.19
16.9,46.0,56,1.85,0,0,309.83
8.87,105.0,12,2.37,1,0,423.76
10.02,65.0,16,2.59,0,0,278.35
22.53,62.0,37,3.71,1,0,631.8
1.41,110.0,41,3.78,1,0,122.76
17.77,48.0,41,2.27,0,0,367.08
23.91,95.0,14,2.48,0,1,886.92
17.95,69.0,27,2.64,0,0,477.65
24.85,65.0,22,2.6,0,0,600.15
17.5,,25,2.99,0,0,362.58
1.82,10.0,58,2.62,0,0,83.15
20.85,13.0,51,2.33,0,0,364.77
7.83,50.0,58,1.75,0,0,196.18
11.71,62.0,17,2.2,0,0,338.88
8.49,40.0,6,2.76,0,1,386.16
7.45,72.0,1,2.41,1,0,550.04
11.35,14.0,22,1.06,0,0,197.45
10.09,52.0,39,1.65,0,0,228.01
16.2,20.0,52,,0,0,345.59
20.52,71.0,28,3.39,1,0,612.32
8.13,10.0,45,,0,1,242.89
6.13,52.0,14,1.02,0,0,184.38
17.01,15.0,41,2.34,0,0,340.32
17.09,120.0,26,2.96,1,0,596.21
22.63,50.0,19,1.97,1,0,602.56
1.38,50.0,28,2.93,0,0,72.45
21.47,66.0,15,3.04,1,0,723.3
13.5,70.0,49,2.3,0,0,290.34
15.91,85.0,43,2.71,0,1,535.58
3.19,22.0,38,1.67,0,0,118.39
11.38,44.0,30,2.12,0,0,299.5
6.46,64.0,36,2.95,1,0,250.5
7.1,75.0,33,3.73,1,0,260.81
13.1,30.0,9,1.26,0,0,307.23
20.5,64.0,10,2.52,0,1,756.01
18.85,45.0,36,,0,0,394.04
15.18,37.0,45,2.69,0,0,299.63
13.95,66.0,26,3.46,1,0,476.29
11.26,51.0,2,1.82,1,0,641.51
24.35,83.0,22,1.51,0,0,571.69
14.44,35.0,58,1.36,0,1,386.1
7.1,84.0,1,2.72,1,0,561.33
6.52,15.0,28,2.81,0,0,182.17
15.67,128.0,41,1.81,1,1,618.94
13.55,17.0,21,1.98,0,0,258.75
1.18,84.0,22,2.77,0,0,84.05
20.92,26.0,24,2.85,0,0,421.71
17.9,47.0,30,2.31,0,0,368.8
16.88,86.0,54,2.66,0,0,383.63
2.65,50.0,34,1.65,0,1,135.93
9.69,54.0,31,2.37,1,0,310.64
23.45,92.0,31,1.1,0,0,520.21
21.7,92.0,43,2.01,0,0,462.7
7.85,113.0,17,2.71,1,0,386.33
4.77,67.0,20,2.54,1,0,239.49
11.78,34.0,9,1.23,0,0,316.64
9.54,118.0,8,2.26,1,0,557.83
17.37,74.0,29,2.21,1,0,501.79
24.19,89.0,57,2.89,0,0,511.22
9.71,46.0,36,2.93,0,0,254.57
2.49,36.0,49,1.01,0,0,69.9
22.54,14.0,8,1.34,0,0,410.75
1.91,68.0,26,2.78,0,0,89.34
23.87,97.0,53,1.08,0,0,458.66
16.95,105.0,27,3.69,1,0,567.61
23.6,66.0,17,1.76,0,0,581.33
5.79,70.0,12,2.08,0,0,255.46
1.98,99.0,32,3.33,1,0,166.29
12.72,73.0,50,1.49,0,0,294.26
11.81,41.0,13,1.2,0,0,313.06
8.96,25.0,48,2.62,0,0,203.64
23.98,53.0,32,2.97,0,0,497.52
20.74,126.0,1,3.12,1,0,1184.48
16.88,99.0,19,2.65,0,0,507.97
4.91,108.0,1,3.68,1,0,436.53
18.62,70.0,21,1.46,0,1,577.15
18.45,110.0,6,2.5,1,0,1007.74
11.2,43.0,59,1.44,0,0,235.86
23.19,83.0,59,1.12,0,0,436.83
5.01,125.0,23,3.26,1,0,259.24
7.42,30.0,18,1.29,0,1,277.91
2.52,28.0,17,1.19,0,0,135.12
20.09,61.0,57,1.72,0,0,384.08
15.92,51.0,36,1.12,0,1,448.89
8.56,78.0,36,2.16,1,0,287.07
4.93,84.0,47,1.94,1,0,232.45
1.96,98.0,29,2.75,0,0,126.72
5.0,52.0,21,3.36,1,0,236.3
11.88,52.0,28,,0,1,391.17
6.93,92.0,17,2.74,0,0,236.54
7.22,80.0,33,2.89,0,1,267.54
22.01,75.0,34,1.37,0,1,599.42
13.36,54.0,31,2.8,0,1,430.64
18.5,13.0,11,,0,0,367.72
1.86,40.0,7,2.13,1,0,165.21
9.76,69.0,11,2.31,0,0,339.83
12.5,59.0,39,1.65,0,1,387.98
5.47,96.0,10,1.09,0,1,309.68
3.88,56.0,26,1.16,0,1,171.97
21.89,26.0,18,1.85,0,0,425.41
23.55,95.0,25,2.65,0,0,599.62
2.89,44.0,22,1.62,0,1,164.25
9.38,17.0,52,2.53,0,0,223.24
24.0,95.0,23,1.91,1,0,722.8
3.0,99.0,20,2.59,1,0,203.88
16.45,64.0,43,1.25,0,0,334.57
24.33,16.0,41,2.73,0,0,434.51
24.48,74.0,54,2.94,0,0,535.6
12.31,64.0,39,2.45,1,0,371.46
4.91,33.0,40,2.98,0,0,174.38
5.85,84.0,32,2.5,0,0,207.91
22.35,74.0,15,1.0,0,0,558.94
22.88,86.0,11,2.77,1,0,841.75
15.59,17.0,16,2.67,0,1,452.14
19.39,54.0,32,2.07,0,0,421.2
18.76,38.0,28,2.1,0,1,529.28
16.88,40.0,35,1.9,0,0,320.64
20.85,96.0,31,2.59,1,0,635.67
17.45,46.0,43,1.85,1,0,437.59
13.82,70.0,23,3.04,1,0,429.16
6.69,69.0,9,2.53,0,0,278.3
18.85,65.0,59,2.58,0,0,401.51
12.36,41.0,39,2.25,0,0,253.02
8.08,70.0,17,1.68,0,0,269.9
20.25,100.0,45,1.85,1,0,552.83
17.72,85.0,49,2.79,0,0,399.25
23.5,73.0,13,1.86,0,0,627.49
4.97,49.0,25,3.0,1,0,229.4
16.58,65.0,17,2.19,1,0,504.45
6.86,78.0,20,1.28,0,1,303.51
22.69,96.0,58,1.17,0,0,443.55
3.39,82.0,24,2.6,0,0,189.58
16.75,76.0,47,3.09,1,0,457.97
19.99,39.0,51,2.24,0,0,377.75
9.52,41.0,2,3.64,1,0,534.74
23.9,51.0,52,1.32,0,0,440.97
21.42,77.0,21,1.34,0,0,516.56
8.07,99.0,54,1.38,0,0,205.65
1.18,44.0,23,1.85,0,0,86.07
8.12,49.0,37,3.55,1,0,281.26
7.75,40.0,41,2.76,0,0,195.88
22.36,88.0,49,2.18,0,0,473.85
24.21,94.0,31,2.32,0,0,574.23
2.69,45.0,9,3.6,1,0,201.62
12.31,74.0,28,,0,0,313.13
14.16,113.0,1,2.26,1,1,877.47
3.23,11.0,57,2.41,0,0,122.75
10.06,18.0,51,2.54,0,0,218.48
8.61,90.0,42,2.27,0,0,252.09
13.87,89.0,13,1.55,0,0,463.22
16.87,75.0,29,1.8,0,1,495.76
17.88,119.0,9,2.74,1,1,978.56
4.28,68.0,48,1.29,0,0,149.24
20.51,22.0,31,1.9,0,0,397.33
17.29,15.0,49,1.32,0,0,275.64
22.34,34.0,57,2.0,0,0,411.3
11.78,102.0,1,1.9,1,0,774.16
22.45,98.0,33,,1,0,731.02
21.78,99.0,20,1.49,0,0,568.58
11.52,55.0,55,1.93,0,0,258.94
10.15,24.0,33,1.07,0,0,187.4
23.39,75.0,37,1.39,0,0,471.92
18.16,95.0,22,2.39,0,0,468.69
23.28,81.0,30,2.02,1,0,633.33
20.13,26.0,45,2.26,0,1,554.94
15.62,32.0,5,1.0,0,0,437.48
3.78,24.0,17,1.93,0,0,136.31
8.0,47.0,10,2.44,0,0,293.25
24.25,65.0,24,2.85,0,0,573.72
8.67,43.0,42,1.99,0,0,200.27
3.24,104.0,28,3.48,1,0,207.4
17.98,89.0,22,2.61,0,0,483.61
18.62,98.0,11,1.59,0,0,616.18
7.85,126.0,31,3.55,1,0,361.57
8.14,73.0,48,3.08,1,0,256.26
12.25,82.0,20,1.21,0,0,325.17
1.52,25.0,18,2.88,0,0,119.95
19.94,89.0,8,2.15,1,0,842.56
8.61,78.0,8,1.94,0,0,389.02
21.49,51.0,18,1.93,0,0,445.46
20.26,71.0,5,2.25,0,0,794.2
16.87,,27,3.13,1,0,510.37
8.8,78.0,12,1.47,0,0,291.77
13.39,96.0,31,1.7,0,0,340.99
11.68,81.0,37,1.29,0,1,359.78
9.13,119.0,24,2.05,1,0,391.03
21.36,93.0,24,2.65,0,0,581.16
12.6,67.0,1,3.3,1,0,816.01
20.99,39.0,5,1.89,0,0,623.32
3.53,84.0,13,1.19,0,0,198.67
4.38,89.0,49,2.7,1,0,202.29
24.46,26.0,36,1.59,0,0,431.48
15.11,49.0,27,3.36,1,0,457.87
13.23,127.0,12,1.99,1,0,603.8
13.56,50.0,31,2.7,1,0,375.72
6.17,86.0,13,2.98,1,0,305.68
18.25,47.0,27,3.77,1,0,564.22
3.03,40.0,9,1.18,0,1,186.05
14.76,46.0,16,1.23,0,0,361.37
14.7,42.0,5,2.98,0,0,513.8
22.94,18.0,10,1.81,0,1,612.05
13.63,85.0,11,3.29,1,0,582.8
4.29,12.0,12,,0,0,124.29
14.75,22.0,9,1.63,0,0,349.67
3.19,67.0,29,2.23,1,1,222.15
5.89,91.0,22,2.35,1,0,278.92
1.75,100.0,9,3.33,1,0,209.11
13.32,63.0,22,3.48,1,0,434.89
3.03,19.0,28,2.4,0,0,94.71
12.27,81.0,20,2.68,1,0,436.87
23.39,46.0,12,1.53,0,0,554.39
18.27,54.0,29,2.65,1,0,529.76
2.86,37.0,20,2.83,0,0,129.98
6.38,76.0,1,3.53,1,0,504.04
17.17,74.0,21,1.65,0,0,428.14
22.47,22.0,55,1.66,0,1,578.83
1.79,98.0,49,3.36,1,1,144.52
20.5,107.0,29,2.65,1,0,662.62
14.48,95.0,25,2.95,1,1,591.74
14.11,39.0,11,1.84,0,0,348.08
23.99,73.0,55,1.48,0,0,445.63
18.94,76.0,7,,0,0,689.72
21.4,29.0,22,1.28,0,0,415.44
9.5,,57,1.02,0,0,197.11
14.3,51.0,21,2.36,1,1,572.33
15.77,50.0,21,1.34,0,0,360.65
8.72,119.0,26,2.32,1,0,341.51
14.69,60.0,15,1.15,0,0,364.81
6.68,89.0,16,1.68,0,0,245.44
4.44,38.0,50,2.04,0,0,158.87
9.98,90.0,30,3.69,1,0,394.57
18.74,98.0,6,2.49,1,0,958.04
22.99,97.0,16,1.06,0,1,806.56
11.99,40.0,24,1.72,0,1,359.35
16.43,18.0,46,2.63,0,0,319.36
3.47,109.0,1,2.48,1,0,371.06
22.71,69.0,25,2.38,1,0,646.46
14.65,99.0,9,2.84,0,1,689.94
19.73,49.0,24,1.59,0,0,408.88
20.07,16.0,44,2.94,0,0,392.05
7.16,81.0,47,2.67,0,0,228.2
13.7,68.0,51,2.37,0,0,305.59
24.05,20.0,46,2.2,0,0,433.9
3.15,12.0,5,1.45,0,0,128.06
17.39,13.0,15,2.46,0,0,355.95
24.09,29.0,49,1.69,0,0,434.14
8.21,14.0,45,1.97,0,0,185.79
21.67,43.0,40,1.21,0,0,390.55
23.41,23.0,35,1.59,0,0,401.3
18.93,22.0,28,2.06,0,0,383.33
6.55,70.0,19,1.94,0,0,194.79
9.02,88.0,1,2.49,1,0,621.23
1.86,84.0,23,2.74,1,0,158.02
20.95,62.0,45,2.49,0,0,441.06
21.39,33.0,26,1.92,0,0,412.81
16.19,102.0,35,2.81,1,0,484.8
9.46,114.0,5,3.2,1,1,660.83
2.84,18.0,35,2.68,0,0,114.46
19.07,72.0,24,2.05,0,1,561.63
18.44,95.0,37,3.7,1,0,566.8
22.9,86.0,43,1.71,0,0,471.26
18.53,116.0,9,2.31,1,0,889.9
20.89,80.0,39,2.39,0,1,581.94
18.9,114.0,11,2.15,1,0,804.59
16.14,51.0,8,2.8,0,1,632.92
11.25,10.0,56,1.77,0,0,211.43
22.65,103.0,25,3.2,1,0,721.62
16.62,81.0,33,2.14,0,0,416.3
10.56,24.0,34,1.11,0,0,190.35
3.0,108.0,1,3.22,1,1,341.28
7.98,31.0,33,2.58,0,0,205.54
14.05,29.0,24,2.96,0,0,333.68
7.62,77.0,13,1.83,0,0,287.16
6.31,54.0,57,2.01,0,0,178.59
13.66,128.0,31,3.55,1,0,504.13
5.08,119.0,8,2.34,1,0,384.01
20.21,49.0,59,1.38,0,0,383.22
12.62,55.0,48,1.27,0,0,287.09
14.77,72.0,22,2.96,0,1,503.34
4.54,51.0,43,2.34,1,0,163.22
8.79,91.0,11,3.31,1,0,442.42
10.84,46.0,11,2.7,1,0,392.08
20.4,127.0,1,2.28,1,0,1186.3
19.48,64.0,25,2.83,0,0,494.27
6.35,14.0,58,1.93,0,0,127.7
15.79,56.0,50,2.13,0,1,447.07
6.84,47.0,46,1.44,0,0,178.4
24.72,52.0,14,1.65,0,0,563.87
23.85,109.0,38,3.3,1,0,716.48
14.52,17.0,32,1.69,0,0,306.84
17.77,95.0,41,2.01,0,0,430.41
20.23,,49,1.23,0,0,365.74
18.3,117.0,49,3.5,1,0,570.25
17.8,18.0,25,2.48,0,0,350.81
24.01,22.0,5,2.52,0,0,583.4
15.31,59.0,45,1.36,0,0,342.34
16.27,117.0,1,2.79,1,0,971.14
21.38,44.0,41,1.06,0,0,403.05
17.08,64.0,39,2.43,1,0,470.97
18.59,70.0,56,1.7,0,0,375.94
6.62,70.0,42,3.63,1,0,248.51
9.91,88.0,1,3.79,1,1,664.48
4.54,52.0,29,2.24,0,0,158.75
13.14,54.0,5,2.03,0,0,498.66
11.94,93.0,40,1.88,0,1,383.73
24.93,46.0,36,1.84,1,0,613.57
15.67,83.0,39,2.6,0,0,361.88
19.87,15.0,7,2.34,0,0,430.18
9.02,98.0,48,2.3,0,0,229.1
20.96,89.0,34,3.42,1,0,639.74
15.76,79.0,28,2.86,0,0,396.84
17.73,54.0,27,1.78,0,0,377.96
8.07,63.0,30,1.85,0,0,228.2
14.17,26.0,9,2.95,0,0,376.08
16.22,95.0,38,2.33,0,1,497.16
15.14,126.0,47,3.5,1,1,619.48
22.96,38.0,56,1.44,0,0,409.74
22.56,73.0,18,1.63,0,0,541.46
24.3,80.0,28,1.78,0,0,526.38
17.02,59.0,32,2.43,1,0,495.79
24.33,35.0,37,2.77,0,0,468.08
20.98,68.0,47,2.82,1,0,576.67
7.5,16.0,21,2.91,0,0,209.79
11.26,43.0,37,1.64,0,1,342.28
6.72,44.0,38,1.87,1,0,226.52
1.1,86.0,48,1.28,0,0,85.98
5.51,45.0,9,2.23,1,0,267.81
1.1,72.0,29,3.08,1,0,144.92
18.28,52.0,18,1.36,0,0,420.21
11.21,68.0,5,1.76,0,0,481.41
8.5,42.0,50,2.59,0,0,222.48
19.28,122.0,8,2.05,1,0,975.91
20.98,70.0,42,1.16,0,0,412.79
24.41,27.0,49,2.08,0,0,452.67
16.41,23.0,41,2.4,0,1,469.46
12.08,60.0,6,3.62,1,0,550.59
8.33,48.0,57,2.32,0,0,221.23
6.34,43.0,39,2.89,0,0,177.78
6.11,40.0,36,1.49,0,0,163.52
10.82,120.0,1,2.48,1,0,702.15
24.8,16.0,37,2.68,0,0,489.6
1.02,94.0,22,2.62,0,0,111.78
5.73,80.0,51,2.33,0,1,223.97
5.52,10.0,20,2.01,0,0,142.39
18.21,95.0,29,1.04,0,0,435.94
9.46,31.0,30,1.56,0,0,213.23
11.97,96.0,9,1.32,0,0,481.83
4.57,72.0,20,1.1,0,1,208.21
10.72,,48,2.55,0,1,335.79
3.48,55.0,20,1.26,0,0,130.67
13.79,96.0,5,2.51,1,0,793.11
3.35,54.0,12,2.95,0,0,179.09
19.97,83.0,7,1.82,0,0,733.53
14.6,85.0,57,1.28,0,0,306.06
18.38,89.0,20,2.38,0,0,493.27
11.04,124.0,1,3.42,1,0,730.22
10.16,22.0,32,1.56,0,0,190.6
3.36,77.0,6,2.62,0,0,249.95
13.57,76.0,45,2.34,1,0,392.89
13.35,129.0,29,3.19,1,0,495.79
12.23,53.0,25,2.05,1,0,381.27
18.77,46.0,15,1.86,0,0,435.45
20.98,98.0,45,2.04,0,0,453.76
19.02,53.0,5,3.25,1,0,778.27
4.45,105.0,1,3.1,1,0,433.47
15.93,75.0,34,2.71,0,0,394.74
2.93,72.0,24,2.17,1,0,198.04
17.67,11.0,37,2.32,0,1,474.72
10.16,62.0,16,1.26,0,0,276.85
4.18,98.0,14,1.96,0,0,207.16
21.69,64.0,59,2.05,0,0,414.02
15.74,54.0,48,1.05,0,0,288.41
9.51,46.0,50,1.14,0,0,202.31
1.74,36.0,47,2.68,0,0,99.84
13.9,99.0,8,1.57,0,0,551.95
23.16,61.0,46,1.69,0,0,442.0
15.31,125.0,43,3.08,1,0,484.31
24.32,56.0,37,1.44,0,0,463.91
4.27,97.0,32,2.19,1,0,220.32
14.64,16.0,35,1.84,0,0,262.64
20.16,52.0,25,1.92,1,0,555.49
13.61,57.0,9,2.83,0,0,444.74
3.19,67.0,15,3.68,1,0,224.66
14.99,54.0,22,1.9,0,1,488.82
15.68,65.0,22,1.42,0,0,394.66
18.49,97.0,8,1.94,0,0,725.0
19.27,74.0,44,2.0,1,0,525.52
19.5,94.0,14,2.6,1,0,725.61
16.92,,57,1.15,0,0,307.78
6.18,18.0,24,2.41,0,0,168.45
10.7,42.0,42,2.35,1,1,422.61
19.63,41.0,48,2.84,1,0,559.2
23.88,67.0,32,1.03,0,0,462.51
2.89,61.0,41,2.85,1,0,163.0
13.85,94.0,17,1.01,0,0,391.52
8.5,63.0,29,3.65,1,1,394.67
6.41,117.0,12,2.8,1,0,362.77
13.14,63.0,37,1.2,0,1,389.33
15.55,26.0,41,1.68,0,1,422.43
1.23,67.0,40,1.09,0,0,117.28
19.72,67.0,13,2.06,0,0,533.67
20.68,60.0,20,2.04,1,1,754.13
24.17,116.0,1,2.75,1,0,1391.29
5.34,72.0,29,1.61,0,0,154.67
15.27,102.0,18,3.32,1,0,576.51
11.24,53.0,34,1.96,0,0,253.14
9.04,79.0,36,3.5,1,0,329.04
14.58,114.0,6,3.68,1,0,860.38
19.78,105.0,38,3.74,1,0,617.44
1.55,76.0,19,1.52,0,0,122.61
24.27,88.0,24,2.54,0,0,605.21
20.44,55.0,31,1.88,0,0,408.63
19.03,33.0,33,1.85,0,0,383.85
19.25,81.0,6,2.74,0,0,798.23
10.34,109.0,9,2.09,1,0,539.71
19.04,60.0,39,1.96,0,0,388.56
10.28,86.0,14,2.19,0,0,351.55
22.57,13.0,30,1.13,0,0,373.11
5.25,40.0,38,2.73,0,0,166.04
8.02,74.0,12,1.63,0,0,296.27
14.23,,5,2.31,0,1,546.31
8.66,81.0,19,2.86,0,0,278.78
11.18,49.0,8,2.44,0,0,337.14
12.82,23.0,7,2.77,0,0,322.91
21.55,53.0,49,1.14,0,0,396.62
13.56,73.0,36,2.79,1,0,405.73
9.7,78.0,1,2.93,1,0,654.5
6.95,13.0,23,2.38,0,0,190.36
10.81,97.0,23,1.23,0,1,410.5
13.38,66.0,40,3.11,1,0,408.76
18.91,51.0,45,1.29,0,0,361.59
3.91,20.0,23,1.14,0,1,146.1
6.32,96.0,24,1.94,0,0,214.34
10.11,71.0,43,3.0,1,0,320.36
9.65,89.0,31,3.72,1,1,438.19
10.4,62.0,6,2.4,0,0,425.83
20.04,13.0,29,2.18,0,0,373.38
8.78,28.0,43,1.43,0,0,191.22
13.05,110.0,16,2.1,1,0,536.25
15.97,72.0,28,3.01,1,0,524.34
6.57,87.0,26,1.45,0,0,177.6
18.25,116.0,6,3.21,1,0,1071.67
14.13,79.0,50,1.23,0,0,305.75
11.72,92.0,43,1.68,0,0,277.72
20.43,64.0,50,2.55,0,0,424.29
6.84,18.0,16,2.66,0,0,181.14
22.2,71.0,52,1.69,0,0,439.52
14.47,101.0,40,2.21,1,0,435.17
15.62,57.0,57,2.92,0,0,330.38
22.0,99.0,35,2.52,0,0,531.93
20.62,77.0,57,,0,0,478.11
15.44,57.0,36,1.45,0,1,457.61
19.08,36.0,40,1.85,0,0,372.73
11.4,64.0,18,1.14,0,0,298.65
14.14,53.0,30,1.22,0,0,283.68
2.49,80.0,32,1.44,0,0,124.32
3.16,61.0,5,1.61,0,0,220.19
20.91,66.0,14,2.99,0,0,575.07
2.43,18.0,27,1.84,0,0,94.72
5.07,17.0,39,2.4,0,0,135.03
20.1,65.0,19,2.81,0,1,650.18
1.03,49.0,47,2.29,1,0,114.68
7.78,104.0,39,2.09,1,0,276.5
15.02,111.0,2,2.29,1,1,917.39
15.29,54.0,6,2.76,0,1,645.5
19.65,48.0,24,2.33,0,0,422.4
13.14,85.0,35,2.7,1,0,440.73
13.23,26.0,47,2.64,0,0,271.23
18.41,91.0,33,1.47,0,0,395.34
12.97,106.0,1,2.28,1,0,803.41
15.6,85.0,44,2.13,0,0,344.16
22.55,71.0,45,2.58,0,0,477.52
10.63,107.0,38,2.32,1,0,359.13
10.24,75.0,45,2.22,1,0,303.44
1.09,48.0,9,2.75,1,0,160.06
15.72,44.0,57,1.27,0,0,298.12
1.71,106.0,1,3.3,1,1,277.17
13.1,128.0,36,2.95,1,0,464.98
20.3,91.0,7,2.83,1,1,1068.75
14.2,129.0,22,3.54,1,0,537.7
7.47,37.0,44,2.47,0,1,251.09
19.87,67.0,47,1.3,0,0,373.87
7.47,122.0,31,2.64,1,0,298.86
18.59,33.0,25,1.64,0,0,358.21
15.65,68.0,19,2.6,0,0,414.99
5.08,76.0,27,3.24,1,0,250.16
22.72,47.0,57,1.94,0,0,417.55
5.82,34.0,53,2.65,0,0,163.06
24.75,24.0,16,1.82,0,1,632.8
1.18,,34,2.61,0,0,109.56
7.32,64.0,8,1.06,0,0,284.03
5.8,43.0,33,2.07,1,0,206.07
1.34,35.0,15,2.51,0,0,96.44
18.58,48.0,48,1.23,0,0,322.07
17.64,96.0,21,3.17,1,0,601.51
20.02,56.0,52,2.45,0,0,415.77
7.16,99.0,22,2.32,0,0,244.78
11.66,87.0,8,3.44,1,0,578.87
16.82,58.0,19,2.02,0,0,389.97
11.55,76.0,43,3.59,1,1,483.94
17.74,77.0,28,2.94,1,0,544.93
16.22,101.0,17,2.82,1,0,585.28
3.75,70.0,39,2.02,0,0,132.48
19.75,83.0,9,2.82,0,0,694.8
18.3,17.0,5,1.49,0,0,428.07
16.74,77.0,20,3.19,1,0,598.67
4.72,75.0,4,2.29,1,0,387.03
7.43,124.0,9,1.98,1,0,457.66
10.44,65.0,36,2.91,0,0,265.15
7.72,54.0,46,1.26,0,0,191.33
6.47,,28,2.37,0,0,194.12
20.33,29.0,40,1.85,0,0,393.45
16.32,102.0,39,3.47,1,0,534.48
14.57,64.0,20,2.55,0,0,393.57
6.42,43.0,14,1.29,0,0,174.37
23.03,71.0,28,2.74,1,0,661.19
5.59,85.0,44,1.06,0,0,145.46
20.08,112.0,8,2.66,1,0,985.79
24.2,52.0,9,2.4,0,0,671.81
18.45,118.0,12,2.26,1,0,778.96
24.83,22.0,58,2.62,0,0,462.74
16.63,11.0,12,1.11,0,0,283.96
6.22,70.0,35,1.07,0,0,156.11
5.89,123.0,38,1.85,1,0,216.69
8.79,23.0,22,1.56,0,0,208.97
1.17,51.0,17,1.93,0,0,73.36
17.36,54.0,31,2.01,1,0,472.45
7.45,94.0,15,2.99,0,0,285.71
20.56,49.0,1,3.8,1,0,1179.42
9.62,65.0,20,2.04,0,1,335.54
12.52,62.0,12,2.14,0,0,365.01
24.18,67.0,21,2.85,0,1,740.32
6.81,94.0,42,2.54,0,1,254.18
18.31,90.0,17,1.34,0,0,502.15
19.12,71.0,53,2.58,0,0,385.28
6.3,66.0,39,1.46,0,0,169.8
13.02,72.0,49,1.86,0,0,287.64
9.4,13.0,44,2.07,0,0,202.05
19.53,87.0,12,2.43,0,0,623.42
15.94,91.0,23,1.3,0,0,381.71
12.42,73.0,36,1.95,1,1,470.79
19.7,41.0,19,2.73,0,0,427.45
6.64,87.0,58,2.65,0,0,166.57
19.09,43.0,11,2.05,0,1,603.88
21.77,109.0,44,3.12,1,0,641.14
22.09,49.0,5,2.44,0,0,706.98
19.81,44.0,17,1.95,0,0,451.97
10.79,54.0,43,2.31,1,0,332.19
24.56,60.0,23,1.96,0,0,507.2
10.11,29.0,59,2.9,0,0,253.2
16.33,76.0,1,3.48,1,0,1017.5
4.87,47.0,26,1.93,0,0,151.54
24.53,30.0,12,1.45,0,0,487.82
17.9,,47,2.78,0,0,415.98
19.08,19.0,29,2.28,0,0,367.52
2.58,63.0,30,,0,0,129.26
19.32,18.0,16,1.22,0,0,338.01
19.59,95.0,7,2.5,0,0,820.04
17.12,51.0,25,1.63,0,1,493.9
8.01,55.0,1,3.01,1,0,561.97
12.75,63.0,6,2.94,1,0,604.42
3.65,13.0,31,2.4,0,0,143.15
12.32,53.0,5,2.08,0,0,458.53
6.85,32.0,47,2.26,0,0,171.27
9.38,51.0,7,1.16,0,0,350.38
4.9,125.0,48,3.13,1,0,247.04
6.52,105.0,48,2.19,1,0,277.99
2.84,28.0,56,1.78,0,0,94.7
23.08,29.0,57,2.03,0,0,407.89
13.73,67.0,4,3.17,1,0,708.94
10.52,63.0,7,3.28,1,0,510.18
13.84,11.0,23,2.41,0,0,292.76
16.08,16.0,35,,0,0,281.39
23.13,10.0,17,1.77,0,0,412.49
5.29,50.0,46,2.36,1,0,192.78
8.09,60.0,34,1.8,0,0,205.7
24.42,99.0,8,3.09,1,0,1076.18
9.91,40.0,36,1.39,0,0,209.49
1.54,69.0,36,2.8,1,0,100.36
4.54,86.0,53,2.77,0,1,195.97
1.63,33.0,42,2.46,0,0,129.46
24.76,27.0,41,2.45,0,0,447.38
7.69,67.0,18,2.7,0,0,261.71
23.17,86.0,50,1.8,0,1,621.64
24.9,26.0,41,2.52,0,0,467.22
15.4,55.0,32,1.12,0,0,279.84
1.8,28.0,24,1.11,0,0,103.56
2.96,21.0,29,1.66,0,0,92.19
12.56,99.0,15,1.39,0,0,411.76
10.75,91.0,31,2.04,0,1,392.37
15.55,21.0,33,1.37,0,0,273.32
11.53,59.0,9,,0,0,407.0
23.42,75.0,27,2.7,0,1,710.07
13.83,29.0,55,2.97,0,0,303.98
17.65,15.0,51,2.62,0,0,328.98
22.52,10.0,53,2.9,0,0,416.09
4.52,99.0,21,1.74,0,0,175.59
6.51,16.0,7,2.0,0,0,186.83
3.58,64.0,55,1.48,0,0,106.05
4.35,113.0,1,3.07,1,0,393.26
13.3,24.0,58,2.58,0,0,286.76
8.71,,12,2.0,0,0,219.26
11.16,38.0,59,1.59,0,0,247.74
24.58,121.0,27,2.82,1,0,780.88
4.76,80.0,18,1.13,0,0,170.66
13.98,73.0,36,3.24,1,1,559.19
3.37,117.0,25,2.7,1,0,208.62
8.64,123.0,2,3.6,1,0,639.53
13.66,76.0,1,3.65,1,0,849.46
23.72,51.0,9,1.25,0,0,635.95
10.39,73.0,55,2.99,0,0,246.5
2.56,58.0,33,3.74,1,0,169.38
10.32,62.0,1,3.05,1,0,691.44
4.5,80.0,38,2.65,0,0,163.51
6.52,15.0,51,1.04,0,0,149.37
15.83,94.0,1,3.74,1,0,954.77
2.62,86.0,14,1.91,0,0,164.18
12.15,48.0,42,2.82,0,1,384.09
15.63,,42,1.77,0,0,290.91
11.12,92.0,18,2.58,0,0,350.34
1.46,13.0,12,1.84,0,0,99.34
24.65,127.0,19,2.53,1,0,862.67
9.81,42.0,33,2.89,0,0,261.97
19.69,105.0,44,3.2,1,0,582.68
8.82,41.0,31,3.48,1,0,301.02
12.4,53.0,15,2.89,1,0,442.41
10.32,89.0,25,3.64,1,0,385.45
9.22,20.0,50,2.48,0,1,291.66
1.52,43.0,46,1.14,0,0,68.2
9.64,77.0,18,3.33,1,0,413.33
22.35,48.0,45,1.04,0,0,421.46
17.57,31.0,25,2.66,0,0,380.21
4.49,51.0,57,1.66,0,1,192.85
15.19,66.0,7,2.2,0,0,537.47
22.41,117.0,26,3.3,1,1,910.05
17.8,47.0,10,2.27,0,0,466.31
4.57,48.0,1,3.14,1,0,427.21
21.83,97.0,55,2.79,0,0,463.56
8.24,38.0,19,1.75,0,0,220.03
11.9,78.0,38,,0,1,395.63
13.63,81.0,40,2.15,1,0,411.12
21.41,69.0,50,1.94,0,0,416.24
23.36,78.0,6,2.1,1,0,1029.57
23.31,111.0,12,3.07,1,0,942.74
1.19,69.0,29,1.65,0,0,101.91
23.13,92.0,32,3.52,1,0,676.27
2.31,85.0,6,1.69,0,0,236.27
7.38,17.0,25,1.57,0,0,165.81
13.36,30.0,27,1.98,0,0,277.29
12.52,65.0,37,1.35,0,0,270.69
15.51,57.0,31,1.41,0,0,336.46
12.51,56.0,47,2.57,0,0,280.94
23.43,48.0,23,2.79,1,0,614.95
6.77,87.0,51,1.41,0,0,166.51
7.58,10.0,42,1.06,0,0,175.05
23.1,64.0,21,1.93,0,0,532.1
2.84,40.0,12,2.49,0,0,126.31
15.63,89.0,25,1.7,0,0,404.64
17.36,20.0,27,1.5,0,0,368.67
13.13,105.0,46,2.59,1,1,517.73
17.66,69.0,22,2.92,0,0,440.66
5.15,40.0,48,1.85,0,0,139.38
21.46,,12,1.52,0,0,527.75
4.36,69.0,56,2.14,0,1,206.63
10.62,127.0,18,3.42,1,0,449.27
2.81,101.0,3,1.84,1,0,337.88
14.09,78.0,23,2.92,1,0,439.31
17.07,12.0,15,2.67,0,0,354.62
23.59,67.0,49,1.43,0,0,452.4
18.74,77.0,40,2.84,0,0,432.32
13.99,39.0,12,2.16,0,0,360.85
23.38,76.0,8,2.03,0,0,799.84
12.48,77.0,50,2.93,0,0,278.99
14.47,67.0,28,1.26,0,1,456.14
15.31,86.0,53,2.48,0,0,371.04
10.84,62.0,6,2.64,0,0,457.4
21.12,53.0,6,2.78,1,0,831.7
5.44,19.0,16,1.01,0,0,162.71
14.32,87.0,30,2.05,0,0,374.45
18.33,90.0,23,1.31,0,0,428.14
22.7,31.0,54,2.13,0,0,426.01
22.21,72.0,30,2.48,0,0,458.21
13.21,70.0,28,2.06,0,1,455.18
16.44,55.0,46,2.26,0,0,356.23
10.46,46.0,29,1.21,0,0,241.75
12.24,30.0,45,1.19,0,1,332.52
22.75,128.0,10,3.5,1,0,1089.1
23.34,12.0,5,1.1,0,0,467.31
22.49,28.0,36,1.57,0,0,404.3
4.32,41.0,52,2.88,0,0,166.91
21.4,88.0,28,1.92,0,0,512.06
23.76,33.0,44,2.35,0,0,446.02
9.67,82.0,55,1.44,0,0,228.06
13.45,113.0,28,2.34,1,0,464.92
19.7,57.0,54,2.02,0,0,348.87
14.49,67.0,24,2.28,0,0,366.65
24.84,49.0,27,2.92,0,0,537.85
11.94,16.0,32,2.15,0,0,261.24
18.13,85.0,46,1.99,1,1,665.68
20.02,24.0,22,1.73,0,0,384.41
12.86,94.0,36,1.49,0,1,415.31
21.57,113.0,47,2.31,1,0,605.14
14.11,126.0,40,2.81,1,0,447.52
10.88,14.0,43,1.63,0,0,237.09
3.59,68.0,43,1.58,0,0,130.37
10.44,109.0,22,3.74,1,0,464.03
18.61,61.0,31,2.97,1,0,537.38
23.11,37.0,56,1.52,0,0,371.19
7.04,63.0,30,1.55,0,0,200.12
9.53,28.0,31,2.62,0,0,211.12
4.7,23.0,48,2.77,0,0,151.66
17.58,57.0,31,2.36,0,0,384.29
24.04,16.0,49,1.86,0,0,414.93
16.38,88.0,21,2.53,0,0,447.88
15.81,41.0,19,2.87,0,0,379.93
14.28,31.0,52,1.33,0,0,270.1
3.12,55.0,17,2.72,0,0,145.35
18.51,124.0,16,3.5,1,0,742.74
15.45,122.0,37,2.53,1,0,509.5
16.88,52.0,29,2.38,1,0,455.65
22.57,31.0,58,2.13,0,0,443.43
19.82,19.0,27,1.54,0,0,360.82
19.74,83.0,1,2.09,1,0,1164.78
23.25,63.0,32,3.71,1,0,678.92
24.76,98.0,2,2.78,1,0,1355.34
14.95,71.0,57,1.94,0,1,421.66
3.61,81.0,9,1.25,0,0,186.79
12.02,111.0,33,2.81,1,0,446.22
19.9,94.0,49,3.29,1,0,582.66
1.67,88.0,29,2.3,1,0,151.94
2.37,59.0,58,1.74,0,0,93.75
2.61,28.0,45,1.36,0,0,97.8
18.54,91.0,18,1.71,0,0,534.07
13.03,97.0,1,3.52,1,0,801.15
9.85,87.0,1,2.27,1,0,712.05
3.53,81.0,23,1.06,0,0,144.12
18.57,21.0,14,2.07,0,0,348.82
8.7,95.0,6,2.16,0,0,450.87
7.37,29.0,49,1.66,0,0,164.07
16.66,54.0,18,2.28,0,1,524.5
14.42,65.0,13,1.88,1,0,497.77
9.7,120.0,39,2.48,1,0,342.53
16.4,40.0,11,1.29,0,1,500.04
7.51,91.0,7,1.46,0,0,379.75
20.08,68.0,5,1.77,0,0,794.3
6.5,12.0,56,1.99,0,0,150.15
4.81,57.0,17,1.99,1,0,217.53
19.78,123.0,7,2.0,1,0,1061.59
17.99,30.0,42,2.35,0,0,352.98
5.38,66.0,48,,0,0,161.03
3.79,51.0,14,1.35,0,0,151.29
21.12,71.0,39,1.47,0,0,432.0
19.64,39.0,35,2.44,0,0,423.04
8.85,70.0,37,1.1,0,0,246.15
16.8,75.0,18,2.82,1,0,556.05
3.98,64.0,17,1.72,0,0,175.7
13.17,43.0,28,3.42,1,0,417.82
1.45,24.0,57,2.58,0,0,74.61
10.4,110.0,13,3.18,1,0,513.88
2.8,96.0,14,2.57,1,1,255.21
12.4,72.0,7,2.26,0,1,575.18
11.12,86.0,23,2.28,0,0,317.56
11.67,103.0,41,2.46,1,0,364.02
2.09,26.0,35,2.76,0,0,115.15
9.68,62.0,23,2.97,0,0,231.6
19.16,79.0,36,2.43,1,0,549.57
9.85,79.0,31,2.6,0,0,280.97
18.16,59.0,15,2.0,0,1,610.54
9.87,77.0,51,1.93,0,0,247.87
11.16,24.0,44,1.77,0,0,242.06
14.53,81.0,15,1.58,0,0,416.97
23.82,43.0,21,2.84,0,1,679.41
3.61,69.0,28,3.28,1,0,200.92
1.79,96.0,54,1.88,0,0,93.2
15.59,82.0,13,2.5,0,0,517.02
23.78,,43,2.44,0,0,443.24
24.75,47.0,36,2.33,1,0,628.74
12.62,,27,1.35,0,0,279.86
12.23,109.0,2,3.47,1,1,806.76
16.48,34.0,17,2.62,0,0,393.41
14.34,86.0,38,2.99,0,0,362.51
16.22,,46,1.04,0,0,284.79
21.98,34.0,21,2.08,0,0,440.59
18.91,27.0,52,2.4,0,0,366.41
12.93,112.0,38,2.97,1,0,434.31
12.08,109.0,32,3.22,1,0,410.77
16.35,23.0,19,1.27,0,0,279.06
11.94,15.0,35,1.0,0,0,224.33
11.99,121.0,41,1.99,1,0,391.54
1.39,99.0,52,1.76,0,0,96.22
5.18,45.0,7,1.66,0,0,220.51
12.72,45.0,49,2.75,0,0,291.11
20.74,84.0,54,1.17,0,0,411.77
7.69,27.0,39,1.89,0,0,167.76
13.54,24.0,40,2.92,0,0,275.32
9.28,98.0,9,2.01,0,0,430.9
3.52,55.0,20,2.06,1,0,195.44
24.0,85.0,30,1.58,0,0,534.26
21.51,23.0,56,2.25,0,0,401.25
2.88,56.0,28,1.02,0,1,174.89
18.27,93.0,1,3.74,1,0,1104.94
9.34,67.0,11,2.13,0,1,418.28
24.88,86.0,56,2.41,0,1,682.51
8.26,39.0,32,2.0,0,0,183.18
6.73,55.0,49,2.92,0,0,176.46
14.63,25.0,18,2.18,0,0,311.68
21.04,10.0,43,2.32,0,0,399.51
5.62,50.0,25,2.72,0,1,245.28
18.03,66.0,5,3.52,1,0,853.66
2.47,86.0,16,1.06,0,1,189.82
23.05,101.0,44,2.37,1,1,826.1
2.95,90.0,54,1.49,0,0,125.52
22.94,37.0,38,1.01,0,0,414.99
12.78,59.0,29,3.55,1,0,443.06
11.75,94.0,46,2.43,1,0,368.07
24.36,60.0,11,1.69,0,0,645.54
24.77,78.0,57,1.2,0,0,456.16
16.6,127.0,17,3.78,1,1,801.14
4.05,82.0,5,2.65,0,1,347.01
13.15,43.0,24,2.14,0,0,323.48
13.7,36.0,36,2.54,0,0,275.64
13.35,47.0,38,2.55,0,0,308.78
14.67,38.0,58,2.31,0,0,298.2
1.45,74.0,44,2.15,1,0,126.85
18.07,29.0,24,2.44,0,0,383.87
18.1,58.0,8,2.94,1,0,684.56
3.77,14.0,9,2.45,0,0,133.56
14.69,34.0,28,2.09,0,0,323.15
14.64,35.0,25,2.91,0,0,339.31
17.38,90.0,6,3.05,1,1,990.74
3.05,75.0,6,2.15,0,0,239.44
16.04,70.0,14,2.69,0,0,456.7
7.74,54.0,7,2.56,1,0,407.87
13.17,84.0,25,2.43,1,1,535.04
19.56,15.0,50,2.01,0,0,332.54
17.94,97.0,18,2.97,1,0,622.83
3.85,40.0,20,2.24,1,0,208.79
15.19,82.0,37,2.36,0,0,348.88
24.26,52.0,45,2.6,0,0,497.51
4.76,25.0,28,2.15,0,0,160.11
21.47,23.0,5,2.05,0,0,532.06
17.86,113.0,3,2.39,1,0,1064.11
19.58,28.0,35,2.82,0,0,414.76
7.77,90.0,18,3.31,1,0,357.41
7.91,47.0,37,2.76,1,0,282.43
22.74,57.0,30,2.32,0,0,484.71
9.64,51.0,33,2.47,1,0,306.03
2.51,109.0,48,1.92,1,0,149.92
15.41,44.0,57,1.41,0,0,265.36
4.0,109.0,16,1.96,1,0,254.76
20.12,45.0,27,2.82,1,0,561.17
16.4,20.0,36,2.24,0,0,307.53
21.99,77.0,27,2.56,1,0,670.8
19.84,35.0,13,2.06,0,1,568.84
3.69,37.0,19,1.17,0,0,117.03
10.15,111.0,16,3.34,1,0,479.25
19.59,128.0,10,1.87,1,0,924.29
11.02,122.0,29,3.07,1,0,418.8
24.34,,29,1.87,0,0,563.22
18.66,59.0,39,1.37,0,0,388.46
1.37,67.0,29,2.05,0,0,118.82
22.12,35.0,50,2.56,0,0,435.43
3.42,53.0,41,1.83,0,0,111.46
4.37,54.0,43,2.54,1,0,178.71
18.63,85.0,57,1.28,0,0,350.9
21.76,33.0,14,2.19,0,0,462.51
13.87,86.0,20,2.66,0,0,408.31
7.94,68.0,22,2.12,0,0,247.22
9.43,66.0,49,1.33,0,0,200.8
9.23,26.0,54,2.32,0,0,194.69
8.84,86.0,33,1.06,0,0,214.75
6.83,90.0,21,2.68,0,0,238.91
15.61,10.0,8,2.84,0,1,440.89
22.61,20.0,8,2.19,0,0,493.82
8.37,29.0,57,2.76,0,0,192.59
5.48,40.0,19,1.17,0,0,156.34
21.13,78.0,1,2.26,1,0,1218.9
18.8,72.0,17,1.63,0,0,476.74
23.34,45.0,44,3.35,1,0,602.49
4.97,67.0,47,2.77,1,0,197.92
4.46,60.0,10,1.7,0,0,161.62
13.99,62.0,9,1.32,0,1,540.01
15.75,83.0,49,3.42,1,0,475.4
12.52,74.0,37,1.04,0,1,373.94
15.38,89.0,10,1.67,0,0,529.84
5.33,21.0,38,1.49,0,0,129.64
12.51,37.0,9,1.26,0,1,442.63
16.79,118.0,42,2.14,1,1,612.82
11.38,111.0,30,2.79,1,0,436.51
17.31,77.0,17,1.85,0,0,446.2
11.83,39.0,32,2.04,0,1,356.27
9.01,44.0,11,2.46,0,0,275.58
8.29,45.0,3,3.58,1,1,558.65
10.86,94.0,30,1.24,0,0,285.23
1.55,69.0,27,1.97,1,0,119.03
17.04,89.0,59,1.64,0,0,339.63
21.28,102.0,17,2.89,1,0,779.52
9.51,17.0,41,1.2,0,0,209.15
2.1,72.0,20,3.23,1,0,166.73
24.68,52.0,56,2.11,0,0,475.47
7.33,115.0,5,3.3,1,1,548.99
4.04,52.0,53,1.72,0,0,127.54
9.87,54.0,17,1.8,0,0,244.99
18.73,96.0,56,2.62,0,0,403.53
8.05,63.0,31,1.53,0,0,227.17
14.79,74.0,6,1.76,0,0,602.36
10.97,16.0,20,1.03,0,0,201.16
3.83,45.0,55,2.11,0,0,97.43
8.93,34.0,33,2.7,0,0,220.95
18.4,94.0,24,1.06,0,0,419.66
15.69,46.0,36,2.23,0,0,331.91
3.87,21.0,27,2.69,0,0,149.11
4.92,41.0,13,1.99,0,0,168.12
16.38,58.0,36,1.63,0,0,308.57
20.52,47.0,8,2.99,0,0,615.22
9.39,95.0,44,1.93,1,0,325.3
15.29,89.0,46,1.42,0,0,319.25
5.1,74.0,51,2.77,0,0,158.38
8.47,35.0,49,1.59,0,0,201.51
1.49,96.0,42,3.44,1,0,139.46
19.44,23.0,14,1.67,0,0,407.06
10.62,95.0,1,3.42,1,1,696.74
20.59,79.0,52,2.37,0,0,445.26
18.0,50.0,15,1.94,0,0,421.42
20.89,60.0,6,,0,0,717.34
7.86,93.0,32,1.36,0,0,229.96
5.44,76.0,16,1.23,0,0,233.34
24.33,21.0,44,2.43,0,0,434.72
18.22,88.0,15,3.5,1,0,691.97
21.02,10.0,49,2.44,0,0,358.98
1.32,28.0,38,2.83,0,0,97.12
9.51,105.0,28,3.58,1,0,387.42
18.83,97.0,30,3.36,1,0,613.99
2.87,96.0,54,2.8,0,0,145.01
14.62,111.0,48,2.13,1,0,440.6
11.3,13.0,7,2.46,0,0,259.98
1.42,17.0,43,2.51,0,0,78.46
6.66,36.0,10,1.31,0,0,209.71
7.84,35.0,5,2.82,0,0,272.07
3.68,52.0,45,1.02,0,0,105.49
16.16,49.0,16,1.87,0,0,408.41
6.82,59.0,43,1.04,0,0,171.48
7.66,76.0,5,2.05,0,0,362.98
22.56,112.0,14,2.62,1,0,871.83
12.21,83.0,40,2.25,0,0,288.66
10.41,38.0,42,2.53,0,0,263.82
18.37,124.0,42,3.34,1,0,572.21
22.83,81.0,41,3.24,1,0,661.26
1.6,57.0,1,2.0,1,0,266.47
11.76,90.0,54,1.83,0,0,268.62
15.66,,55,2.63,0,0,311.61
8.65,76.0,49,2.31,0,0,206.35
19.54,71.0,24,2.36,0,0,470.81
24.32,36.0,50,1.45,0,0,418.75
23.64,56.0,50,1.65,0,0,435.92
7.38,65.0,2,3.71,1,1,551.12
6.43,18.0,15,2.69,0,0,197.38
23.98,21.0,48,1.33,0,0,413.83
12.01,25.0,5,2.09,0,0,362.77
6.0,86.0,24,2.78,1,0,274.58
17.97,65.0,45,1.89,0,0,373.28
7.83,,56,1.94,0,1,253.21
7.41,90.0,8,3.09,1,0,412.02
22.1,66.0,14,3.73,1,0,728.22
4.9,112.0,40,3.55,1,0,204.0
2.55,105.0,24,3.55,1,0,211.19
7.46,71.0,49,2.41,0,0,196.11
15.57,110.0,6,1.84,1,0,880.75
3.95,17.0,16,1.88,0,0,129.06
12.32,47.0,56,2.02,0,0,249.16
16.06,15.0,43,2.68,0,0,304.42
21.37,68.0,6,2.85,0,0,791.4
6.52,28.0,27,1.9,0,0,191.93
20.62,88.0,15,1.6,0,0,631.27
6.64,65.0,52,1.67,0,0,167.36
17.24,37.0,17,2.16,0,1,532.24
11.34,19.0,22,1.55,0,0,233.69
3.75,54.0,23,2.82,0,0,156.94
18.14,74.0,31,1.84,0,1,544.6
6.23,59.0,15,2.98,0,1,278.84
5.24,41.0,57,1.22,0,0,139.6
9.6,70.0,34,1.38,0,0,251.63
16.68,25.0,5,2.02,0,0,439.47
6.62,45.0,7,3.54,1,0,309.39
5.41,75.0,12,1.71,0,0,222.12
1.24,71.0,26,2.67,0,0,139.29
12.32,75.0,24,1.85,0,0,302.52
11.29,106.0,8,3.51,1,0,611.67
6.61,28.0,18,1.55,0,0,178.72
2.29,13.0,20,1.94,0,0,103.47
11.3,82.0,13,2.36,1,0,469.86
19.92,27.0,43,1.43,0,0,339.24
18.17,91.0,33,1.84,0,0,415.14
21.66,55.0,42,1.67,0,0,422.33
1.23,85.0,3,3.37,1,0,220.63
24.19,124.0,44,3.3,1,0,707.22
9.19,,10,1.72,0,0,266.21
24.77,39.0,30,2.98,0,0,499.75
7.06,73.0,53,2.95,0,0,227.67
12.32,50.0,40,2.84,0,0,306.74
9.49,26.0,24,2.17,0,1,307.85
9.54,14.0,45,1.82,0,0,209.93
21.21,14.0,29,1.63,0,0,374.81
18.91,112.0,2,1.83,1,0,1115.58
24.81,84.0,51,2.26,0,1,683.28
15.72,57.0,44,2.11,0,0,342.89
12.12,117.0,21,3.06,1,0,460.37
3.16,47.0,25,2.15,0,0,128.06
24.92,45.0,5,2.08,1,0,890.65
14.24,67.0,23,2.39,0,0,378.47
17.81,53.0,7,2.52,1,0,660.68
10.76,111.0,41,2.83,1,1,463.11
14.15,68.0,9,1.73,0,1,556.64
23.62,74.0,30,1.04,0,0,480.43
4.99,98.0,11,2.75,0,0,263.66
8.02,22.0,17,1.3,0,0,191.95
4.65,36.0,52,2.16,0,0,181.86
20.01,34.0,28,2.77,0,1,557.02
2.49,95.0,42,2.24,1,0,169.54
2.96,107.0,18,2.62,1,0,208.99
8.16,98.0,28,,1,0,311.0
13.34,58.0,43,1.18,0,0,288.38
10.75,27.0,8,1.85,0,0,271.2
2.08,120.0,14,2.76,1,0,210.87
23.98,84.0,17,1.05,0,0,610.22
23.87,85.0,59,1.98,0,0,475.21
7.7,12.0,57,1.19,0,0,147.28
18.56,88.0,34,2.78,0,1,566.51
14.89,66.0,41,2.3,0,0,333.61
6.7,15.0,27,1.11,0,0,154.31
7.29,78.0,48,2.65,0,0,203.69
12.79,40.0,17,1.72,0,0,302.46
11.06,47.0,35,2.25,1,0,348.45
7.99,19.0,52,1.51,0,0,173.05
20.38,12.0,42,2.2,0,0,375.07
12.56,21.0,59,1.16,0,0,210.42
16.72,85.0,49,1.12,0,0,334.1
5.54,28.0,18,2.26,0,0,165.93
13.8,30.0,40,2.96,0,0,292.5
8.63,90.0,45,1.97,0,1,329.84
13.63,23.0,9,,0,0,317.37
19.74,84.0,15,2.89,0,0,600.97
19.45,68.0,10,2.28,1,0,724.49
9.5,16.0,16,1.48,0,0,216.87
17.66,58.0,21,2.81,0,0,443.94
23.59,104.0,25,3.09,1,0,739.48
16.02,16.0,12,1.11,0,0,309.28
4.56,23.0,16,2.35,0,0,142.86
17.31,25.0,12,2.64,0,0,390.54
3.52,25.0,17,1.55,0,0,150.2
21.93,94.0,59,1.77,0,1,594.81
13.4,22.0,27,1.4,0,1,373.53
10.24,91.0,9,2.27,0,0,437.99
2.37,68.0,2,3.13,1,1,289.9
10.14,94.0,7,1.14,0,0,456.08
22.68,82.0,47,2.36,0,0,473.26
1.5,70.0,9,2.32,0,0,129.72
12.39,46.0,52,1.07,0,0,237.12
23.35,,46,2.11,0,0,404.54
10.48,,36,3.03,1,1,433.0
11.28,68.0,29,1.86,0,0,285.26
14.89,127.0,26,3.6,1,0,556.68
12.11,56.0,20,1.66,0,0,294.56
5.05,15.0,15,1.13,0,0,120.07
1.45,,28,2.34,0,0,87.25
15.64,40.0,45,2.21,0,0,319.49
23.1,27.0,28,2.98,0,0,488.3
3.55,18.0,58,1.46,0,0,116.22
6.06,12.0,43,1.79,0,1,228.35
9.89,80.0,50,1.92,0,1,291.23
20.41,65.0,40,3.52,1,0,592.03
7.46,,26,1.83,0,0,161.63
22.17,43.0,22,2.54,0,0,471.33
2.32,,21,1.31,0,1,138.31
23.58,42.0,5,1.82,0,0,687.27
14.46,108.0,6,2.11,1,0,794.36
16.81,45.0,27,2.9,0,0,392.47
9.82,118.0,2,2.16,1,1,669.44
19.77,113.0,27,2.64,1,0,658.69
5.0,77.0,16,1.16,0,1,260.94
2.17,56.0,21,2.84,0,0,137.98
10.49,100.0,24,3.05,1,0,410.94
21.49,84.0,33,3.72,1,0,638.22
19.12,97.0,47,1.08,0,0,410.77
13.41,123.0,7,2.15,1,0,779.91
14.73,87.0,15,2.56,1,0,565.47
4.12,50.0,13,2.24,0,1,239.34
21.18,77.0,49,2.46,1,0,571.43
19.89,77.0,32,2.42,0,0,465.2
16.76,84.0,11,1.33,0,0,509.34
12.19,20.0,22,2.2,0,1,366.93
24.15,25.0,54,1.8,0,0,430.57
22.1,104.0,36,2.82,1,1,805.05
16.47,80.0,37,2.14,0,1,506.45
9.92,76.0,50,1.12,0,1,316.62
15.83,110.0,17,3.65,1,1,754.41
14.81,10.0,57,2.57,0,1,422.49
10.46,80.0,5,1.88,0,0,494.62
8.36,13.0,59,2.09,0,1,277.63
10.77,91.0,43,1.07,0,0,242.98
14.77,76.0,13,2.8,1,0,541.92
11.28,23.0,23,1.85,0,1,354.11
7.33,88.0,8,1.75,0,0,347.88
19.26,34.0,11,2.63,0,0,480.19
13.76,91.0,33,1.36,0,0,320.83
2.62,13.0,52,1.35,0,0,89.56
9.84,75.0,43,2.04,0,1,306.14
22.24,52.0,15,2.37,0,0,535.45
19.13,35.0,33,1.04,0,0,337.48
8.76,93.0,12,2.09,0,0,355.6
23.52,24.0,49,1.6,0,0,417.03
2.84,15.0,13,2.51,0,0,94.46
24.07,76.0,1,2.74,1,0,1350.92
6.9,52.0,35,2.67,0,0,212.8
1.22,51.0,14,1.79,0,0,89.47
11.41,52.0,37,3.45,1,0,349.0
9.62,55.0,18,3.23,1,0,359.18
13.94,51.0,21,2.66,0,1,450.01
20.12,47.0,51,2.62,0,0,415.11
21.22,75.0,15,,0,1,729.51
10.63,104.0,28,2.54,1,0,417.06
11.32,14.0,28,2.53,0,0,227.49
4.56,69.0,2,2.52,1,0,452.43
2.14,,48,1.18,0,0,120.49
16.39,41.0,43,2.72,0,0,350.03
2.55,106.0,18,2.59,1,0,218.21
18.61,106.0,1,2.07,1,0,1082.79
13.94,81.0,2,3.09,1,0,871.92
5.77,44.0,25,3.58,1,0,225.07
13.95,125.0,41,3.52,1,1,611.94
5.39,68.0,48,2.11,0,0,161.62
11.53,32.0,39,1.18,0,0,260.37
20.19,17.0,8,2.39,0,1,574.61
12.09,77.0,16,2.22,0,0,355.29
4.57,79.0,59,1.42,0,0,152.33
18.37,28.0,43,2.8,0,1,483.35
5.48,53.0,20,1.17,0,0,159.22
18.73,47.0,26,1.75,0,0,397.64
12.5,83.0,11,1.99,1,0,490.48
11.89,15.0,29,2.82,0,0,256.85
21.43,12.0,55,1.07,0,0,350.16
18.01,89.0,19,1.85,0,0,472.78
1.79,42.0,24,2.72,0,0,126.16
8.11,75.0,35,1.5,0,0,209.19
21.9,67.0,54,1.21,0,0,420.24
1.44,35.0,9,1.25,0,0,116.79
14.09,67.0,24,2.61,1,0,467.78
18.47,82.0,48,2.66,1,0,522.48
15.92,84.0,58,2.44,0,0,318.75
19.25,97.0,31,1.48,0,1,617.32
18.42,25.0,50,2.4,0,0,361.94
17.61,128.0,8,3.8,1,0,972.39
20.72,32.0,50,2.73,0,0,412.36
16.5,68.0,21,2.27,0,0,396.01
10.66,44.0,34,2.88,0,0,286.08
12.33,98.0,50,2.98,0,0,317.68
18.2,50.0,8,2.14,0,0,538.21
22.03,31.0,46,1.55,0,0,397.97
7.53,113.0,1,3.63,1,0,555.68
9.21,10.0,7,2.69,0,0,233.54
23.34,55.0,11,1.17,0,0,570.26
14.88,61.0,46,3.67,1,0,445.57
5.3,71.0,33,2.53,1,0,205.89
16.93,96.0,39,1.64,0,1,517.58
24.78,39.0,17,1.69,0,0,496.82
20.76,96.0,40,1.64,0,0,461.12
18.9,52.0,55,2.03,0,0,374.52
5.99,21.0,40,2.16,0,0,152.72
22.03,122.0,41,2.65,1,0,660.54
13.62,80.0,32,1.83,0,0,342.07
22.34,36.0,56,2.47,0,0,419.93
8.92,35.0,36,1.01,0,0,192.62
2.49,27.0,48,2.89,0,1,147.31
12.42,84.0,18,2.43,0,0,373.38
7.48,75.0,40,2.41,0,0,233.87
18.17,90.0,39,1.84,0,0,421.26
23.97,70.0,42,2.93,0,0,537.71
17.58,55.0,51,1.0,0,0,319.82
22.29,38.0,9,1.15,0,0,529.22
11.87,41.0,10,2.61,0,0,377.76
19.52,24.0,16,2.48,0,0,410.51
21.23,69.0,43,1.54,0,1,574.46
18.06,121.0,46,2.99,1,0,535.93
13.19,67.0,37,2.86,1,0,427.14
16.02,66.0,43,2.85,1,1,600.02
17.81,50.0,16,2.19,0,0,429.34
7.07,56.0,12,2.99,0,0,274.57
20.43,42.0,49,2.97,0,0,417.18
23.81,83.0,12,3.76,1,0,930.87
12.17,89.0,45,2.9,1,0,360.12
17.83,49.0,12,2.44,1,0,546.78
18.69,33.0,14,2.12,0,0,453.72
16.89,73.0,1,3.05,1,0,1013.36
14.13,59.0,1,2.42,1,0,877.39
22.16,34.0,49,2.27,0,0,387.86
11.77,64.0,27,2.24,0,0,280.28
2.47,99.0,29,2.81,0,0,120.92
21.27,52.0,11,1.48,0,0,502.64
17.18,62.0,47,2.4,0,0,355.16
21.38,124.0,39,2.7,1,0,646.54
4.33,89.0,1,2.06,1,0,435.98
1.74,94.0,25,,1,0,169.52
23.42,22.0,23,1.11,0,0,424.52
4.55,58.0,55,1.64,0,0,136.94
20.43,19.0,40,1.14,0,0,332.69
20.76,20.0,48,2.85,0,0,384.1
18.01,87.0,54,1.2,0,0,355.49
4.15,123.0,29,3.43,1,0,227.87
17.02,29.0,47,2.81,0,0,322.81
22.34,81.0,13,1.94,0,0,627.6
11.21,88.0,28,1.11,0,1,368.5
10.92,122.0,12,2.99,1,0,530.31
11.63,57.0,48,1.47,0,0,243.43
2.97,85.0,13,1.35,0,1,220.6
22.41,56.0,47,2.93,1,1,747.69
21.86,42.0,42,1.71,0,0,402.43
24.95,29.0,38,2.46,0,0,469.83
15.04,55.0,37,2.18,0,1,423.54
19.03,40.0,8,2.66,0,0,515.43
5.86,60.0,24,1.12,0,0,158.45
17.02,122.0,17,2.27,1,0,668.78
16.59,28.0,54,2.13,0,1,426.43
22.63,,40,2.76,0,0,514.34
20.94,53.0,30,2.63,0,0,422.29
23.52,86.0,47,2.36,0,0,506.15
21.85,47.0,5,2.15,0,0,688.05
21.85,58.0,43,2.26,0,0,456.94
2.53,74.0,47,1.43,0,0,102.58
21.3,20.0,36,2.19,0,0,365.6
15.58,36.0,52,1.99,0,0,288.77
10.13,,55,1.77,0,1,312.05
2.36,73.0,32,2.78,0,1,143.55
17.26,74.0,28,2.66,0,1,551.87
8.88,54.0,7,1.95,1,1,483.1
12.23,91.0,37,2.97,0,0,312.64
17.36,128.0,6,2.26,1,0,1040.55
22.88,10.0,37,1.43,0,0,386.9
20.81,58.0,8,3.69,1,0,800.32
11.81,65.0,17,1.89,0,0,316.57
10.31,103.0,42,3.41,1,0,370.8
6.75,43.0,41,1.58,0,0,180.7
9.94,103.0,21,3.55,1,0,417.75
3.67,49.0,1,3.46,1,1,388.86
24.31,85.0,8,,0,0,846.01
14.77,99.0,34,3.21,1,0,476.41
4.07,48.0,51,2.93,0,0,146.99
9.47,75.0,20,1.9,0,0,259.3
14.13,41.0,43,1.99,0,0,286.56
13.79,60.0,44,,0,0,340.99
1.85,35.0,22,1.77,0,0,90.5
23.82,96.0,10,3.72,1,0,985.57
7.61,123.0,41,1.88,1,0,275.66
1.39,99.0,25,2.61,1,0,126.12
2.83,64.0,30,2.43,0,0,119.42
14.92,15.0,27,1.86,0,0,283.45
4.31,16.0,56,1.52,0,1,173.14
2.0,75.0,52,1.83,0,1,142.79
10.11,90.0,52,2.76,0,0,271.86
15.95,35.0,6,2.09,0,1,559.47
3.68,121.0,32,2.47,1,0,238.23
8.52,87.0,15,2.34,0,0,287.58
11.03,14.0,9,2.22,0,0,252.63
4.83,96.0,51,2.12,0,0,166.71
13.15,10.0,18,1.78,0,0,252.41
3.05,93.0,20,1.14,0,1,193.4
2.12,11.0,52,2.24,0,0,86.18
13.48,74.0,45,1.84,0,0,305.65
6.95,49.0,45,2.66,1,0,246.79
3.29,59.0,41,1.47,0,0,143.41
11.17,90.0,15,2.3,1,0,433.66
22.96,78.0,12,2.57,0,0,675.32
18.38,50.0,18,1.96,0,0,426.3
20.57,97.0,3,2.02,1,0,1161.97
21.93,86.0,16,1.09,0,0,592.39
24.34,77.0,19,1.45,0,1,776.94
19.32,33.0,29,1.97,0,0,379.93
15.6,95.0,15,3.03,1,0,602.67
9.77,45.0,50,1.29,0,0,223.95
5.36,11.0,38,1.87,0,0,141.24
17.48,,30,1.15,0,0,366.3
24.88,90.0,58,1.08,0,0,463.93
12.22,51.0,1,3.53,1,0,808.74
18.37,51.0,19,3.12,1,0,581.19
12.88,94.0,44,2.56,0,0,289.05
11.37,81.0,36,1.36,0,0,308.1
10.85,61.0,23,2.44,1,0,368.49
13.11,83.0,26,1.89,0,1,450.84
9.81,123.0,28,3.12,1,0,385.71
18.97,71.0,23,2.07,0,0,482.12
21.98,73.0,54,2.1,0,0,427.88
22.19,67.0,1,2.11,1,0,1234.32
6.46,98.0,24,1.95,0,0,230.41
22.5,67.0,10,,1,0,800.82
9.2,13.0,37,2.02,0,1,285.39
8.42,54.0,13,1.4,0,0,268.6
18.44,129.0,16,2.63,1,0,743.88
8.31,22.0,38,2.51,0,0,196.49
2.27,122.0,41,2.07,1,0,139.73
9.97,119.0,13,2.96,1,0,482.53
18.32,43.0,35,3.73,1,0,508.12
8.85,100.0,35,2.56,1,1,432.37
16.11,93.0,41,1.09,0,0,354.39
16.84,35.0,8,2.27,0,0,414.18
18.61,45.0,1,1.89,1,0,1077.22
22.53,86.0,16,1.38,0,0,600.51
11.38,65.0,37,1.1,0,0,253.21
4.99,90.0,55,1.34,0,0,158.34
8.65,36.0,13,2.71,0,0,255.42
11.37,74.0,38,3.27,1,0,386.2
18.13,91.0,33,1.68,0,0,437.54
1.31,67.0,34,2.79,0,0,103.34
8.58,93.0,33,2.33,0,0,260.2
19.72,102.0,39,2.7,1,0,571.52
17.1,72.0,46,1.94,1,1,592.21
18.56,92.0,21,2.46,0,0,509.57
20.48,120.0,29,2.55,1,1,810.87
19.8,42.0,17,1.61,0,0,444.32
17.37,78.0,50,1.58,0,0,336.25
11.55,79.0,30,1.82,1,0,393.51
24.61,56.0,8,2.49,0,0,732.63
14.66,54.0,5,1.29,0,0,505.43
5.87,36.0,42,2.04,0,0,174.67
8.03,16.0,47,1.03,0,1,235.56
17.65,67.0,31,2.26,0,1,526.36
23.19,23.0,32,1.74,0,0,433.48
5.29,13.0,29,2.26,0,1,199.08
2.98,91.0,28,1.18,0,0,118.59
22.16,43.0,6,1.53,0,0,627.05
22.97,89.0,27,1.22,0,0,502.19
7.63,77.0,45,3.09,1,0,297.88
10.05,29.0,26,,0,0,208.73
16.84,85.0,12,3.03,1,0,645.28
8.92,28.0,56,1.27,0,0,187.78
22.05,40.0,48,3.69,1,0,591.87
3.58,32.0,20,1.83,0,0,96.29
1.91,101.0,26,2.05,1,0,148.07
6.0,82.0,7,1.08,0,0,277.85
7.87,37.0,5,1.66,0,0,268.55
3.71,93.0,38,2.78,0,1,195.87
2.58,89.0,49,1.29,0,0,115.02
19.13,116.0,20,3.38,1,1,849.57
4.94,72.0,40,2.63,1,0,218.57
22.93,12.0,44,2.61,0,0,424.49
9.83,118.0,40,3.55,1,0,343.5
17.09,25.0,10,3.0,0,0,425.08
6.41,69.0,38,1.94,1,0,234.06
6.77,64.0,30,3.39,1,0,262.38
14.79,87.0,13,1.14,0,0,474.28
14.46,10.0,11,1.63,0,0,275.14
19.45,42.0,35,2.29,0,0,379.3
19.19,46.0,37,1.89,0,0,362.18
17.1,68.0,48,2.93,1,0,490.0
11.78,46.0,8,2.93,0,0,336.67
22.38,100.0,1,3.44,1,0,1269.26
15.94,,15,1.73,0,0,326.03
24.76,10.0,44,2.2,0,1,604.03
20.66,72.0,17,1.1,0,0,520.5
2.06,127.0,3,,1,1,296.7
8.69,74.0,55,2.22,0,0,203.33
14.73,85.0,12,3.23,1,1,684.63
18.32,,30,2.8,0,0,409.19
14.21,19.0,27,1.57,0,1,381.64
19.87,91.0,27,2.8,0,0,476.74
7.78,124.0,45,3.12,1,0,283.7
5.41,19.0,9,1.16,0,0,134.19
2.29,71.0,14,1.76,0,0,131.53
14.76,95.0,51,1.95,0,0,318.22
17.53,60.0,44,1.7,0,0,359.27
8.83,54.0,23,1.23,0,0,212.98
15.73,112.0,2,2.9,1,0,967.08
2.25,82.0,19,1.26,0,0,131.36
3.38,84.0,13,3.63,1,1,268.78
17.84,94.0,8,2.73,0,0,689.19
9.83,67.0,39,1.95,0,0,232.42
17.11,75.0,41,1.14,0,0,357.64
20.96,33.0,16,2.1,0,1,584.51
21.46,114.0,25,2.98,1,0,724.72
5.13,104.0,10,3.58,1,1,404.32
12.67,64.0,44,1.14,0,0,297.06
18.61,90.0,15,3.18,1,0,708.55
19.58,81.0,59,2.13,0,0,390.25
19.83,112.0,14,2.15,1,0,745.05
6.48,30.0,54,1.24,0,1,219.11
5.62,56.0,26,2.39,0,0,182.87
15.16,31.0,48,1.68,0,1,414.36
18.79,38.0,9,3.0,0,0,499.97
8.66,79.0,2,3.59,1,0,609.41
3.51,12.0,12,2.13,0,0,139.69
18.2,58.0,37,2.28,0,0,401.26
8.19,34.0,31,1.32,0,0,187.9
4.99,91.0,34,2.79,0,0,202.21
4.55,20.0,32,1.92,0,1,179.34
8.56,98.0,44,2.04,0,0,253.18
15.22,84.0,55,2.75,0,0,336.01
9.6,97.0,22,1.01,0,0,268.18
1.5,57.0,56,1.99,0,0,95.86
3.33,41.0,14,2.25,0,0,158.15
7.97,42.0,34,2.12,1,0,248.62
16.83,84.0,7,1.94,1,0,728.73
3.36,128.0,31,2.87,1,0,209.67
14.46,59.0,37,2.9,1,0,404.45
3.88,59.0,49,2.46,1,0,174.08
6.08,60.0,44,2.76,0,0,147.0
5.13,90.0,55,1.6,0,0,159.74
2.61,59.0,17,2.83,1,1,220.91
17.11,91.0,59,1.37,0,1,503.8
12.12,23.0,23,1.02,0,0,245.97
20.95,89.0,58,1.85,0,0,427.55
3.37,71.0,17,2.85,1,0,196.0
4.47,111.0,35,3.33,1,0,239.09
8.35,51.0,20,1.9,0,0,220.01
19.38,119.0,6,2.36,1,0,1073.8
8.34,78.0,30,3.01,1,0,309.15
10.8,47.0,8,1.76,0,1,409.94
8.24,103.0,6,2.27,1,0,540.63
2.93,43.0,21,3.62,1,0,156.43
23.55,,18,2.07,0,0,579.54
14.16,70.0,20,1.4,0,0,356.14
19.91,87.0,57,2.34,0,0,434.45
16.8,14.0,33,2.61,0,0,356.67
13.34,105.0,6,3.32,1,0,817.37
3.15,54.0,57,2.2,0,0,141.98
16.43,59.0,19,2.04,0,0,371.65
4.73,127.0,1,3.35,1,0,426.06
10.95,42.0,22,3.22,1,0,386.35
16.1,32.0,12,,0,1,470.35
19.77,50.0,26,3.12,1,0,587.65
17.44,47.0,29,1.34,0,1,468.04
17.12,65.0,39,1.04,0,0,343.25
4.58,74.0,6,3.66,1,1,418.6
9.31,104.0,1,3.67,1,1,621.54
2.03,45.0,25,3.38,1,0,165.58
18.27,79.0,13,1.74,0,0,522.99
23.86,49.0,56,1.3,0,0,415.55
7.34,129.0,19,2.51,1,0,372.67
3.1,44.0,58,2.45,0,0,117.72
12.41,22.0,24,1.67,0,0,263.16
21.56,64.0,32,3.39,1,0,621.73
14.25,95.0,19,2.35,0,0,430.42
2.12,90.0,58,2.26,0,0,120.68
24.38,87.0,40,2.86,0,0,514.68
20.89,106.0,20,3.59,1,0,786.02
4.16,107.0,31,3.22,1,0,239.14
23.12,56.0,53,1.4,0,0,411.49
11.82,64.0,45,2.88,0,0,281.26
9.93,52.0,15,1.45,0,1,364.86
12.07,41.0,21,2.55,1,0,390.55
21.03,54.0,43,2.65,0,1,579.57
16.83,87.0,15,2.22,1,1,715.52
2.42,71.0,57,2.28,0,0,102.17
23.98,47.0,10,1.92,0,1,758.55
4.55,86.0,5,3.05,1,0,355.62
18.89,13.0,50,2.92,0,0,338.6
16.27,99.0,25,3.42,1,1,681.92
5.5,58.0,15,1.59,0,1,263.78
5.1,85.0,55,1.11,0,0,152.91
21.89,43.0,49,2.93,0,0,443.93
11.07,53.0,12,2.17,0,0,359.72
16.71,94.0,23,1.35,0,0,448.15
13.1,95.0,26,3.05,1,0,494.03
18.46,51.0,30,1.08,0,0,373.23
12.5,89.0,40,2.18,1,1,472.99
7.9,78.0,41,2.27,0,0,213.47
9.72,42.0,47,1.8,0,0,259.43
21.62,76.0,57,1.65,0,0,405.0
12.23,81.0,28,3.11,1,1,532.82
6.12,53.0,51,2.73,0,0,164.38
23.43,77.0,20,2.36,0,0,568.22
20.12,66.0,37,1.93,0,1,578.01
2.34,45.0,39,2.32,0,1,162.91
24.97,50.0,14,2.39,0,0,595.54
17.68,65.0,40,2.55,0,0,367.89
4.85,12.0,27,1.61,0,0,138.94
6.69,65.0,59,1.23,0,0,165.89
17.62,95.0,42,3.16,1,0,508.04
19.71,104.0,35,2.04,1,0,573.64
6.74,48.0,8,1.92,0,0,258.76
7.17,49.0,23,1.46,0,0,188.81
8.37,48.0,23,1.66,0,0,203.73
15.35,66.0,36,2.74,1,0,467.73
5.12,76.0,46,2.79,0,0,168.41
3.5,74.0,18,2.36,0,0,186.59
17.29,113.0,27,2.14,1,0,575.07
19.7,42.0,42,3.56,1,0,576.25
13.02,42.0,48,2.8,1,0,368.22
9.73,76.0,46,2.21,1,0,300.41
11.37,59.0,31,2.85,1,0,369.15
10.32,50.0,40,2.18,1,0,301.79
24.04,92.0,22,1.73,0,1,760.73
19.43,63.0,2,3.41,1,0,1117.64
5.99,109.0,4,3.12,1,0,493.74
10.22,74.0,35,1.96,0,0,256.43
14.06,92.0,39,1.45,0,0,318.48
15.71,83.0,59,1.56,0,0,325.96
12.24,71.0,19,3.76,1,0,426.84
20.44,71.0,29,1.69,0,0,429.06
19.42,64.0,44,2.23,0,1,560.51
13.12,45.0,51,2.0,0,1,379.69
21.51,105.0,40,1.85,1,0,596.33
19.03,46.0,7,2.89,0,0,546.33
19.69,23.0,19,1.18,0,0,374.69
23.95,55.0,36,,0,0,476.54
7.4,86.0,25,2.62,0,1,291.63
7.42,65.0,37,2.5,0,0,182.5
22.33,59.0,43,2.62,0,0,460.18
19.53,70.0,31,2.48,0,0,457.3
23.24,26.0,18,1.89,0,0,458.26
2.52,36.0,40,2.79,0,0,103.76
16.07,63.0,50,2.82,0,1,482.47
4.47,68.0,35,2.67,1,0,202.83
13.09,22.0,14,1.97,0,0,286.02
4.74,58.0,28,1.97,0,0,177.67
4.07,34.0,14,1.56,0,0,167.0
1.29,97.0,35,1.23,0,0,95.04
16.13,32.0,43,1.52,0,0,295.13
9.62,35.0,51,2.69,0,0,224.77
3.52,87.0,22,2.89,1,0,186.61
8.75,45.0,8,2.7,0,0,295.48
5.05,15.0,54,2.49,0,1,197.9
23.6,119.0,42,2.5,1,0,673.76
8.68,83.0,23,1.37,0,1,340.06
9.01,78.0,34,2.93,1,0,321.7
21.16,66.0,20,2.87,0,0,537.82
16.55,75.0,36,2.68,0,0,422.0
18.04,19.0,10,2.53,0,0,412.97
16.26,81.0,55,2.53,0,0,332.05
23.71,48.0,4,2.86,1,0,943.96
5.97,,49,1.34,0,0,159.25
24.74,81.0,20,1.57,0,0,586.78
20.94,36.0,6,2.16,0,0,572.27
15.14,55.0,12,1.63,0,1,511.47
16.9,102.0,35,3.36,1,0,521.88
16.57,51.0,43,1.75,0,1,469.65
2.4,124.0,1,2.03,1,0,308.76
6.23,80.0,24,,1,1,307.63
24.08,43.0,12,2.4,0,0,585.79
13.82,39.0,33,1.51,0,1,370.13
10.08,53.0,7,2.96,0,0,351.04
19.29,89.0,17,1.81,0,0,541.01
13.59,10.0,56,2.36,0,0,250.42
1.32,84.0,21,3.62,1,0,170.68
18.67,56.0,55,1.31,0,0,364.8
18.57,39.0,16,2.76,0,0,415.09
4.96,,55,2.41,0,0,130.2
23.96,24.0,44,1.34,0,0,395.78
6.37,93.0,55,2.33,0,0,181.94
11.99,47.0,10,2.75,0,0,372.7
3.75,32.0,43,2.6,0,0,144.6
15.48,40.0,53,2.52,0,1,438.95
10.01,66.0,19,1.32,0,0,274.38
9.48,120.0,40,2.18,1,0,327.05
20.85,44.0,51,2.1,0,0,410.52
1.23,105.0,2,2.96,1,0,257.35
20.15,,44,2.89,0,0,414.37
14.71,70.0,46,2.74,1,0,440.21
24.67,35.0,28,1.61,0,0,453.36
15.15,70.0,26,2.18,1,0,448.3
2.33,111.0,25,1.91,1,0,173.87
2.22,119.0,32,1.94,1,1,229.8
22.2,51.0,49,2.95,1,0,580.67
21.19,62.0,7,1.35,0,0,667.61
9.3,65.0,52,2.7,0,0,222.72
15.83,92.0,39,2.19,0,1,519.75
12.75,71.0,17,2.73,0,0,377.37
24.21,53.0,51,1.85,0,1,640.65
23.8,,46,2.19,0,0,492.5
24.61,86.0,45,2.05,0,1,691.01
21.79,74.0,19,2.97,0,0,559.93
22.83,22.0,30,2.59,0,0,433.16
6.21,70.0,16,2.19,0,0,219.4
20.94,,29,2.21,0,0,500.39
18.01,60.0,32,1.5,0,0,368.47
24.11,101.0,13,3.27,1,0,921.03
14.71,87.0,3,3.77,1,0,903.15
3.04,72.0,39,1.26,0,0,102.93
15.34,81.0,49,2.27,0,0,346.77
17.48,81.0,40,2.04,0,1,537.52
6.29,60.0,36,2.7,0,0,183.93
10.46,33.0,7,1.0,0,0,286.59
15.36,125.0,1,2.07,1,1,952.11
9.98,79.0,46,1.87,1,0,320.49
10.0,68.0,35,2.13,1,0,341.32
4.19,82.0,22,2.42,0,0,174.25
23.58,26.0,46,1.28,0,0,400.45
19.01,10.0,55,2.24,0,0,361.63
1.03,93.0,19,2.74,0,0,108.29
19.37,10.0,29,1.07,0,0,355.38
18.76,34.0,22,1.05,0,0,366.01
1.23,80.0,1,3.78,1,0,280.93
9.87,62.0,16,3.15,1,0,373.76
15.56,27.0,28,1.28,0,0,324.34
11.87,67.0,29,2.41,1,0,358.19
19.67,94.0,26,2.97,0,1,663.85
11.21,21.0,31,1.45,0,0,207.23
4.69,97.0,6,2.51,0,0,325.49
24.43,58.0,15,1.48,0,0,568.7
6.81,90.0,51,1.8,0,0,196.84
18.22,25.0,30,2.76,0,0,381.19
4.44,66.0,1,1.86,1,0,411.82
8.9,62.0,23,1.61,0,0,247.38
11.61,75.0,31,2.77,1,0,386.41
5.61,16.0,23,2.25,0,0,156.46
11.8,43.0,14,1.06,0,0,289.2
4.77,74.0,51,1.82,0,0,120.77
14.42,13.0,35,1.69,0,0,281.94
16.93,35.0,5,1.05,0,0,491.79
2.5,29.0,21,1.71,0,1,155.93
21.91,90.0,4,3.66,1,0,1253.49
5.44,86.0,40,1.55,0,0,192.42
6.41,19.0,25,2.17,0,1,232.53
16.87,17.0,21,1.6,0,0,324.51
12.25,57.0,36,2.01,1,1,497.88
12.99,26.0,48,1.58,0,0,240.6
4.08,78.0,47,1.94,0,1,196.11
20.34,39.0,7,1.59,0,0,549.8
15.81,48.0,55,2.25,0,0,326.11
4.25,100.0,44,3.7,1,0,207.49
9.98,33.0,26,1.14,0,0,214.88
20.45,120.0,24,3.23,1,0,716.22
14.64,44.0,54,1.0,0,0,266.49
3.61,88.0,40,1.0,0,1,174.85
9.95,100.0,1,2.07,1,0,692.27
6.82,84.0,7,1.96,0,0,307.53
13.42,111.0,1,1.9,1,0,849.48
21.24,24.0,21,2.44,0,0,409.67
11.47,45.0,53,1.06,0,1,331.08
11.4,64.0,58,1.99,0,0,258.6
22.73,76.0,46,3.15,1,1,797.33
14.83,126.0,16,2.28,1,0,623.28
14.59,71.0,31,2.16,0,0,335.73
7.29,73.0,37,1.52,0,0,202.13
15.59,48.0,25,1.43,0,0,343.85
14.82,99.0,5,2.64,0,0,790.92
10.52,84.0,8,1.67,0,0,428.92
24.78,21.0,45,2.63,0,1,628.82
22.17,111.0,1,2.23,1,0,1238.0
18.99,47.0,22,2.51,1,1,693.98
13.9,80.0,6,2.01,1,0,675.03
12.09,108.0,39,2.79,1,0,380.76
5.44,83.0,56,1.76,0,0,155.34
8.34,,17,1.81,1,0,290.67
19.58,52.0,47,1.93,0,0,363.05
11.89,76.0,6,1.95,1,0,586.82
22.17,95.0,46,2.67,0,0,504.19
4.55,66.0,52,1.99,0,0,142.47
13.2,64.0,43,3.18,1,0,421.79
16.53,43.0,39,3.44,1,0,449.26
13.4,97.0,27,1.9,1,0,440.79
22.34,76.0,15,2.47,1,0,730.51
24.75,17.0,59,1.05,0,1,572.54
3.78,48.0,35,1.9,1,1,208.1
4.12,118.0,34,1.88,1,0,203.17
4.13,40.0,21,2.76,1,1,265.23
17.35,22.0,54,1.9,0,0,327.65
9.94,77.0,36,1.12,0,0,218.87
18.6,25.0,5,1.52,0,0,469.89
10.73,53.0,36,1.49,0,0,236.18
16.06,,1,2.39,1,0,977.08
19.48,23.0,37,2.28,0,0,394.72
14.16,35.0,5,2.39,0,1,564.49
13.95,71.0,18,2.48,1,0,469.99
3.12,11.0,23,2.58,0,0,133.29
10.86,25.0,22,1.84,0,0,259.23
14.1,58.0,36,2.04,0,0,303.18
12.09,99.0,48,1.29,0,0,283.6
22.62,84.0,10,1.47,0,0,678.88
22.76,62.0,11,3.26,1,0,804.47
20.73,69.0,16,2.95,0,0,575.37
10.01,75.0,38,2.41,0,0,226.19
18.22,29.0,40,1.11,0,0,349.26
10.49,83.0,43,1.29,0,0,247.53
6.58,27.0,6,1.89,0,0,219.15
9.23,68.0,24,2.47,0,1,359.99
2.7,70.0,14,2.13,1,0,192.69
8.96,13.0,51,2.5,0,0,199.46
12.06,36.0,43,2.11,0,0,245.92
23.93,27.0,59,2.55,0,0,460.76
8.52,72.0,55,2.12,0,0,200.22
22.66,80.0,36,2.21,0,0,510.57
6.49,28.0,7,,0,0,231.26
5.58,78.0,20,3.24,1,0,267.73
13.46,75.0,45,2.69,0,0,338.26
17.14,87.0,16,2.74,0,0,506.5
2.06,85.0,44,1.86,1,0,140.31
6.31,47.0,7,2.25,0,0,233.93
11.94,76.0,32,2.98,0,0,309.93
8.94,38.0,13,2.17,0,0,245.87
18.1,96.0,20,2.14,1,1,729.06
13.27,87.0,1,3.56,1,0,835.41
4.85,61.0,9,1.53,0,0,211.07
22.47,57.0,13,1.09,0,0,541.03
8.03,70.0,59,1.86,0,0,217.23
18.55,76.0,50,1.2,0,0,373.43
19.72,57.0,38,1.23,0,0,374.93
24.12,91.0,32,1.93,0,0,541.01
12.96,47.0,20,3.03,1,0,430.0
15.78,83.0,58,2.81,0,0,332.48
9.04,95.0,39,2.41,0,0,273.49
17.28,127.0,1,3.49,1,0,1010.12
12.12,106.0,1,2.62,1,1,736.82
11.5,23.0,17,1.64,0,0,279.07
21.53,86.0,34,2.99,1,1,766.67
2.2,33.0,57,2.39,0,0,106.05
22.17,71.0,25,2.14,0,0,495.28
21.45,67.0,22,1.53,0,0,478.65
13.15,43.0,24,1.74,0,1,405.84
12.76,40.0,8,1.9,0,0,383.5
9.68,57.0,36,1.03,0,0,231.11
24.86,54.0,31,2.76,0,0,545.81
3.67,38.0,29,2.02,0,0,145.1
15.17,38.0,11,2.5,0,0,415.98
17.36,72.0,49,1.34,0,0,359.11
23.42,57.0,34,2.11,0,0,493.61
19.72,21.0,27,2.85,0,0,397.16
16.45,87.0,33,1.43,0,0,357.86
3.8,66.0,15,2.49,1,1,259.59
9.97,86.0,27,2.58,1,0,355.42
4.33,75.0,22,1.77,0,1,214.52
22.15,46.0,31,2.2,0,0,444.16
18.99,54.0,18,1.79,0,0,457.61
19.18,66.0,44,2.35,0,0,406.12
16.65,27.0,58,1.97,0,0,315.8
13.17,22.0,35,1.32,0,0,246.36
4.6,82.0,46,2.9,0,0,168.52
8.91,38.0,12,1.48,0,1,308.14
4.29,65.0,7,2.12,0,0,219.06
18.4,83.0,39,1.12,0,1,530.88
4.85,59.0,32,3.64,1,0,163.61
17.85,38.0,15,2.86,0,1,531.76
17.61,15.0,40,1.73,0,0,325.55
12.02,35.0,56,1.24,0,0,226.1
4.25,70.0,52,2.54,0,0,125.51
8.56,95.0,47,1.52,0,0,240.52
8.68,52.0,56,2.4,0,0,209.87
17.81,56.0,38,2.83,0,0,382.16
3.73,65.0,17,,1,0,193.93
20.9,90.0,9,2.72,0,0,715.84
19.26,10.0,34,1.45,0,0,346.31
5.47,112.0,31,3.62,1,1,360.67
18.26,35.0,20,1.45,0,0,368.02
17.04,73.0,18,1.45,0,0,437.07
18.95,71.0,11,2.76,0,0,571.94
5.53,15.0,57,2.11,0,1,206.75
4.78,71.0,37,2.6,0,0,148.16
6.68,75.0,6,2.6,0,0,371.8
9.78,51.0,50,2.29,0,0,233.99
20.05,36.0,9,1.38,0,0,447.24
18.71,74.0,49,2.38,0,0,435.62
23.21,69.0,39,1.93,1,0,583.01
2.41,121.0,33,2.2,1,0,207.44
1.28,94.0,19,2.29,0,0,137.82
17.78,104.0,36,3.62,1,0,555.24
7.7,56.0,6,2.54,0,1,401.6
9.02,71.0,18,2.46,1,0,334.08
14.12,43.0,33,2.65,0,1,420.33
3.46,86.0,23,3.73,1,1,270.18
16.42,53.0,15,2.46,1,1,631.27
8.8,14.0,29,1.37,0,0,201.3
16.19,45.0,26,1.4,0,0,310.0
21.02,48.0,13,2.6,1,0,680.66
5.11,44.0,17,1.1,0,0,159.86
23.34,34.0,42,1.98,0,0,426.69
13.74,84.0,37,2.46,0,0,334.87
23.15,55.0,37,2.06,0,0,439.87
5.99,22.0,16,2.94,0,0,166.63
15.51,70.0,50,1.92,0,0,292.69
10.69,39.0,27,1.03,0,0,214.86
19.58,71.0,23,2.74,1,0,604.36
15.54,39.0,33,2.86,0,0,366.21
12.87,91.0,47,1.19,0,0,286.31
22.91,65.0,5,1.45,0,0,805.91
10.05,106.0,18,3.23,1,0,411.11
6.28,80.0,9,1.59,0,0,288.4
15.59,94.0,29,3.33,1,0,546.39
15.98,17.0,49,1.84,0,0,305.12
11.54,52.0,9,2.59,0,0,385.64
12.68,57.0,17,2.1,0,1,434.2
24.03,67.0,36,1.16,0,0,456.05
18.58,71.0,49,2.57,1,0,490.88
3.65,87.0,46,1.67,0,0,149.29
6.09,78.0,31,2.62,0,0,212.38
24.41,46.0,18,3.05,1,0,707.13
18.44,83.0,7,2.55,0,0,718.67
22.96,29.0,5,1.74,0,0,605.72
8.29,101.0,23,3.18,1,0,357.01
18.8,30.0,49,,0,0,324.69
18.14,68.0,16,1.87,1,0,572.97
8.07,109.0,1,2.37,1,0,580.22
14.22,47.0,47,2.55,0,0,312.46
16.06,51.0,25,2.07,0,0,352.93
12.55,12.0,16,1.82,0,0,229.46
20.85,46.0,32,2.79,0,0,439.42
20.99,56.0,5,2.79,1,0,854.55
21.41,42.0,19,2.23,0,0,482.26
20.28,19.0,42,2.97,0,0,378.14
12.71,46.0,39,,0,0,264.83
10.15,42.0,52,2.57,0,1,340.0
20.95,37.0,49,1.83,0,1,527.51
12.76,126.0,10,1.87,1,0,654.8
6.91,51.0,41,2.67,0,1,260.55
13.18,97.0,9,3.69,1,0,639.19
4.4,57.0,36,1.87,0,0,136.22
17.6,60.0,20,,0,0,426.4
9.06,19.0,37,1.85,0,0,176.34
7.26,47.0,34,3.79,1,0,265.77
23.96,25.0,24,2.81,0,0,497.17
19.65,101.0,31,1.88,1,0,587.06
19.89,88.0,33,3.36,1,0,595.21
15.97,128.0,26,3.0,1,1,717.02
21.14,24.0,14,1.05,0,0,383.48
19.22,25.0,20,1.89,0,0,360.19
15.37,90.0,9,1.3,0,1,683.2
24.07,36.0,24,2.75,0,0,470.5
5.6,86.0,21,1.83,1,0,275.79
23.64,65.0,37,3.55,1,0,668.14
10.63,111.0,48,3.68,1,1,467.57
13.68,50.0,54,1.15,0,0,295.32
3.95,20.0,24,2.44,0,0,133.79
13.96,18.0,17,2.1,0,0,286.63
15.67,63.0,23,2.91,0,1,526.38
24.94,50.0,38,3.4,1,0,673.34
24.4,46.0,44,3.19,1,0,652.5
24.19,37.0,19,2.85,0,0,530.09
9.36,71.0,42,1.32,0,0,196.22
24.79,64.0,31,1.75,0,0,514.38
11.93,45.0,46,2.69,0,0,293.3
21.44,82.0,21,1.2,0,0,524.06
6.19,72.0,14,2.87,0,0,243.03
13.14,60.0,40,2.49,0,0,275.5
24.18,116.0,34,2.68,1,0,740.99
23.73,57.0,9,1.68,0,0,660.17
17.41,107.0,45,2.1,1,0,516.05
20.15,19.0,54,1.19,0,0,358.37
5.23,65.0,42,2.65,1,0,185.82
18.32,106.0,21,3.49,1,0,641.84
15.83,62.0,58,2.06,0,0,316.42
3.2,52.0,32,1.9,0,1,191.85
3.72,26.0,8,1.64,0,0,163.89
3.6,36.0,11,1.31,0,0,155.54
18.38,31.0,12,2.98,0,0,443.1
4.4,45.0,19,1.05,0,0,150.21
12.23,111.0,35,2.42,1,0,420.8
9.57,42.0,33,2.54,0,1,322.09
14.21,99.0,43,2.04,0,0,352.87
17.96,62.0,13,1.63,0,1,599.78
17.43,50.0,14,3.79,1,0,574.96
13.37,38.0,5,2.24,0,0,452.87
12.14,47.0,11,1.59,0,0,313.25
10.55,97.0,28,3.5,1,0,399.63
21.69,24.0,51,1.3,0,0,367.58
8.94,63.0,14,1.93,0,0,272.74
7.22,71.0,45,2.68,0,0,211.17
18.84,66.0,52,2.97,0,0,379.98
9.63,88.0,10,1.77,0,0,359.81
21.33,110.0,19,2.08,1,0,726.55
8.87,67.0,16,2.13,0,0,243.08
17.85,58.0,44,2.89,0,0,365.19
2.08,62.0,45,2.33,0,1,145.84
10.25,38.0,43,2.2,0,0,204.06
9.24,42.0,18,1.62,0,0,241.22
20.6,85.0,5,3.01,1,0,1049.68
24.21,93.0,6,3.57,1,0,1183.38
12.06,89.0,23,1.75,0,0,337.31
20.8,94.0,46,1.48,0,1,586.5
17.79,16.0,32,1.96,0,0,331.98
24.22,68.0,47,2.55,1,1,818.64
20.47,18.0,23,1.94,0,0,382.72
2.86,58.0,33,1.19,0,1,143.06
18.12,110.0,39,2.47,1,1,691.07
13.85,87.0,39,2.65,0,0,346.11
1.39,97.0,27,1.8,0,0,121.53
7.03,60.0,20,2.94,0,0,225.09
23.12,17.0,58,2.42,0,0,408.08
23.23,94.0,31,2.53,1,0,700.74
20.17,74.0,25,1.5,0,0,440.91
24.56,93.0,44,2.37,0,1,692.37
20.36,88.0,5,1.6,0,0,892.62
1.24,54.0,40,3.65,1,0,108.93
7.91,90.0,46,2.03,1,0,272.33
1.73,43.0,41,1.06,0,1,108.88
3.26,78.0,29,1.44,0,0,104.93
6.25,95.0,20,2.21,0,0,258.88
13.09,21.0,37,2.67,0,0,252.53
21.34,54.0,29,1.34,0,0,412.2
21.69,40.0,26,2.17,0,0,442.71
15.79,93.0,1,2.09,1,0,946.32
23.28,31.0,7,2.13,0,0,594.81
13.0,81.0,15,1.04,0,1,469.37
22.34,103.0,37,2.92,1,0,666.47
11.9,69.0,56,2.04,0,0,256.48
7.65,37.0,9,1.09,0,0,216.06
22.99,30.0,48,2.38,0,0,422.91
10.31,84.0,29,2.14,0,0,288.62
13.08,114.0,32,3.05,1,0,431.36
8.89,96.0,57,2.06,0,0,220.59
16.91,86.0,20,2.44,0,0,467.3
24.88,82.0,26,2.85,1,0,738.98
1.61,36.0,33,2.84,0,0,115.33
22.6,32.0,10,2.89,0,0,528.77
1.09,99.0,26,2.45,0,0,96.23
9.74,75.0,3,,1,0,670.43
5.05,47.0,14,2.85,0,0,169.3
19.18,25.0,59,1.52,0,0,360.0
2.21,83.0,18,2.99,0,0,138.21
14.28,82.0,41,2.33,1,0,386.84
8.08,80.0,33,1.84,1,0,286.57
4.21,53.0,24,2.92,0,0,178.29
19.52,91.0,1,2.25,1,1,1159.31
6.22,56.0,1,2.97,1,0,511.61
6.37,61.0,44,2.94,0,0,197.59
7.6,52.0,58,1.1,0,0,132.31
15.08,32.0,18,1.54,0,0,305.4
16.83,10.0,19,2.22,0,1,451.39
1.42,64.0,11,3.33,1,0,168.08
6.8,15.0,24,2.61,0,0,166.05
11.34,83.0,20,2.77,0,0,373.18
8.97,63.0,45,1.34,0,0,203.22
22.22,117.0,15,2.54,1,0,868.93
19.91,32.0,15,2.43,0,0,494.35
16.02,28.0,8,2.43,0,0,384.47
9.11,95.0,19,2.42,1,0,391.76
17.82,92.0,1,2.41,1,0,1054.91
21.25,70.0,1,2.44,1,0,1207.84
15.28,47.0,31,2.78,0,0,354.94
19.83,28.0,35,2.82,0,0,396.68
18.98,40.0,41,1.83,1,0,491.44
14.72,86.0,12,1.65,0,0,484.54
8.49,59.0,52,1.78,0,0,248.37
18.9,67.0,12,2.96,0,1,710.84
5.96,120.0,1,3.69,1,0,496.24
19.71,,26,2.26,0,0,397.53
20.31,58.0,47,1.09,0,0,386.02
20.73,53.0,9,1.38,0,0,585.99
12.35,38.0,44,1.87,0,0,249.47
5.62,127.0,42,3.72,1,0,232.7
3.39,57.0,10,1.19,0,0,170.59
18.84,89.0,42,2.58,0,0,414.74
22.27,86.0,11,1.38,0,0,683.74
16.62,35.0,22,2.02,0,0,344.58
4.46,46.0,19,3.33,1,0,231.88
23.44,83.0,1,3.18,1,0,1319.69
24.74,23.0,29,2.55,0,1,648.58
11.4,61.0,25,2.63,0,0,277.12
15.28,41.0,35,1.61,0,0,312.95
19.65,84.0,50,1.73,0,0,432.83
18.67,41.0,53,2.63,0,0,387.81
24.23,84.0,46,1.08,0,0,486.68
3.76,123.0,10,2.83,1,1,340.06
14.94,96.0,46,3.64,1,0,479.16
17.61,61.0,26,2.77,0,0,425.88
22.36,73.0,45,3.41,1,0,631.99
21.98,100.0,23,1.84,1,0,690.34
24.47,71.0,16,2.78,0,0,627.34
13.29,125.0,48,3.62,1,0,467.69
20.94,126.0,40,3.13,1,0,636.6
11.25,85.0,47,1.6,0,0,254.65
11.14,70.0,1,2.78,1,0,720.3
7.08,38.0,30,2.53,0,0,206.92
20.64,40.0,14,2.63,0,1,637.51
24.66,21.0,29,1.69,0,0,444.65
7.15,74.0,19,2.45,1,0,271.49
2.35,66.0,47,2.47,0,0,125.8
20.57,50.0,8,2.37,0,0,593.54
15.89,36.0,22,2.03,0,0,382.44
24.03,24.0,47,1.84,0,0,415.03
7.05,80.0,12,2.31,0,0,275.8
2.7,45.0,11,1.06,0,0,164.7
12.82,33.0,21,1.15,0,1,370.15
3.05,121.0,1,2.95,1,0,337.95
7.28,33.0,46,1.42,0,0,187.3
4.02,115.0,38,3.35,1,0,219.79
6.38,37.0,25,2.54,0,0,174.01
3.55,84.0,6,2.42,0,0,254.78
23.89,42.0,7,3.61,1,0,825.57
7.69,12.0,36,1.28,0,0,181.94
11.65,68.0,7,2.32,1,1,597.78
22.57,41.0,33,1.5,0,1,586.49
17.26,63.0,9,2.56,0,0,544.1
15.83,47.0,58,2.04,0,0,308.8
17.93,65.0,30,1.51,0,0,375.06
20.89,74.0,42,1.27,0,0,383.76
22.06,30.0,36,2.79,0,0,432.06
16.42,50.0,52,2.38,0,0,332.79
22.36,29.0,22,2.06,0,0,418.76
13.85,69.0,21,2.93,0,0,373.3
7.65,84.0,24,2.7,0,0,244.01
22.12,68.0,19,1.36,0,0,507.08
14.0,83.0,19,2.02,0,0,419.11
22.75,94.0,41,2.77,1,0,627.04
1.96,12.0,8,2.69,0,0,118.13
10.54,23.0,13,1.3,0,0,237.58
23.75,54.0,48,1.9,0,0,435.6
6.99,69.0,50,2.27,0,0,214.97
23.6,58.0,37,2.89,0,1,648.77
23.89,18.0,14,2.8,0,0,474.86
22.17,63.0,51,2.07,0,0,420.39
14.53,79.0,47,2.21,0,0,306.84
16.53,61.0,5,2.7,0,0,631.79
21.87,72.0,44,2.49,0,0,459.09
19.62,61.0,57,2.76,0,1,507.85
16.12,31.0,13,2.79,0,0,373.3
24.57,64.0,26,2.67,0,0,561.26
17.46,12.0,30,1.02,0,1,433.61
24.41,11.0,39,1.62,0,0,434.41
2.38,68.0,37,1.81,0,0,124.01
4.34,37.0,14,2.36,0,0,123.14
11.84,76.0,32,2.41,1,0,383.65
10.24,78.0,23,1.65,0,0,280.14
19.79,18.0,8,1.8,0,0,409.08
4.85,71.0,23,2.91,0,0,156.88
24.43,41.0,11,1.87,0,0,571.5
8.56,90.0,16,1.28,0,0,265.31
11.29,84.0,31,1.01,0,0,256.37
7.59,44.0,36,1.47,0,0,194.58
14.9,56.0,31,2.88,0,0,353.82
2.41,27.0,25,2.91,0,0,105.53
4.59,45.0,58,2.06,0,0,121.57
18.9,58.0,1,3.09,1,0,1099.89
5.48,64.0,13,3.39,1,0,295.02
6.65,85.0,45,1.91,1,0,265.16
20.03,69.0,56,1.75,0,0,392.34
3.24,62.0,47,3.08,1,0,148.21
11.5,117.0,1,3.6,1,0,790.85
1.55,66.0,8,,1,0,183.23
9.32,44.0,13,1.7,0,0,240.61
17.78,116.0,31,3.62,1,0,594.95
3.16,64.0,54,2.33,0,0,125.69
22.32,45.0,13,2.66,0,0,553.2
22.83,97.0,9,1.77,0,0,801.71
3.52,110.0,48,1.8,1,1,205.48
24.78,18.0,52,1.33,0,0,436.94
8.14,30.0,13,2.85,0,0,218.38
3.02,71.0,46,1.87,1,0,187.42
1.12,75.0,47,2.19,0,0,60.0
10.8,83.0,24,2.62,1,0,402.46
16.12,128.0,8,2.66,1,0,871.01
8.97,74.0,7,1.8,0,1,454.75
21.08,84.0,56,1.13,0,1,497.83
18.2,89.0,28,1.24,0,0,422.76
9.4,126.0,22,1.93,1,0,402.28
18.62,54.0,33,1.91,1,0,493.36
23.57,36.0,59,1.17,0,0,419.67
3.23,25.0,15,2.39,0,0,124.41
8.35,55.0,21,1.23,0,0,213.53
12.12,111.0,12,2.32,1,0,543.62
12.95,57.0,55,2.31,0,0,278.7
14.01,74.0,21,1.22,0,0,347.05
8.22,58.0,19,3.62,1,0,317.5
17.01,99.0,45,1.95,0,0,379.23
16.48,46.0,18,2.93,0,0,413.41
14.87,97.0,15,2.19,1,0,585.8
3.73,64.0,15,1.06,0,0,156.11
12.45,62.0,51,2.18,0,0,276.82
9.55,56.0,31,1.66,0,0,244.45
12.78,12.0,8,2.14,0,0,293.55
23.12,97.0,55,1.95,0,0,474.15
12.53,125.0,35,2.71,1,0,451.06
1.34,71.0,38,2.7,0,0,102.21
11.53,10.0,44,1.38,0,0,221.85
20.7,48.0,11,2.0,0,0,523.96
19.72,82.0,22,1.83,0,0,493.83
13.32,42.0,23,2.35,0,0,327.9
6.99,32.0,22,1.1,0,0,143.19
12.16,43.0,19,2.06,0,0,296.43
14.53,58.0,15,1.96,0,0,381.28
25.0,58.0,16,2.95,0,1,812.03
16.46,88.0,29,3.31,1,0,561.3
17.66,19.0,40,1.31,0,0,320.68
12.79,75.0,57,2.02,0,0,281.67
9.51,80.0,54,2.57,0,0,248.41
20.51,97.0,16,2.05,0,0,602.18
12.88,76.0,20,1.71,0,0,331.34
24.87,85.0,32,1.75,0,0,536.21
11.97,48.0,48,1.73,0,0,250.93
2.63,51.0,43,,0,0,83.53
17.38,10.0,48,2.46,0,1,448.42
2.12,55.0,40,2.22,0,0,82.41
7.01,45.0,34,1.54,0,0,163.76
9.49,83.0,10,3.06,1,0,439.24
18.75,40.0,20,1.62,0,1,525.55
12.86,67.0,53,,0,1,396.06
1.69,13.0,24,2.48,0,0,60.0
15.8,62.0,13,2.62,0,1,568.61
10.87,128.0,40,3.05,1,1,502.5
23.12,96.0,1,3.37,1,0,1297.56
12.99,82.0,35,1.73,0,0,313.6
18.02,87.0,22,1.14,0,0,452.94
6.25,89.0,38,3.01,1,0,235.27
19.26,44.0,16,2.31,1,0,597.08
18.3,61.0,43,2.55,0,1,539.8
22.7,26.0,6,1.72,0,0,538.82
1.81,41.0,54,2.34,0,1,129.57
11.74,45.0,1,2.91,1,1,780.07
17.3,108.0,41,3.43,1,0,548.2
3.28,70.0,32,2.66,0,1,178.4
10.85,19.0,15,1.14,0,0,245.54
23.61,62.0,4,2.39,1,0,1057.55
11.46,92.0,14,3.54,1,0,486.91
24.65,70.0,35,1.81,0,0,496.54
2.36,28.0,57,2.03,0,0,112.98
18.23,13.0,55,1.37,0,0,317.13
14.94,55.0,49,2.11,0,0,321.68
13.01,41.0,52,1.53,0,0,266.4
24.3,93.0,56,2.66,0,1,681.95
4.11,85.0,49,2.2,1,0,194.16
22.5,101.0,16,2.52,1,0,807.96
17.59,63.0,22,1.19,0,0,392.99
7.22,126.0,6,2.98,1,1,531.39
22.64,76.0,19,2.88,0,0,576.02
11.3,33.0,59,1.35,0,0,228.14
20.54,105.0,28,1.84,1,0,640.28
10.33,27.0,49,1.84,0,0,184.47
21.42,87.0,22,3.3,1,0,715.66
16.28,55.0,48,2.95,0,0,340.7
4.39,57.0,19,1.1,0,0,177.16
16.59,71.0,39,2.57,0,0,377.18
5.59,36.0,21,1.74,0,0,168.51
10.89,71.0,42,1.31,0,0,273.3
5.09,117.0,5,2.18,1,0,459.64
1.53,74.0,30,2.85,0,0,120.0
6.09,,33,2.62,0,0,185.52
13.87,10.0,56,1.62,0,0,257.91
12.56,89.0,19,3.68,1,0,473.12
13.04,49.0,8,1.21,0,0,378.24
6.94,81.0,31,1.65,0,0,228.9
17.44,56.0,36,3.11,1,0,516.86
17.9,40.0,16,3.8,1,0,566.56
9.59,117.0,18,2.73,1,0,425.73
22.15,86.0,57,2.62,0,0,492.42
16.46,39.0,23,2.83,0,0,362.62
18.11,116.0,35,1.82,1,0,551.55
7.66,106.0,21,2.38,1,0,341.98
1.01,61.0,13,2.0,1,0,126.42
21.77,44.0,51,2.55,0,0,458.3
20.74,95.0,35,2.93,1,0,603.78
3.96,23.0,17,1.19,0,0,148.3
9.98,54.0,35,1.84,0,0,232.2
16.87,95.0,6,2.03,0,0,751.09
16.65,72.0,21,3.2,1,1,696.64
21.65,21.0,12,2.56,0,0,450.71
4.37,33.0,16,1.18,0,0,157.92
11.32,108.0,23,2.78,1,0,429.83
3.33,66.0,33,1.32,0,0,119.11
10.35,18.0,26,2.51,0,0,226.06
1.36,41.0,24,3.12,1,0,130.93
22.56,98.0,3,3.25,1,0,1285.82
13.65,38.0,9,1.15,0,0,350.29
21.4,94.0,30,2.82,1,0,658.16
2.44,31.0,17,2.68,0,0,116.75
6.46,124.0,41,3.23,1,0,277.4
7.23,88.0,1,3.52,1,0,536.69
10.28,21.0,37,1.41,0,0,212.58
20.27,110.0,1,2.37,1,0,1172.5
10.28,98.0,14,1.88,0,1,454.36
5.91,17.0,37,2.05,0,0,162.76
2.56,55.0,1,2.3,1,0,337.34
2.91,49.0,16,1.76,0,0,119.31
19.24,54.0,20,2.37,0,0,429.72
11.68,73.0,39,2.29,0,0,299.25
18.43,72.0,13,1.22,0,0,502.52
17.37,90.0,1,3.77,1,0,1060.26
4.25,49.0,22,2.93,1,0,189.85
4.43,85.0,56,1.97,0,0,126.71
19.13,95.0,20,2.93,0,0,538.39
18.31,80.0,44,1.28,0,0,374.34
10.07,54.0,23,2.09,0,0,253.4
2.86,94.0,15,2.61,0,0,178.22
1.29,65.0,42,1.8,0,0,119.96
7.92,95.0,50,2.47,0,0,209.42
1.22,82.0,35,2.8,0,0,74.48
6.52,123.0,1,2.32,1,0,502.1
11.07,52.0,38,2.28,1,0,343.91
3.91,103.0,49,2.52,1,0,162.04
3.5,97.0,34,1.84,0,0,160.99
22.51,69.0,15,2.02,1,0,693.12
15.05,91.0,9,2.26,1,0,635.9
23.43,93.0,10,3.55,1,0,938.08
9.3,66.0,8,2.13,0,1,452.83
17.25,27.0,28,,0,0,319.04
5.91,34.0,44,2.89,0,1,210.26
15.84,62.0,27,2.55,0,0,360.41
4.11,59.0,11,2.52,1,1,273.06
1.05,20.0,58,2.53,0,0,99.74
23.36,49.0,39,2.19,0,0,461.8
14.32,32.0,30,2.37,0,1,415.65
23.25,99.0,39,1.64,0,0,511.56
9.01,126.0,9,2.22,1,0,520.98
8.87,51.0,19,1.51,0,0,217.68
10.62,56.0,31,1.17,0,0,269.17
17.94,65.0,12,1.94,0,0,493.83
14.58,42.0,57,1.81,0,0,305.76
23.21,128.0,9,1.81,1,0,1088.76
1.61,65.0,47,3.51,1,0,134.53
18.0,78.0,12,2.36,0,0,540.72
8.93,68.0,45,2.69,1,0,304.59
5.33,69.0,8,2.93,0,0,243.34
13.25,46.0,5,2.88,0,0,488.41
13.12,64.0,19,1.99,1,0,414.18
4.29,83.0,39,2.23,0,0,137.52
5.85,53.0,12,2.63,0,0,228.91
10.8,43.0,53,1.35,0,0,226.09
10.81,51.0,11,2.06,1,0,381.25
8.62,78.0,22,2.32,1,0,301.79
4.57,28.0,10,,0,0,197.87
1.1,28.0,47,2.93,0,0,81.44
24.29,38.0,10,2.56,0,0,583.28
23.64,105.0,49,1.92,1,0,619.5
12.61,99.0,5,2.57,0,0,660.91
24.88,115.0,1,2.14,1,0,1390.98
17.17,59.0,46,2.51,1,0,497.19
2.65,66.0,13,1.64,0,0,148.15
3.83,18.0,19,1.54,0,0,111.05
22.99,11.0,44,1.62,0,0,368.43
16.12,37.0,24,2.51,0,1,481.77
21.24,43.0,20,1.53,0,0,433.78
22.56,30.0,14,2.6,0,1,678.57
11.75,92.0,18,1.18,0,0,309.92
2.16,87.0,59,2.19,0,0,96.02
5.52,120.0,10,3.53,1,0,354.79
2.6,95.0,9,1.96,1,0,226.63
5.53,44.0,35,3.07,1,0,221.65
10.85,94.0,30,2.02,0,0,286.5
3.84,31.0,14,1.66,0,0,140.71
5.0,68.0,44,1.2,0,0,146.73
11.7,49.0,16,2.35,0,0,322.25
9.16,93.0,41,1.62,0,0,226.82
12.22,72.0,18,1.68,0,0,328.39
11.3,41.0,29,2.44,0,0,306.56
16.47,54.0,34,2.89,0,1,495.85
23.49,92.0,57,1.67,0,0,484.44
3.59,96.0,34,2.49,0,1,192.7
3.38,42.0,39,2.91,0,0,114.39
21.47,121.0,9,2.0,1,0,972.86
13.15,44.0,35,2.06,0,0,285.25
19.39,55.0,42,1.02,0,1,497.47
6.17,45.0,55,2.65,0,0,184.41
20.89,71.0,22,1.57,0,0,470.94
23.17,122.0,1,2.47,1,0,1320.05
16.25,99.0,7,2.37,0,0,731.93
3.54,65.0,1,3.38,1,0,399.25
22.49,16.0,29,1.8,0,0,389.01
20.02,96.0,20,2.33,0,0,548.36
19.02,44.0,9,3.71,1,0,652.39
1.88,126.0,14,3.57,1,1,267.53
20.18,41.0,45,2.4,0,1,545.93
4.31,118.0,16,3.69,1,0,285.19
6.34,90.0,39,2.75,0,0,215.64
14.85,93.0,31,2.46,0,0,371.49
7.36,66.0,16,2.83,0,0,254.42
16.87,119.0,27,3.43,1,0,587.3
15.59,71.0,28,2.0,0,0,390.56
3.6,67.0,20,2.8,1,1,227.35
16.74,89.0,56,1.02,0,1,461.82
23.17,87.0,42,1.06,0,1,619.3
4.87,113.0,28,3.29,1,0,242.8
15.33,75.0,17,2.11,0,0,406.14
9.2,50.0,32,2.52,0,0,210.23
12.03,95.0,24,2.9,0,0,376.36
7.89,105.0,2,2.71,1,0,582.37
9.5,,54,1.18,0,0,240.84
1.69,16.0,58,2.25,0,1,136.66
24.56,50.0,20,1.2,0,0,522.18
16.0,84.0,28,3.04,1,0,518.04
13.02,53.0,36,2.06,0,0,263.56
10.21,69.0,42,3.22,1,0,327.85
13.94,77.0,24,2.5,1,0,428.5
10.12,48.0,39,1.29,0,0,247.38
9.64,28.0,20,1.47,0,0,227.3
12.13,,52,2.37,0,0,224.26
7.62,47.0,13,1.96,0,0,209.72
5.32,26.0,58,2.08,0,0,141.46
14.36,113.0,25,2.45,1,0,513.05
21.23,88.0,23,2.67,0,0,545.29
4.67,78.0,47,3.0,0,0,143.64
1.79,13.0,38,1.62,0,0,81.06
6.92,44.0,20,2.44,0,0,206.09
24.51,10.0,28,1.34,0,0,399.05
20.89,120.0,10,3.28,1,0,972.46
15.3,94.0,19,1.86,0,1,581.87
23.3,67.0,35,2.21,0,0,471.85
11.69,61.0,46,2.28,1,0,365.72
24.6,14.0,11,2.7,0,0,492.28
8.11,99.0,38,2.15,1,0,281.96
6.77,45.0,19,2.86,0,0,235.08
16.31,48.0,1,1.92,1,0,982.67
10.08,93.0,43,1.58,0,0,253.83
16.03,66.0,56,2.13,0,1,462.18
8.32,87.0,26,2.72,0,0,243.88
15.83,93.0,28,2.15,0,0,407.79
7.62,129.0,19,2.23,1,0,356.03
2.22,13.0,16,2.72,0,0,101.86
22.89,60.0,56,2.19,0,0,442.14
22.2,48.0,55,1.46,0,0,396.12
24.3,93.0,18,2.12,0,0,636.83
18.2,61.0,38,2.35,0,1,537.92
17.39,84.0,50,2.36,0,0,392.03
14.42,80.0,24,2.45,0,0,397.11
4.02,64.0,18,2.79,0,0,204.42
5.54,70.0,12,3.45,1,0,311.04
7.95,59.0,39,2.22,0,0,243.18
22.36,17.0,21,1.06,0,0,409.28
5.15,96.0,52,2.5,0,0,164.93
23.15,54.0,39,3.75,1,0,641.24
13.55,74.0,27,1.61,0,0,311.35
18.17,19.0,26,2.21,0,0,381.83
3.65,50.0,53,2.54,0,0,118.21
7.46,97.0,35,2.28,0,0,224.83
24.0,88.0,33,2.85,0,0,562.78
7.39,87.0,19,2.75,1,0,302.48
8.12,30.0,36,2.06,0,1,292.89
5.74,95.0,35,1.08,0,1,236.91
4.1,63.0,1,3.6,1,0,408.33
6.6,83.0,41,1.52,0,0,169.51
16.42,32.0,21,,0,0,356.89
11.93,89.0,51,1.4,0,1,387.22
14.29,108.0,25,2.31,1,0,498.92
3.94,42.0,25,1.97,0,0,138.76
20.25,45.0,6,2.32,0,0,610.94
19.82,34.0,11,1.88,0,0,469.64
1.52,67.0,31,1.7,0,1,147.18
10.2,99.0,26,2.08,0,0,293.42
2.65,105.0,1,3.72,1,0,343.17
20.01,40.0,31,2.92,0,0,432.08
18.69,83.0,45,2.46,1,0,507.65
22.65,72.0,49,2.36,0,0,485.21
6.67,84.0,26,3.24,1,1,344.01
11.95,122.0,15,3.11,1,0,561.11
5.43,91.0,39,1.23,0,0,175.57
9.91,59.0,13,2.08,0,0,289.39
13.53,106.0,22,3.33,1,0,530.61
2.28,80.0,58,1.4,0,0,133.06
18.16,96.0,14,1.7,0,0,522.86
14.04,,44,2.21,1,1,517.44
20.9,80.0,27,2.77,0,0,515.76
7.52,,28,2.72,0,1,332.37
22.68,106.0,42,2.14,1,1,806.89
24.97,92.0,8,2.52,0,0,928.15
23.06,18.0,21,1.73,0,0,413.55
19.67,44.0,52,2.37,0,0,367.63
20.5,22.0,28,1.99,0,1,532.38
14.77,65.0,1,2.74,1,0,914.38
5.56,84.0,31,,1,1,311.39
17.25,60.0,6,2.27,0,0,621.01
18.11,64.0,34,2.27,1,0,521.22
24.65,65.0,52,1.22,0,0,459.22
13.99,48.0,57,2.87,0,0,310.66
7.51,12.0,10,1.31,0,0,190.89
17.41,84.0,18,2.47,0,1,636.68
24.51,62.0,59,1.99,0,0,476.41
5.25,42.0,40,1.28,0,1,207.71
8.82,71.0,25,2.55,0,0,240.24
14.01,76.0,29,2.81,0,0,351.92
5.09,108.0,48,2.04,1,0,219.65
1.53,43.0,2,1.93,1,0,226.8
9.09,111.0,46,3.5,1,0,316.36
21.77,68.0,31,2.0,0,0,486.99
2.04,26.0,18,2.35,0,0,83.53
11.29,31.0,8,1.88,0,0,271.27
19.29,47.0,50,1.82,0,0,345.69
23.88,97.0,12,1.6,0,0,710.42
24.65,40.0,31,2.13,0,0,472.34
11.13,58.0,23,1.32,0,0,264.45
23.81,,24,3.23,1,0,753.56
1.85,,32,2.1,0,0,101.39
18.9,47.0,31,,0,0,393.4
16.43,58.0,41,2.84,0,0,395.47
6.99,99.0,48,2.8,0,0,226.88
13.18,36.0,7,2.2,0,0,364.84
4.11,32.0,53,1.64,0,0,122.05
21.92,123.0,22,,1,0,761.43
9.59,36.0,23,2.31,0,0,243.28
16.03,90.0,42,2.42,0,0,354.9
4.81,23.0,31,,0,0,167.47
5.95,12.0,58,3.0,0,0,168.59
24.81,36.0,27,1.22,0,0,463.15
19.07,71.0,23,2.21,0,0,435.23
24.09,23.0,17,2.06,0,0,486.71
8.1,83.0,24,2.98,1,0,310.87
4.95,34.0,45,,0,0,146.41
13.07,70.0,54,1.12,0,0,265.72
12.87,84.0,50,2.99,0,0,325.48
5.2,61.0,12,2.96,0,0,228.19
18.6,21.0,33,2.05,0,0,347.65
9.68,93.0,47,1.42,0,0,257.22
5.47,73.0,44,2.17,1,0,206.43
8.97,32.0,54,1.11,0,1,255.5
14.53,,51,2.22,0,1,407.83
18.44,10.0,10,1.96,0,0,346.18
12.57,113.0,11,2.63,1,0,606.02
13.61,74.0,33,2.05,0,0,330.22
4.33,14.0,44,2.75,0,0,131.38
22.95,66.0,56,1.14,0,0,435.3
23.29,31.0,52,2.09,0,0,420.83
17.4,52.0,58,2.4,0,0,336.08
1.42,11.0,6,2.94,0,0,92.78
13.89,82.0,37,2.48,0,0,333.58
16.1,46.0,39,2.9,1,0,432.04
24.87,30.0,43,2.53,0,0,450.3
24.91,80.0,59,2.99,0,0,510.66
21.58,68.0,55,2.78,0,0,435.69
2.53,18.0,39,1.18,0,0,89.6
23.88,49.0,35,2.15,0,0,476.38
15.7,112.0,6,3.37,1,0,911.41
20.22,58.0,35,2.34,0,0,431.71
10.77,51.0,20,2.63,1,1,450.93
8.67,82.0,48,1.64,0,1,304.05
12.12,49.0,26,3.05,1,0,369.74
4.52,83.0,53,1.82,0,1,190.84
9.57,26.0,53,1.78,0,1,289.07
21.58,13.0,54,2.67,0,0,399.87
1.91,73.0,7,1.63,0,0,180.23
4.62,25.0,24,2.29,0,0,135.8
4.0,,57,2.75,0,0,148.33
10.67,66.0,41,3.04,1,0,368.99
24.93,45.0,1,2.79,1,0,1359.09
5.16,48.0,33,1.87,1,0,210.39
4.49,67.0,49,2.36,0,0,154.24
22.96,71.0,7,3.8,1,0,952.85
22.17,47.0,33,2.62,0,0,481.32
1.77,39.0,55,2.27,0,0,119.56
19.04,87.0,10,1.94,0,0,615.9
16.73,54.0,46,1.45,0,0,306.51
19.43,38.0,12,2.38,0,0,465.67
12.87,31.0,30,1.35,0,0,282.36
24.79,40.0,58,2.77,0,0,433.67
2.05,120.0,4,2.51,1,0,283.15
6.62,56.0,32,2.6,1,0,248.98
10.52,63.0,48,1.43,0,0,210.93
11.79,88.0,5,1.96,0,0,591.3
23.11,86.0,1,3.16,1,0,1313.41
14.44,41.0,47,1.61,0,0,305.23
2.08,67.0,29,3.2,1,0,148.27
10.79,50.0,49,3.04,1,0,349.05
11.0,48.0,5,1.74,0,0,389.18
24.17,26.0,8,1.63,0,0,497.69
15.38,115.0,1,3.52,1,0,960.99
16.26,78.0,18,1.82,1,0,529.44
18.12,82.0,59,2.43,0,1,521.9
19.48,34.0,21,1.83,0,0,371.31
16.24,35.0,31,2.44,0,0,340.38
6.69,77.0,29,2.02,0,0,218.05
21.98,101.0,14,1.97,1,0,789.93
18.57,58.0,33,3.76,1,0,558.01
18.8,22.0,48,1.17,0,0,321.68
24.92,38.0,58,,0,0,418.75
20.26,93.0,45,2.64,1,0,558.54
20.9,82.0,34,2.89,0,0,458.39
23.83,51.0,10,1.59,0,0,617.46
4.63,71.0,11,2.14,0,1,271.63
12.95,80.0,31,2.04,0,0,317.41
14.93,,1,2.46,1,0,921.15
8.9,60.0,20,3.19,1,0,346.64
21.15,18.0,40,2.0,0,0,396.04
19.3,54.0,15,2.16,0,0,466.29
18.3,36.0,58,1.42,0,0,317.29
24.93,57.0,46,2.85,0,0,485.28
7.23,124.0,17,2.02,1,0,351.81
18.65,78.0,7,2.38,0,0,689.03
14.23,44.0,44,3.57,1,1,540.33
8.51,81.0,19,1.17,0,0,246.77
4.85,24.0,48,1.06,0,0,131.79
22.5,86.0,57,1.67,0,0,434.2
15.29,53.0,29,2.58,0,1,469.3
20.8,56.0,20,2.43,0,1,637.14
14.09,41.0,36,2.64,0,0,306.38
6.28,45.0,30,1.79,0,1,227.02
9.1,88.0,1,3.79,1,0,631.5
10.16,62.0,14,1.73,0,0,324.16
24.35,32.0,15,2.61,0,0,528.89
1.14,43.0,37,1.7,0,0,88.58
24.66,27.0,32,1.44,0,0,441.84
24.53,21.0,20,1.67,0,0,462.29
24.91,96.0,48,1.39,0,0,499.74
12.44,11.0,6,1.26,0,0,293.79
24.13,36.0,33,1.73,0,0,442.66
10.49,59.0,48,1.29,0,0,222.74
1.63,40.0,6,2.0,0,0,113.92
6.38,87.0,16,1.87,1,0,287.12
23.69,125.0,5,2.66,1,0,1336.05
1.33,108.0,29,3.72,1,0,143.69
14.1,26.0,36,1.72,0,1,366.73
2.81,82.0,31,2.08,1,0,178.01
7.87,110.0,41,2.41,1,0,290.33
3.11,57.0,1,3.38,1,0,349.17
21.63,75.0,31,1.63,0,1,639.18
15.19,40.0,55,1.77,0,0,281.4
22.65,102.0,6,3.38,1,1,1307.49
17.52,67.0,2,2.32,1,0,1033.34
24.3,76.0,7,1.96,0,0,834.09
13.24,18.0,36,1.13,0,0,246.57
16.33,37.0,26,1.35,0,1,439.7
14.83,27.0,32,,0,0,281.02
12.62,54.0,20,2.73,1,0,416.47
21.3,84.0,49,2.64,0,1,613.14
16.47,98.0,25,1.71,0,0,451.67
20.23,44.0,5,2.56,1,1,924.01
19.87,50.0,31,1.6,0,0,388.07
5.59,85.0,47,1.64,0,0,197.84
16.6,113.0,1,,1,0,958.78
5.79,82.0,42,,0,0,195.29
15.0,75.0,47,1.05,0,0,293.98
17.26,112.0,3,3.05,1,0,1017.72
24.93,90.0,41,3.58,1,0,717.46
1.73,55.0,42,2.63,1,0,141.06
3.19,74.0,38,2.3,0,1,146.8
2.85,94.0,47,2.17,0,0,125.23
10.56,96.0,20,2.48,1,0,403.03
20.72,46.0,10,1.27,0,0,528.84
21.26,48.0,16,1.44,0,0,506.64
18.69,74.0,41,1.11,0,1,510.89
22.53,58.0,54,2.53,0,0,457.07
8.75,56.0,48,2.07,0,0,247.16
3.12,49.0,44,2.57,0,0,125.58
2.4,,59,1.58,0,0,116.43
21.45,79.0,1,3.41,1,0,1264.59
18.53,57.0,39,1.62,0,1,503.07
17.77,41.0,8,1.24,0,0,453.77
9.15,97.0,44,2.07,0,1,342.53
10.12,48.0,54,2.89,0,1,321.0
23.99,72.0,2,2.63,1,0,1338.58
2.53,69.0,1,2.83,1,0,328.0
19.57,65.0,6,2.7,1,0,804.17
8.43,82.0,45,2.71,1,0,287.15
1.94,94.0,2,2.23,1,0,303.76
18.82,53.0,45,1.84,0,0,395.37
8.94,87.0,35,1.99,0,0,249.9
18.33,85.0,25,2.49,0,1,591.11
17.98,12.0,35,1.28,0,0,334.6
13.83,16.0,36,2.14,0,0,284.15
19.66,94.0,24,2.32,0,0,499.78
14.94,67.0,51,1.77,0,0,306.39
7.88,19.0,23,2.1,0,0,181.43
18.62,19.0,51,2.42,0,0,353.68
15.14,90.0,34,1.93,0,0,376.18
1.31,81.0,45,2.47,1,1,181.41
22.64,43.0,13,2.65,0,0,553.98
14.1,121.0,14,3.78,1,0,630.07
21.85,65.0,12,2.23,1,0,706.76
22.19,69.0,52,2.78,0,0,469.86
11.68,11.0,17,2.09,0,0,282.46
13.18,82.0,34,1.9,0,0,306.8
10.98,84.0,41,3.59,1,0,351.98
11.79,14.0,33,2.82,0,0,266.32
22.48,35.0,56,1.55,0,0,387.89
19.92,88.0,55,1.72,0,0,401.36
4.04,34.0,34,2.7,0,0,120.17
15.65,65.0,41,2.78,1,0,432.16
24.9,96.0,9,1.58,0,0,848.54
15.29,94.0,8,2.92,0,0,628.3
19.86,31.0,54,,0,0,351.08
19.46,58.0,40,3.02,1,0,563.06
9.41,49.0,25,2.66,1,0,297.38
9.92,51.0,46,1.9,0,0,227.41
18.38,40.0,37,1.21,0,0,347.92
13.0,40.0,53,1.51,0,0,256.97
14.69,84.0,5,1.33,0,0,657.71
18.11,120.0,13,3.3,1,1,916.16
19.66,95.0,19,2.4,0,0,556.25
7.52,99.0,6,2.59,0,0,433.58
4.52,45.0,8,2.4,0,0,188.35
8.0,75.0,7,1.26,0,0,346.94
13.18,41.0,27,2.96,0,1,404.51
9.21,76.0,44,1.38,0,1,301.44
14.64,72.0,47,1.7,0,0,301.81
2.28,62.0,47,3.21,1,0,149.91
13.23,59.0,10,1.28,0,0,408.09
9.83,74.0,34,1.34,0,0,228.8
13.83,78.0,27,2.75,0,1,446.9
11.14,53.0,45,1.66,0,0,259.12
7.82,67.0,53,2.33,0,0,216.21
22.7,66.0,19,2.72,0,1,726.32
5.43,46.0,49,2.95,0,0,154.6
17.35,74.0,51,1.42,0,0,372.0
23.19,,54,1.25,0,1,565.63
13.93,14.0,21,2.48,0,0,274.73
22.03,121.0,3,,1,0,1247.41
4.0,35.0,6,2.16,0,0,179.5
12.85,42.0,54,2.07,0,0,288.04
11.97,51.0,57,2.12,0,0,254.56
1.19,97.0,45,2.3,0,0,69.92
11.64,66.0,23,3.5,1,0,385.52
9.86,63.0,55,1.54,0,0,213.99
17.08,92.0,46,2.11,0,0,377.49
23.52,91.0,50,1.67,0,1,624.42
3.06,88.0,35,1.64,0,0,178.56
8.86,84.0,36,1.04,0,1,326.0
11.66,33.0,5,2.2,0,0,389.85
11.92,12.0,34,2.95,0,0,268.59
19.6,48.0,32,2.52,0,0,399.64
11.64,110.0,20,2.29,1,0,467.92
1.65,21.0,22,2.43,0,1,140.44
18.04,42.0,5,1.59,0,0,557.91
22.24,31.0,45,2.51,0,0,455.14
13.33,74.0,46,3.51,1,0,379.61
14.95,23.0,52,1.67,0,0,274.37
4.91,65.0,13,1.8,1,0,244.03
6.3,92.0,39,1.61,0,0,205.25
6.64,94.0,37,1.41,0,1,254.98
11.34,93.0,2,3.04,1,0,750.68
23.28,80.0,46,2.38,1,0,621.21
13.52,54.0,53,1.07,0,1,374.74
5.61,40.0,31,2.06,0,1,232.91
7.39,78.0,41,2.75,0,0,213.49
10.22,26.0,46,1.9,0,0,222.43
15.96,99.0,2,2.55,1,0,980.89
11.56,13.0,48,1.36,0,0,225.04
10.42,19.0,52,1.77,0,0,195.45
14.55,18.0,36,1.66,0,0,269.18
6.8,70.0,23,2.99,0,0,249.82
2.89,99.0,34,1.06,0,0,139.84
1.59,31.0,40,1.48,0,0,116.2
7.03,30.0,14,1.14,0,1,284.01
3.2,62.0,30,3.51,1,1,226.41
9.07,70.0,20,1.83,0,0,265.61
19.55,21.0,7,2.59,0,0,467.32
18.19,26.0,26,2.38,0,0,354.07
15.66,64.0,55,2.86,0,0,352.45
21.46,30.0,26,1.05,0,0,403.65
7.77,93.0,15,2.21,1,0,350.59
22.24,86.0,24,3.2,1,0,687.61
10.58,80.0,21,2.97,1,0,388.03
10.62,24.0,6,2.39,0,0,301.73
10.73,98.0,2,2.95,1,1,692.94
3.35,24.0,47,,0,0,111.46
24.41,38.0,27,2.87,0,1,689.17
4.32,20.0,43,2.84,0,0,148.69
9.18,38.0,42,1.08,0,0,191.51
8.66,95.0,45,1.83,0,1,297.99
2.79,99.0,40,2.02,0,0,131.57
4.65,91.0,18,1.72,0,1,249.9
2.08,98.0,57,1.1,0,0,119.14
8.02,94.0,35,1.94,0,0,234.34
21.8,127.0,41,3.75,1,0,685.89
9.15,95.0,45,1.94,1,0,251.01
3.97,62.0,23,2.63,0,0,165.62
16.5,12.0,34,1.39,0,1,415.85
24.92,22.0,20,2.15,0,0,472.17
6.58,47.0,16,1.77,0,0,211.36
7.71,109.0,18,2.5,1,0,339.79
24.32,20.0,46,2.74,0,1,599.53
5.29,62.0,32,3.75,1,0,231.56
13.27,112.0,26,2.57,1,0,454.84
6.75,65.0,54,2.28,0,0,187.68
23.38,56.0,13,2.91,1,1,905.71
24.56,,44,1.15,0,1,559.43
20.55,92.0,51,1.08,0,1,545.02
8.55,67.0,1,3.35,1,0,617.91
10.68,88.0,49,1.79,0,0,242.82
6.82,28.0,50,1.62,0,0,143.08
22.38,96.0,51,2.97,0,0,507.82
22.95,43.0,1,1.97,1,0,1233.93
11.05,56.0,55,1.54,0,1,315.31
16.76,86.0,26,3.51,1,0,564.07
4.97,40.0,31,1.83,0,0,165.28
11.44,14.0,6,2.17,0,0,267.42
16.16,42.0,41,1.1,0,0,307.86
10.25,57.0,41,2.84,0,0,261.23
9.58,41.0,26,1.27,0,0,227.08
1.02,118.0,28,2.23,1,0,132.01
20.3,68.0,31,1.31,0,0,411.57
22.34,103.0,11,2.8,1,0,924.78
24.27,56.0,43,2.63,0,1,698.77
18.26,18.0,27,1.53,0,1,466.43
14.17,44.0,14,1.28,0,0,336.97
7.46,56.0,26,1.82,0,0,193.18
24.98,97.0,19,2.96,0,0,690.86
15.15,91.0,54,1.02,0,0,292.05
17.35,56.0,34,2.81,1,0,535.27
17.38,10.0,40,2.34,0,0,308.85
21.29,64.0,47,2.61,0,0,436.49
1.23,50.0,33,3.29,1,0,117.43
6.29,72.0,10,1.95,1,0,293.93
16.97,109.0,49,2.72,1,0,526.94
22.48,95.0,22,1.96,1,0,703.34
17.45,73.0,39,2.24,0,0,390.44
10.92,97.0,26,1.95,1,0,376.94
9.68,59.0,46,1.9,1,0,311.04
18.71,57.0,41,2.41,1,0,499.21
18.79,87.0,28,2.88,0,1,625.45
15.57,84.0,15,3.22,1,0,564.27
8.0,52.0,45,1.01,0,0,203.15
23.2,29.0,23,1.57,0,0,429.46
14.25,66.0,36,1.03,0,0,316.81
19.97,121.0,40,2.39,1,0,587.58
6.14,36.0,38,2.37,0,0,175.71
9.26,57.0,46,3.32,1,0,318.73
21.99,26.0,22,2.61,0,0,457.9
2.2,69.0,15,2.82,0,0,139.34
13.3,98.0,15,1.73,0,0,440.86
12.56,14.0,22,2.73,0,0,258.43
19.03,15.0,5,2.46,0,0,435.76
7.77,24.0,44,2.08,0,0,202.12
6.26,48.0,5,2.91,0,0,300.46
23.23,89.0,28,2.9,0,0,559.83
14.72,48.0,45,2.8,0,0,366.97
3.51,127.0,16,2.2,1,0,258.25
5.63,30.0,11,1.42,0,1,254.39
24.97,22.0,58,2.8,0,0,457.25
5.69,38.0,21,,0,0,182.13
15.65,44.0,43,3.39,1,0,435.26
11.08,76.0,16,,0,0,351.44
22.25,30.0,5,2.52,0,1,767.04
19.12,18.0,7,1.05,0,0,402.81
15.33,106.0,41,2.66,1,0,458.09
1.26,53.0,34,2.71,0,1,145.1
22.12,71.0,27,1.98,0,0,501.77
11.67,76.0,12,2.38,0,1,480.11
23.36,101.0,38,3.31,1,0,728.22
12.89,71.0,21,1.24,0,0,313.4
17.66,69.0,10,1.31,0,0,523.23
2.66,58.0,16,2.45,0,1,174.83
18.88,78.0,15,1.91,1,1,770.32
9.11,80.0,5,2.48,1,0,517.29
9.43,59.0,6,2.84,0,0,416.25
3.85,26.0,24,,0,0,111.93
4.52,62.0,52,2.82,0,0,126.38
5.46,64.0,24,1.62,0,1,252.9
8.88,87.0,35,2.27,0,0,255.06
22.41,114.0,30,2.37,1,0,678.81
9.84,65.0,28,1.22,0,0,244.46
18.38,10.0,26,2.98,0,0,363.18
2.99,104.0,3,2.15,1,0,371.8
15.19,73.0,53,,0,0,333.69
12.57,91.0,11,3.48,1,1,665.29
24.47,24.0,38,2.6,0,1,641.49
21.31,41.0,47,3.76,1,0,569.99
11.92,51.0,5,1.94,1,0,524.67
19.6,84.0,1,1.99,1,0,1146.78
5.63,66.0,55,1.9,0,0,172.04
14.5,51.0,53,2.18,0,0,339.01
2.79,41.0,17,1.88,1,0,130.93
9.35,96.0,52,1.32,0,1,305.16
6.42,101.0,43,3.21,1,0,261.77
18.25,43.0,59,2.34,0,1,479.35
12.76,26.0,51,1.18,0,0,214.98
19.03,50.0,49,2.86,0,0,419.48
13.37,87.0,53,1.51,0,0,286.52
3.08,114.0,34,3.57,1,0,200.91
18.65,123.0,20,3.65,1,1,862.27
21.0,80.0,13,1.98,0,0,589.94
22.68,104.0,2,2.62,1,0,1258.6
14.73,24.0,53,1.56,0,1,408.85
19.09,77.0,46,3.41,1,1,713.77
19.05,112.0,40,2.19,1,1,716.49
4.74,74.0,30,2.24,0,0,144.53
4.94,18.0,56,2.13,0,0,152.07
2.7,51.0,16,1.5,0,0,108.13
8.68,105.0,27,3.77,1,0,401.66
12.36,95.0,49,2.69,0,0,291.36
24.95,128.0,1,1.84,1,0,1416.2
11.34,,49,2.64,1,0,344.69
18.43,87.0,20,1.72,0,0,472.12
17.64,119.0,20,3.57,1,0,657.88
5.91,28.0,29,1.53,0,0,162.66
2.4,40.0,39,3.0,0,0,108.5
14.1,105.0,37,2.2,1,0,437.48
17.81,41.0,33,1.49,0,1,475.91
24.96,84.0,54,2.33,0,0,519.22
9.61,17.0,46,1.32,0,0,187.42
22.51,78.0,32,2.78,0,0,505.55
10.17,71.0,10,2.02,1,0,427.92
17.55,86.0,13,,1,0,690.98
15.36,79.0,44,2.75,0,1,479.93
2.27,17.0,10,2.68,0,1,124.42
2.88,73.0,21,2.61,1,1,252.09
1.5,13.0,7,2.03,0,0,102.34
9.9,45.0,38,1.91,0,0,239.26
18.9,83.0,11,3.77,1,0,739.21
5.15,64.0,26,,1,0,214.47
15.54,35.0,28,1.76,0,1,415.34
7.93,72.0,29,3.74,1,1,338.85
20.13,18.0,39,1.74,0,0,345.87
20.16,56.0,36,1.8,0,0,414.35
19.61,81.0,57,2.26,0,0,444.34
13.6,26.0,19,2.81,0,0,316.61
7.83,24.0,41,1.59,0,0,187.06
20.43,81.0,19,3.7,1,0,682.4
5.47,93.0,15,2.37,1,0,276.57
7.95,22.0,18,2.63,0,1,256.9
5.41,89.0,17,2.35,1,0,276.51
17.18,53.0,59,1.15,0,0,336.56
17.47,12.0,11,2.62,0,0,362.46
16.66,62.0,9,1.9,0,0,514.39
10.97,65.0,18,1.78,0,0,301.62
3.4,63.0,23,1.86,0,1,215.23
22.87,96.0,37,3.02,1,0,666.7
13.19,21.0,11,1.53,0,0,287.74
10.77,68.0,12,1.47,0,0,325.95
15.13,104.0,1,2.77,1,0,933.07
5.63,46.0,10,1.07,0,0,210.86
4.18,29.0,41,2.29,0,0,135.25
10.73,81.0,14,2.65,0,1,454.33
6.45,46.0,54,2.45,0,0,164.31
6.86,70.0,43,2.74,1,0,226.3
22.42,34.0,18,2.13,0,0,496.43
13.74,59.0,17,1.05,0,1,460.29
12.6,58.0,42,2.82,0,0,288.93
17.55,17.0,52,2.12,0,0,336.91
23.84,44.0,46,1.63,0,0,448.13
3.69,22.0,58,1.59,0,0,116.74
21.0,30.0,11,2.32,0,0,499.51
15.02,82.0,25,2.17,0,0,351.45
4.51,33.0,37,1.38,0,0,138.59
8.13,87.0,5,2.62,1,0,500.57
12.58,72.0,1,3.15,1,0,807.6
17.59,10.0,40,1.6,0,0,322.75
6.82,81.0,15,2.02,0,0,239.03
13.84,12.0,59,1.51,0,0,265.04
17.43,23.0,38,1.14,0,0,289.57
11.77,23.0,34,1.78,0,0,238.57
21.71,58.0,13,2.46,0,0,558.98
21.87,72.0,1,2.23,1,0,1262.45
12.3,13.0,50,2.51,0,0,276.84
24.35,77.0,31,3.14,1,0,713.11
2.81,34.0,22,2.01,0,1,127.29
1.08,56.0,53,2.94,0,0,110.42
10.14,52.0,23,3.57,1,0,346.79
15.43,48.0,25,2.13,0,0,373.62
16.1,64.0,8,2.92,1,0,627.09
12.43,82.0,20,1.56,0,0,342.28
4.0,82.0,20,3.64,1,0,200.13
5.09,77.0,47,3.59,1,1,258.45
21.45,44.0,35,2.48,0,0,419.11
21.83,94.0,45,2.06,1,0,577.44
17.17,59.0,15,2.41,0,0,438.53
16.94,87.0,36,1.51,0,0,412.27
15.34,,30,1.38,0,0,316.41
5.87,34.0,37,2.52,0,0,195.38
11.28,51.0,41,2.92,0,0,269.34
17.7,60.0,15,1.22,0,1,589.32
13.89,76.0,14,2.13,1,0,507.98
1.45,75.0,17,1.44,0,0,106.29
23.89,124.0,28,3.73,1,0,841.21
21.28,43.0,37,2.39,0,0,404.09
7.25,92.0,47,2.36,0,0,209.66
15.8,77.0,1,2.81,1,0,924.72
23.16,70.0,48,2.88,1,0,629.56
3.3,65.0,2,2.38,1,0,325.97
13.07,85.0,54,1.31,0,0,295.17
11.95,35.0,15,2.56,0,0,320.33
10.84,72.0,6,1.94,0,0,465.05
21.05,57.0,26,1.51,0,1,585.3
10.14,88.0,8,2.27,0,1,527.63
2.53,19.0,46,1.42,0,0,102.16
2.58,45.0,29,1.98,0,0,114.59
2.03,79.0,46,2.18,1,0,148.78
10.82,65.0,38,3.32,1,0,371.4
18.24,18.0,54,1.64,0,0,349.4
5.89,62.0,19,1.88,0,0,196.98
16.52,90.0,16,2.51,0,1,643.76
17.49,79.0,37,2.32,0,0,404.11
7.12,125.0,26,2.6,1,0,304.75
15.41,89.0,10,1.14,0,0,533.98
17.44,125.0,37,3.64,1,0,581.35
12.2,62.0,5,1.02,0,0,457.2
9.08,78.0,32,3.27,1,0,344.86
15.86,70.0,44,2.89,0,0,378.5
24.47,91.0,32,2.41,1,0,735.1
11.24,77.0,24,1.15,0,0,297.2
10.4,77.0,48,1.5,0,0,247.74
12.14,82.0,54,1.63,0,0,275.65
2.83,87.0,9,1.9,0,0,180.47
14.28,51.0,41,2.05,0,0,306.08
8.89,129.0,34,3.25,1,0,340.19
3.91,76.0,55,2.8,0,0,152.0
12.19,84.0,6,1.93,0,0,553.5
1.08,90.0,8,3.29,1,0,183.87
10.64,12.0,21,1.25,0,0,178.01
3.54,22.0,54,1.66,0,0,105.7
1.58,52.0,12,2.04,1,0,168.89
20.79,,21,2.38,0,0,497.69
22.99,33.0,44,2.82,0,0,435.87
5.98,59.0,25,3.58,1,0,220.48
13.94,83.0,46,1.65,0,0,318.35
7.67,126.0,25,2.27,1,0,306.24
12.85,64.0,40,1.55,0,0,269.51
11.48,44.0,23,1.57,0,0,283.9
7.46,87.0,36,1.16,0,1,267.94
17.81,119.0,11,2.07,1,1,931.81
4.04,69.0,18,2.23,1,0,213.68
2.27,92.0,49,1.02,0,0,96.15
19.42,42.0,44,1.09,0,0,340.73
16.98,50.0,8,2.4,0,0,498.88
12.96,75.0,9,2.24,0,0,449.01
12.23,88.0,46,3.69,1,0,404.97
12.94,47.0,47,2.6,1,0,378.15
11.49,123.0,41,2.69,1,1,487.21
10.43,12.0,56,1.14,0,1,261.76
12.99,94.0,45,1.3,0,0,331.08
13.68,74.0,5,2.38,0,0,606.34
17.61,94.0,30,,0,0,410.05
18.07,81.0,46,2.55,0,0,420.76
10.06,41.0,1,3.21,1,0,629.41
10.92,96.0,27,2.49,0,0,315.11
9.97,50.0,17,2.38,0,0,279.67
13.88,62.0,26,2.42,0,0,353.63
11.88,114.0,25,2.89,1,0,463.46
22.35,55.0,2,3.16,1,0,1214.78
17.71,18.0,34,2.05,0,0,346.19
22.57,78.0,40,2.21,1,1,776.82
18.02,73.0,16,1.44,0,0,450.47
24.3,45.0,26,1.81,0,0,463.6
16.26,32.0,47,1.03,0,0,299.76
24.13,56.0,19,2.78,0,0,554.09
4.8,58.0,34,1.54,0,0,139.31
2.26,64.0,28,1.1,0,1,137.02
14.9,19.0,53,1.85,0,0,284.13
24.6,72.0,29,2.63,0,0,560.63
11.02,35.0,57,1.79,0,0,225.15
6.09,87.0,1,2.33,1,1,493.25
13.52,39.0,5,2.09,0,0,417.92
16.57,11.0,24,2.15,0,0,316.4
8.56,38.0,49,2.52,0,0,210.09
18.15,63.0,48,2.6,0,0,396.73
24.4,41.0,30,2.41,0,0,466.15
22.53,47.0,12,,0,0,487.3
8.0,30.0,23,1.0,0,0,178.37
8.84,66.0,25,3.75,1,0,322.03
9.92,97.0,19,1.53,0,0,291.15
10.47,73.0,36,2.36,1,0,365.72
3.41,62.0,46,3.26,1,0,197.02
19.29,87.0,6,2.16,0,0,805.18
9.77,48.0,6,1.93,0,0,339.85
22.12,78.0,54,1.23,0,1,573.92
23.25,82.0,33,1.16,0,0,483.84
1.59,54.0,37,2.41,0,0,79.24
24.72,72.0,14,1.25,0,0,632.6
18.04,17.0,52,1.87,0,0,339.73
13.49,16.0,50,2.47,0,0,284.77
10.35,39.0,25,2.85,0,1,344.77
13.44,21.0,25,2.75,0,0,322.29
8.79,29.0,47,2.73,0,0,215.83
15.94,103.0,7,2.52,1,0,819.59
3.23,38.0,55,2.85,0,0,136.07
15.91,64.0,20,2.37,0,0,401.35
7.61,21.0,23,2.77,0,1,257.47
1.42,93.0,28,1.18,0,0,105.93
14.26,31.0,27,1.08,0,0,303.93
14.88,32.0,8,1.86,0,0,370.33
11.24,87.0,25,3.46,1,0,413.27
2.73,54.0,12,1.82,0,0,129.24
22.44,35.0,46,2.77,0,0,448.28
15.67,37.0,29,1.47,0,0,313.35
3.78,64.0,58,1.08,0,1,121.33
13.26,82.0,27,2.52,0,0,347.47
12.93,78.0,15,2.25,0,0,409.89
2.45,11.0,32,1.88,0,1,153.5
15.56,37.0,49,2.69,0,0,335.35
20.4,86.0,27,2.65,0,0,507.12
18.98,88.0,49,1.65,0,0,396.99
5.87,92.0,47,3.48,1,0,253.87
21.7,53.0,39,2.49,1,0,561.89
9.22,55.0,47,2.24,0,0,232.55
23.72,87.0,52,1.38,0,0,457.88
2.72,,51,1.53,0,0,104.23
12.67,113.0,30,2.7,1,0,413.35
15.33,79.0,38,1.63,0,1,453.96
6.94,29.0,52,1.26,0,0,180.6
19.51,44.0,15,1.96,0,0,411.83
16.05,57.0,53,2.02,0,0,345.28
1.43,52.0,12,1.32,0,0,103.72
15.6,29.0,38,1.35,0,0,306.98
12.8,65.0,12,1.06,0,1,469.89
5.7,42.0,46,1.86,1,0,198.15
24.9,107.0,11,2.52,1,1,1169.66
22.53,50.0,16,2.09,1,0,673.38
8.02,71.0,12,2.84,0,1,382.64
13.99,100.0,1,2.2,1,0,877.68
8.6,97.0,8,1.93,1,1,570.54
19.61,68.0,1,2.61,1,0,1106.59
23.33,47.0,31,1.38,0,0,443.16
9.61,93.0,52,1.12,0,0,230.05
20.33,97.0,53,2.51,0,0,452.41
12.96,126.0,17,2.91,1,0,563.93
10.52,31.0,58,1.11,0,0,212.2
23.52,95.0,16,1.94,0,0,669.98
13.25,50.0,56,1.08,0,0,266.56
12.22,93.0,34,1.71,0,0,308.41
17.14,102.0,2,2.53,1,0,1032.45
7.27,47.0,44,2.65,0,0,200.31
8.8,59.0,6,2.47,0,0,356.76
23.37,46.0,1,3.59,1,0,1322.59
17.28,33.0,17,1.28,0,0,361.74
20.84,85.0,11,2.87,1,0,796.81
7.51,34.0,39,1.04,0,0,186.39
14.05,87.0,19,2.65,0,0,422.89
24.31,38.0,16,1.73,0,0,509.98
8.65,76.0,39,1.14,0,0,223.89
4.85,89.0,46,1.65,0,0,146.85
13.26,124.0,42,2.37,1,0,412.91
10.31,31.0,55,2.53,0,0,221.48
4.83,94.0,7,1.25,0,0,272.72
22.33,125.0,4,2.91,1,0,1240.65
24.78,18.0,6,,0,0,532.64
14.65,96.0,19,2.48,0,0,430.89
19.59,58.0,59,2.87,0,1,559.41
21.62,82.0,11,1.0,0,0,648.45
17.82,45.0,24,1.71,0,0,375.45
2.06,44.0,2,2.54,1,0,235.93
4.78,99.0,51,1.07,0,0,163.28
2.7,13.0,30,2.63,0,0,105.72
1.24,33.0,12,2.38,0,0,128.52
8.34,50.0,34,2.06,0,0,223.26
10.42,53.0,39,2.61,1,0,306.82
6.78,21.0,24,2.79,0,0,190.65
2.55,121.0,48,2.33,1,0,147.44
13.72,53.0,58,1.67,0,0,283.26
7.56,18.0,35,2.91,0,0,175.62
20.1,105.0,23,1.93,1,0,637.59
1.19,47.0,57,2.56,0,1,142.27
21.22,86.0,34,2.44,0,0,512.56
23.91,96.0,25,3.6,1,1,926.21
18.19,56.0,8,1.18,0,0,519.56
18.61,64.0,33,2.94,0,0,424.15
23.41,97.0,48,1.06,0,0,474.92
6.02,41.0,24,2.48,1,0,209.12
24.87,92.0,26,1.17,0,0,551.42
19.56,57.0,49,1.9,1,0,493.66
18.44,75.0,36,2.93,0,0,434.56
9.67,129.0,6,,1,0,676.87
14.1,66.0,34,2.01,0,0,331.27
16.69,73.0,9,1.22,0,0,563.66
15.89,97.0,6,2.05,0,0,727.19
17.92,36.0,10,1.64,0,0,422.23
2.98,62.0,47,1.54,0,1,137.57
9.54,68.0,47,2.24,0,0,226.3
11.42,68.0,29,,1,0,392.68
7.26,81.0,14,1.89,0,0,291.99
5.14,53.0,10,2.79,1,0,284.01
4.33,77.0,52,2.3,0,0,136.64
9.79,52.0,26,1.25,0,0,245.35
12.84,68.0,45,3.46,1,0,409.74
2.51,96.0,8,3.47,1,0,250.77
23.71,42.0,44,2.08,0,0,461.05
19.37,30.0,20,1.38,0,1,515.73
18.54,50.0,52,2.0,0,0,352.2
5.15,10.0,43,1.21,0,0,122.77
15.49,66.0,1,3.33,1,0,930.15
13.71,11.0,20,1.62,0,0,274.05
24.58,73.0,24,1.62,0,0,530.92
18.94,60.0,36,2.89,0,0,425.44
14.82,63.0,6,1.84,0,0,565.32
21.42,83.0,26,2.58,0,0,545.16
4.72,113.0,1,3.07,1,0,437.61
1.37,39.0,6,1.63,0,0,127.52
17.57,10.0,53,1.25,0,0,300.13
3.36,68.0,33,3.4,1,0,178.22
3.77,22.0,48,2.53,0,0,137.99
18.87,112.0,35,2.14,1,0,577.12
7.49,52.0,36,1.5,0,0,182.33
16.09,50.0,15,2.53,0,0,428.43
23.02,84.0,30,2.97,0,0,529.23
8.6,127.0,45,3.49,1,1,384.78
6.21,128.0,25,3.17,1,0,278.4
3.56,67.0,19,2.83,0,0,144.37
4.13,86.0,16,1.57,0,0,192.77
2.49,23.0,58,1.02,0,0,88.26
3.1,50.0,30,1.64,0,0,109.85
11.37,106.0,41,3.74,1,0,413.47
8.7,63.0,53,2.76,0,1,281.77
17.96,15.0,15,1.1,0,1,463.95
21.89,55.0,53,2.0,0,0,406.77
19.83,86.0,26,1.16,0,0,462.72
13.74,40.0,22,3.38,1,0,436.25
3.46,38.0,26,1.75,0,0,136.52
18.03,87.0,25,2.82,0,0,476.74
9.71,85.0,48,1.11,0,0,245.91
3.06,35.0,58,2.47,0,0,113.22
21.22,67.0,14,1.8,0,0,541.35
9.12,126.0,47,2.34,1,0,318.97
6.24,12.0,42,2.03,0,0,141.68
21.91,,29,1.97,0,0,474.42
22.65,53.0,33,2.5,1,0,615.07
9.14,32.0,18,2.3,0,0,256.96
9.52,71.0,52,2.32,0,0,227.21
14.91,19.0,39,1.15,0,0,281.0
18.6,13.0,13,2.19,0,0,360.8
2.52,48.0,42,2.42,0,0,112.3
15.24,83.0,41,1.15,0,0,318.62
23.87,97.0,8,2.32,0,0,930.61
7.29,43.0,19,2.61,0,0,204.64
22.81,97.0,33,2.66,0,0,545.44
23.8,34.0,14,1.08,0,1,640.71
7.46,61.0,37,2.39,0,0,208.53
19.1,54.0,1,3.39,1,0,1107.7
6.73,51.0,47,2.59,1,0,268.3
18.7,10.0,21,2.09,0,0,347.79
20.14,48.0,1,2.33,1,0,1171.47
6.93,68.0,14,1.62,0,0,229.19
18.18,53.0,1,2.8,1,0,1068.23
20.49,40.0,46,1.3,0,0,384.58
9.61,97.0,24,,0,0,287.23
5.02,,1,2.4,1,0,453.65
3.21,102.0,3,2.28,1,1,360.56
14.81,19.0,36,1.97,0,0,279.63
24.47,82.0,22,3.48,1,0,753.08
20.75,27.0,32,1.48,0,0,375.11
11.46,76.0,6,2.32,0,0,492.86
13.88,68.0,8,1.51,0,1,582.92
7.71,85.0,21,1.28,0,0,241.89
4.91,62.0,1,3.69,1,1,434.98
12.57,125.0,2,3.07,1,1,798.47
12.12,84.0,50,1.21,0,1,367.21
13.53,55.0,16,2.27,0,1,468.16
23.87,88.0,13,2.15,1,0,851.2
15.49,32.0,33,2.78,0,0,331.31
15.54,21.0,36,1.49,0,0,312.55
4.07,38.0,32,2.61,0,0,144.77
24.92,98.0,9,1.4,0,0,849.85
19.55,127.0,37,2.92,1,0,628.77
22.05,68.0,53,2.82,0,0,478.4
10.94,62.0,16,1.59,0,0,310.96
13.05,107.0,1,1.96,1,0,841.96
13.53,72.0,37,2.11,0,0,321.45
5.66,38.0,57,1.34,0,0,139.67
17.55,12.0,35,2.46,0,0,348.33
22.67,98.0,29,2.18,0,0,506.61
4.93,76.0,1,2.49,1,0,427.78
3.07,72.0,43,2.41,0,0,132.95
18.72,,19,2.28,1,1,699.05
7.56,58.0,33,2.83,0,0,207.6
15.97,95.0,15,1.69,0,1,613.95
17.7,86.0,25,2.53,0,0,431.08
8.73,42.0,17,2.32,1,0,314.22
20.56,31.0,10,2.43,0,0,496.78
14.2,45.0,42,1.06,0,0,274.17
21.86,19.0,27,1.59,0,0,376.82
19.32,18.0,14,1.19,0,0,352.18
21.85,65.0,39,1.9,0,0,464.18
1.48,64.0,9,1.87,0,0,134.71
6.84,58.0,12,2.52,1,0,297.45
3.16,111.0,15,3.76,1,0,220.29
11.61,42.0,19,1.49,0,0,281.27
22.36,29.0,16,2.58,0,0,463.43
12.22,44.0,44,1.89,0,0,230.43
21.39,40.0,11,1.67,0,0,494.21
8.85,92.0,32,1.41,0,0,246.4
9.15,59.0,39,2.27,0,0,228.35
22.49,85.0,1,2.47,1,0,1265.17
11.22,87.0,22,2.63,0,1,405.89
19.95,19.0,52,2.94,0,0,392.1
6.68,106.0,14,2.25,1,0,351.03
23.77,73.0,20,2.06,1,0,741.31
14.79,60.0,38,1.63,0,0,292.65
19.22,92.0,43,1.93,0,0,414.45
3.15,48.0,41,1.6,0,0,126.23
12.82,99.0,18,2.94,0,0,413.3
22.62,107.0,9,3.36,1,0,1049.3
22.05,51.0,10,3.73,1,0,750.6
2.12,65.0,17,2.55,1,0,175.12
8.29,80.0,38,1.61,0,0,200.26
11.64,76.0,24,1.81,0,0,342.47
5.13,99.0,23,2.05,0,0,214.68
